Song,ARTIST,Release Year,COMBINED,PlayCount
Levon,Elton John,1971,Levon by Elton John,8
Rock Around the Clock,Bill Haley,1955,Rock Around the Clock by Bill Haley,1
JOHNNY B. GOODE,Chuck Berry,1958,JOHNNY B. GOODE by Chuck Berry,2
Cry For A Shadow,The Beatles,1961,Cry For A Shadow by The Beatles,1
Green Onions,Booker T. and the MG's,1962,Green Onions by Booker T. and the MG's,4
Love Me Do,The Beatles,1962,Love Me Do by The Beatles,1
P.s. I Love You,The Beatles,1962,P.s. I Love You by The Beatles,1
All My Loving,The Beatles,1963,All My Loving by The Beatles,4
From Me To You,The Beatles,1963,From Me To You by The Beatles,1
I Saw Her Standing There,The Beatles,1963,I Saw Her Standing There by The Beatles,3
I Want To Hold Your Hand,The Beatles,1963,I Want To Hold Your Hand by The Beatles,2
IT WON'T BE LONG,The Beatles,1963,IT WON'T BE LONG by The Beatles,1
LITTLE CHILD,The Beatles,1963,LITTLE CHILD by The Beatles,1
Please Please Me,The Beatles,1963,Please Please Me by The Beatles,2
She Loves You,The Beatles,1963,She Loves You by The Beatles,3
Twist and Shout,The Beatles,1963,Twist and Shout by The Beatles,5
Do Wah Diddy Diddy,Manfred Mann,1964,Do Wah Diddy Diddy by Manfred Mann,2
IT'S ALL OVER NOW,Rolling Stones,1964,IT'S ALL OVER NOW by Rolling Stones,1
House Of The Rising Sun,The Animals,1964,House Of The Rising Sun by The Animals,18
A Hard Day's Night,The Beatles,1964,A Hard Day's Night by The Beatles,5
ANYTIME AT ALL,The Beatles,1964,ANYTIME AT ALL by The Beatles,1
Can't Buy Me Love,The Beatles,1964,Can't Buy Me Love by The Beatles,5
Eight Days A Week,The Beatles,1964,Eight Days A Week by The Beatles,6
I Feel Fine,The Beatles,1964,I Feel Fine by The Beatles,5
I'll Follow The Sun,The Beatles,1964,I'll Follow The Sun by The Beatles,1
I'm A Loser,The Beatles,1964,I'm A Loser by The Beatles,2
SHE'S A WOMAN,The Beatles,1964,SHE'S A WOMAN by The Beatles,1
Things We Said Today,The Beatles,1964,Things We Said Today by The Beatles,2
All Day And All Of The Night,The Kinks,1964,All Day And All Of The Night by The Kinks,7
You Really Got Me,The Kinks,1964,You Really Got Me by The Kinks,20
Don't Let Me Be Misunderstood,Animals II,1965,Don't Let Me Be Misunderstood by Animals II,1
Like a Rolling Stone,Bob Dylan,1965,Like a Rolling Stone by Bob Dylan,3
Positively 4th Street,Bob Dylan,1965,Positively 4th Street by Bob Dylan,3
Subterranean Homesick Blues,Bob Dylan,1965,Subterranean Homesick Blues by Bob Dylan,1
(I Can't Get No) Satisfaction,Rolling Stones,1965,(I Can't Get No) Satisfaction by Rolling Stones,60
Get Off My Cloud,Rolling Stones,1965,Get Off My Cloud by Rolling Stones,1
Get Off Of My Cloud,Rolling Stones,1965,Get Off Of My Cloud by Rolling Stones,17
THE LAST TIME,Rolling Stones,1965,THE LAST TIME by Rolling Stones,2
THE SPIDER AND THE FLY,Rolling Stones,1965,THE SPIDER AND THE FLY by Rolling Stones,1
BAD BOY,The Beatles,1965,BAD BOY by The Beatles,1
Day Tripper,The Beatles,1965,Day Tripper by The Beatles,2
Drive My Car,The Beatles,1965,Drive My Car by The Beatles,4
GIRL,The Beatles,1965,GIRL by The Beatles,1
Help!,The Beatles,1965,Help! by The Beatles,4
I'm Down,The Beatles,1965,I'm Down by The Beatles,1
IN MY LIFE,The Beatles,1965,IN MY LIFE by The Beatles,5
I've Just Seen A Face,The Beatles,1965,I've Just Seen A Face by The Beatles,3
Norwegian Wood,The Beatles,1965,Norwegian Wood by The Beatles,1
NOWHERE MAN,The Beatles,1965,NOWHERE MAN by The Beatles,1
The Word,The Beatles,1965,The Word by The Beatles,1
Ticket to Ride,The Beatles,1965,Ticket to Ride by The Beatles,4
We Can Work It Out,The Beatles,1965,We Can Work It Out by The Beatles,18
Yesterday,The Beatles,1965,Yesterday by The Beatles,10
You're Going To Lose That Girl,The Beatles,1965,You're Going To Lose That Girl by The Beatles,1
Tired of Waiting,The Kinks,1965,Tired of Waiting by The Kinks,1
I CAN'T EXPLAIN,The Who,1965,I CAN'T EXPLAIN by The Who,1
My Generation,The Who,1965,My Generation by The Who,50
The Kids Are Alright,The Who,1965,The Kids Are Alright by The Who,2
Don't Bring Me Down,Animals II,1966,Don't Bring Me Down by Animals II,1
Just Like A Woman,Bob Dylan,1966,Just Like A Woman by Bob Dylan,1
For What It's Worth,Buffalo Springfield,1966,For What It's Worth by Buffalo Springfield,40
I'm So Glad,Cream,1966,I'm So Glad by Cream,1
Season of the Witch,Donovan,1966,Season of the Witch by Donovan,1
Sunshine Superman,Donovan,1966,Sunshine Superman by Donovan,1
Hey Joe,Jimi Hendrix,1966,Hey Joe by Jimi Hendrix,51
Stone Free,Jimi Hendrix,1966,Stone Free by Jimi Hendrix,4
Devil With the Blue Dress On,Mitch Ryder,1966,Devil With the Blue Dress On by Mitch Ryder,1
19th Nervous Breakdown,Rolling Stones,1966,19th Nervous Breakdown by Rolling Stones,1
Mother's Little Helper,Rolling Stones,1966,Mother's Little Helper by Rolling Stones,6
Paint It Black,Rolling Stones,1966,Paint It Black by Rolling Stones,58
Under My Thumb,Rolling Stones,1966,Under My Thumb by Rolling Stones,42
The Sounds Of Silence,Simon & Garfunkel,1966,The Sounds Of Silence by Simon & Garfunkel,4
GIMME SOME LOVIN',Spencer Davis Group,1966,GIMME SOME LOVIN' by Spencer Davis Group,4
Don't Bring Me Down,The Animals,1966,Don't Bring Me Down by The Animals,1
Good Vibrations,The Beach Boys,1966,Good Vibrations by The Beach Boys,1
And Your Bird Can Sing,The Beatles,1966,And Your Bird Can Sing by The Beatles,1
Eleanor Rigby,The Beatles,1966,Eleanor Rigby by The Beatles,20
Good Day Sunshine,The Beatles,1966,Good Day Sunshine by The Beatles,1
Got To Get You Into My Life,The Beatles,1966,Got To Get You Into My Life by The Beatles,5
Paperback Writer,The Beatles,1966,Paperback Writer by The Beatles,5
Yellow Submarine,The Beatles,1966,Yellow Submarine by The Beatles,4
Eight Miles High,The Byrds,1966,Eight Miles High by The Byrds,2
Sunny Afternoon,The Kinks,1966,Sunny Afternoon by The Kinks,1
Summer In the City,The Lovin' Spoonful,1966,Summer In the City by The Lovin' Spoonful,2
CALIFORNIA DREAMIN',The Mamas,1966,CALIFORNIA DREAMIN' by The Mamas,1
Dirty Water,The Standells,1966,Dirty Water by The Standells,3
Happy Jack,The Who,1966,Happy Jack by The Who,2
Substitute,The Who,1966,Substitute by The Who,8
Mr. Soul,Buffalo Springfield,1967,Mr. Soul by Buffalo Springfield,1
Sunshine of Your Love,Cream,1967,Sunshine of Your Love by Cream,11
Tales Of Brave Ulysses,Cream,1967,Tales Of Brave Ulysses by Cream,1
Somebody to Love,Jefferson Airplane,1967,Somebody to Love by Jefferson Airplane,13
White Rabbit,Jefferson Airplane,1967,White Rabbit by Jefferson Airplane,23
Are You Experienced?,Jimi Hendrix,1967,Are You Experienced? by Jimi Hendrix,4
Fire,Jimi Hendrix,1967,Fire by Jimi Hendrix,63
Foxey Lady,Jimi Hendrix,1967,Foxey Lady by Jimi Hendrix,50
Little Wing,Jimi Hendrix,1967,Little Wing by Jimi Hendrix,6
Manic Depression,Jimi Hendrix,1967,Manic Depression by Jimi Hendrix,7
Purple Haze,Jimi Hendrix,1967,Purple Haze by Jimi Hendrix,67
Red House,Jimi Hendrix,1967,Red House by Jimi Hendrix,4
The Wind Cries Mary,Jimi Hendrix,1967,The Wind Cries Mary by Jimi Hendrix,21
Third Stone From The Sun,Jimi Hendrix,1967,Third Stone From The Sun by Jimi Hendrix,2
Conquistador,London Symphony Orchestra,1967,Conquistador by London Symphony Orchestra,2
Arnold Layne,Pink Floyd,1967,Arnold Layne by Pink Floyd,1
Astronomy Domine,Pink Floyd,1967,Astronomy Domine by Pink Floyd,3
See Emily Play,Pink Floyd,1967,See Emily Play by Pink Floyd,1
A Whiter Shade of Pale,Procol Harum,1967,A Whiter Shade of Pale by Procol Harum,3
Let's Spend the Night Together,Rolling Stones,1967,Let's Spend the Night Together by Rolling Stones,6
She's a Rainbow,Rolling Stones,1967,She's a Rainbow by Rolling Stones,1
SOUL MAN,Sam & Dave,1967,SOUL MAN by Sam & Dave,3
San Franciscan Nights,The Animals,1967,San Franciscan Nights by The Animals,1
A Day In The Life,The Beatles,1967,A Day In The Life by The Beatles,31
All You Need Is Love,The Beatles,1967,All You Need Is Love by The Beatles,3
Baby You're A Rich Man,The Beatles,1967,Baby You're A Rich Man by The Beatles,1
Fixing A Hole,The Beatles,1967,Fixing A Hole by The Beatles,2
Getting Better,The Beatles,1967,Getting Better by The Beatles,1
Hello Goodbye,The Beatles,1967,Hello Goodbye by The Beatles,26
I Am the Walrus,The Beatles,1967,I Am the Walrus by The Beatles,5
Lovely Rita,The Beatles,1967,Lovely Rita by The Beatles,2
Lucy In The Sky With Diamonds,The Beatles,1967,Lucy In The Sky With Diamonds by The Beatles,20
Magical Mystery Tour,The Beatles,1967,Magical Mystery Tour by The Beatles,6
Penny Lane,The Beatles,1967,Penny Lane by The Beatles,3
Reprise / Day in the Life,The Beatles,1967,Reprise / Day in the Life by The Beatles,12
Sgt. Pepper Inner Groove,The Beatles,1967,Sgt. Pepper Inner Groove by The Beatles,2
Sgt. Pepper/a Day In The Life,The Beatles,1967,Sgt. Pepper/a Day In The Life by The Beatles,3
Sgt. Pepper/with A Little Help From My Friends,The Beatles,1967,Sgt. Pepper/with A Little Help From My Friends by The Beatles,11
Sgt. Pepper's Lonely Hearts Club Band,The Beatles,1967,Sgt. Pepper's Lonely Hearts Club Band by The Beatles,1
Sgt. Pepper's Lonely Hearts Club Band (Reprise),The Beatles,1967,Sgt. Pepper's Lonely Hearts Club Band (Reprise) by The Beatles,3
She's Leaving Home,The Beatles,1967,She's Leaving Home by The Beatles,1
Strawberry Fields Forever,The Beatles,1967,Strawberry Fields Forever by The Beatles,7
The Fool On The Hill,The Beatles,1967,The Fool On The Hill by The Beatles,2
When I'm 64,The Beatles,1967,When I'm 64 by The Beatles,1
With a Little Help From My Friends,The Beatles,1967,With a Little Help From My Friends by The Beatles,7
YOUR MOTHER SHOULD KNOW,The Beatles,1967,YOUR MOTHER SHOULD KNOW by The Beatles,1
Back Door Man,The Doors,1967,Back Door Man by The Doors,4
Break On Through,The Doors,1967,Break On Through by The Doors,52
Light My Fire,The Doors,1967,Light My Fire by The Doors,49
Love Me Two Times,The Doors,1967,Love Me Two Times by The Doors,51
Moonlight Drive,The Doors,1967,Moonlight Drive by The Doors,17
People Are Strange,The Doors,1967,People Are Strange by The Doors,53
Roadhouse Blues,The Doors,1967,Roadhouse Blues by The Doors,49
The Crystal Ship,The Doors,1967,The Crystal Ship by The Doors,11
Twentieth Century Fox,The Doors,1967,Twentieth Century Fox by The Doors,2
When the Music's Over,The Doors,1967,When the Music's Over by The Doors,1
Waterloo Sunset,The Kinks,1967,Waterloo Sunset by The Kinks,9
Itchycoo Park,The Small Faces,1967,Itchycoo Park by The Small Faces,1
I'm A Man,The Spencer Davis Group,1967,I'm A Man by The Spencer Davis Group,1
Happy Together,Turtles,1967,Happy Together by Turtles,1
Brown Eyed Girl,Van Morrison,1967,Brown Eyed Girl by Van Morrison,55
Ramblin' Gamblin' Man,Bob Seger,1968,Ramblin' Gamblin' Man by Bob Seger,12
Goin' up the Country,Canned Heat,1968,Goin' up the Country by Canned Heat,2
On the Road Again,Canned Heat,1968,On the Road Again by Canned Heat,1
Crossroads,Cream,1968,Crossroads by Cream,22
White Room,Cream,1968,White Room by Cream,68
Suzie Q,Creedence Clearwater Revival,1968,Suzie Q by Creedence Clearwater Revival,8
Hush,Deep Purple,1968,Hush by Deep Purple,14
Kentucky Woman,Deep Purple,1968,Kentucky Woman by Deep Purple,2
In A Gadda Da Vida,Iron Butterfly,1968,In A Gadda Da Vida by Iron Butterfly,1
Piece of My Heart,Janis Joplin,1968,Piece of My Heart by Janis Joplin,28
All Along the Watchtower,Jimi Hendrix,1968,All Along the Watchtower by Jimi Hendrix,141
Crosstown Traffic,Jimi Hendrix,1968,Crosstown Traffic by Jimi Hendrix,8
Voodoo Child (Slight Return),Jimi Hendrix,1968,Voodoo Child (Slight Return) by Jimi Hendrix,2
With A Little Help From My Friends,Joe Cocker,1968,With A Little Help From My Friends by Joe Cocker,9
(Sittin' On) The Dock of the Bay,Otis Redding,1968,(Sittin' On) The Dock of the Bay by Otis Redding,5
Set The Controls For The Heart Of The Sun,Pink Floyd,1968,Set The Controls For The Heart Of The Sun by Pink Floyd,1
Jumpin' Jack Flash,Rolling Stones,1968,Jumpin' Jack Flash by Rolling Stones,72
Street Fighting Man,Rolling Stones,1968,Street Fighting Man by Rolling Stones,8
Sympathy For The Devil,Rolling Stones,1968,Sympathy For The Devil by Rolling Stones,81
America,Simon & Garfunkel,1968,America by Simon & Garfunkel,1
Mrs. Robinson,Simon & Garfunkel,1968,Mrs. Robinson by Simon & Garfunkel,13
Born to Be Wild,Steppenwolf,1968,Born to Be Wild by Steppenwolf,53
Magic Carpet Ride,Steppenwolf,1968,Magic Carpet Ride by Steppenwolf,65
Journey to the Center of the Mind,The Amboy Dukes,1968,Journey to the Center of the Mind by The Amboy Dukes,1
Monterey,The Animals,1968,Monterey by The Animals,3
Chest Fever,The Band,1968,Chest Fever by The Band,1
The Weight,The Band,1968,The Weight by The Band,24
Back In the U.S.S.R.,The Beatles,1968,Back In the U.S.S.R. by The Beatles,28
Blackbird,The Beatles,1968,Blackbird by The Beatles,3
Dear Prudence,The Beatles,1968,Dear Prudence by The Beatles,1
Everybody's Got Something To Hide Except Me And My Monk,The Beatles,1968,Everybody's Got Something To Hide Except Me And My Monk by The Beatles,1
Helter Skelter,The Beatles,1968,Helter Skelter by The Beatles,5
Hey Jude,The Beatles,1968,Hey Jude by The Beatles,22
Lady Madonna,The Beatles,1968,Lady Madonna by The Beatles,7
"Ob-la-di, Ob-la-da",The Beatles,1968,"Ob-la-di, Ob-la-da by The Beatles",13
Revolution,The Beatles,1968,Revolution by The Beatles,55
Rocky Raccoon,The Beatles,1968,Rocky Raccoon by The Beatles,3
THE CONTINUING STORY OF BUNG,The Beatles,1968,THE CONTINUING STORY OF BUNG by The Beatles,1
While My Guitar Gently Weeps,The Beatles,1968,While My Guitar Gently Weeps by The Beatles,29
Wild Honey Pie,The Beatles,1968,Wild Honey Pie by The Beatles,1
Five To One,The Doors,1968,Five To One by The Doors,5
"Hello, I Love You",The Doors,1968,"Hello, I Love You by The Doors",35
Ride My See Saw,The Moody Blues,1968,Ride My See Saw by The Moody Blues,1
I Can See For Miles,The Who,1968,I Can See For Miles by The Who,10
Magic Bus,The Who,1968,Magic Bus by The Who,12
Time of the Season,Zombies,1968,Time of the Season by Zombies,14
Can't Find My Way Home,Blind Faith,1969,Can't Find My Way Home by Blind Faith,4
Presence of the Lord,Blind Faith,1969,Presence of the Lord by Blind Faith,1
Questions 67 and 68,Chicago,1969,Questions 67 and 68 by Chicago,1
Badge,Cream,1969,Badge by Cream,13
Bad Moon Rising,Creedence Clearwater Revival,1969,Bad Moon Rising by Creedence Clearwater Revival,32
Born On the Bayou,Creedence Clearwater Revival,1969,Born On the Bayou by Creedence Clearwater Revival,25
Down On the Corner,Creedence Clearwater Revival,1969,Down On the Corner by Creedence Clearwater Revival,30
Green River,Creedence Clearwater Revival,1969,Green River by Creedence Clearwater Revival,3
Lodi,Creedence Clearwater Revival,1969,Lodi by Creedence Clearwater Revival,5
Proud Mary,Creedence Clearwater Revival,1969,Proud Mary by Creedence Clearwater Revival,48
Helplessly Hoping,"Crosby, Stills & Nash",1969,"Helplessly Hoping by Crosby, Stills & Nash",1
Long Time Gone,"Crosby, Stills & Nash",1969,"Long Time Gone by Crosby, Stills & Nash",1
Suite: Judy Blue Eyes,"Crosby, Stills & Nash",1969,"Suite: Judy Blue Eyes by Crosby, Stills & Nash",10
Space Oddity,David Bowie,1969,Space Oddity by David Bowie,47
Oh Well,Fleetwood Mac,1969,Oh Well by Fleetwood Mac,10
Uncle John's Band,Grateful Dead,1969,Uncle John's Band by Grateful Dead,9
THESE EYES,Guess Who,1969,THESE EYES by Guess Who,1
Living In The Past,Jethro Tull,1969,Living In The Past by Jethro Tull,13
Babe I'm Gonna Leave You,Led Zeppelin,1969,Babe I'm Gonna Leave You by Led Zeppelin,24
Black Mountain Side,Led Zeppelin,1969,Black Mountain Side by Led Zeppelin,1
Bring It On Home,Led Zeppelin,1969,Bring It On Home by Led Zeppelin,1
Communication Breakdown,Led Zeppelin,1969,Communication Breakdown by Led Zeppelin,18
Dazed and Confused,Led Zeppelin,1969,Dazed and Confused by Led Zeppelin,15
Good Times Bad Times,Led Zeppelin,1969,Good Times Bad Times by Led Zeppelin,43
Heartbreaker/living Loving Maid {she's Just A Woman},Led Zeppelin,1969,Heartbreaker/living Loving Maid {she's Just A Woman} by Led Zeppelin,35
How Many More Times,Led Zeppelin,1969,How Many More Times by Led Zeppelin,2
I Can't Quit You Baby,Led Zeppelin,1969,I Can't Quit You Baby by Led Zeppelin,1
Living Loving Maid (She's Just a Woman),Led Zeppelin,1969,Living Loving Maid (She's Just a Woman) by Led Zeppelin,7
Moby Dick,Led Zeppelin,1969,Moby Dick by Led Zeppelin,5
Ramble On,Led Zeppelin,1969,Ramble On by Led Zeppelin,90
Thank You,Led Zeppelin,1969,Thank You by Led Zeppelin,8
The Lemon Song,Led Zeppelin,1969,The Lemon Song by Led Zeppelin,3
What Is and What Should Never Be,Led Zeppelin,1969,What Is and What Should Never Be by Led Zeppelin,40
Whole Lotta Love,Led Zeppelin,1969,Whole Lotta Love by Led Zeppelin,72
You Shook Me,Led Zeppelin,1969,You Shook Me by Led Zeppelin,3
Your Time Is Gonna Come,Led Zeppelin,1969,Your Time Is Gonna Come by Led Zeppelin,10
Cinnamon Girl,Neil Young,1969,Cinnamon Girl by Neil Young,29
Down by the River,Neil Young,1969,Down by the River by Neil Young,2
Sugar Mountain,Neil Young,1969,Sugar Mountain by Neil Young,2
Spirit In The Sky,Norman Greenbaum,1969,Spirit In The Sky by Norman Greenbaum,31
"Careful With That Axe, Eugene",Pink Floyd,1969,"Careful With That Axe, Eugene by Pink Floyd",23
A Salty Dog,Procol Harum,1969,A Salty Dog by Procol Harum,1
Gimme Shelter,Rolling Stones,1969,Gimme Shelter by Rolling Stones,96
Honky Tonk Women,Rolling Stones,1969,Honky Tonk Women by Rolling Stones,87
Let It Bleed,Rolling Stones,1969,Let It Bleed by Rolling Stones,1
Midnight Rambler,Rolling Stones,1969,Midnight Rambler by Rolling Stones,2
Monkey Man,Rolling Stones,1969,Monkey Man by Rolling Stones,4
You Can't Always Get What You Want,Rolling Stones,1969,You Can't Always Get What You Want by Rolling Stones,62
YOU GOT THE SILVER,Rolling Stones,1969,YOU GOT THE SILVER by Rolling Stones,1
Evil Ways,Santana,1969,Evil Ways by Santana,37
Jingo,Santana,1969,Jingo by Santana,1
Soul Sacrifice,Santana,1969,Soul Sacrifice by Santana,2
The Night They Drove Old Dixie Down,The Band,1969,The Night They Drove Old Dixie Down by The Band,3
Up On Cripple Creek,The Band,1969,Up On Cripple Creek by The Band,1
Birthday,The Beatles,1969,Birthday by The Beatles,12
Come Together,The Beatles,1969,Come Together by The Beatles,69
Don't Let Me Down,The Beatles,1969,Don't Let Me Down by The Beatles,1
Get Back,The Beatles,1969,Get Back by The Beatles,52
Golden Slumbers,The Beatles,1969,Golden Slumbers by The Beatles,5
Here Comes The Sun,The Beatles,1969,Here Comes The Sun by The Beatles,24
I Want You (She's So Heavy),The Beatles,1969,I Want You (She's So Heavy) by The Beatles,2
Maxwell's Silver Hammer,The Beatles,1969,Maxwell's Silver Hammer by The Beatles,2
OH DARLING,The Beatles,1969,OH DARLING by The Beatles,6
Something,The Beatles,1969,Something by The Beatles,11
Sun King,The Beatles,1969,Sun King by The Beatles,1
The Ballad Of John And Yoko,The Beatles,1969,The Ballad Of John And Yoko by The Beatles,8
You Never Give Me Your Money,The Beatles,1969,You Never Give Me Your Money by The Beatles,2
Touch Me,The Doors,1969,Touch Me by The Doors,45
I'm Free,The Who,1969,I'm Free by The Who,1
Pinball Wizard,The Who,1969,Pinball Wizard by The Who,54
We're Not Gonna Take It,The Who,1969,We're Not Gonna Take It by The Who,3
Something In the Air,Thunderclap Newman,1969,Something In the Air by Thunderclap Newman,1
In Memory Of Elizabeth Reed,Allman Brothers Band,1970,In Memory Of Elizabeth Reed by Allman Brothers Band,1
Midnight Rider,Allman Brothers Band,1970,Midnight Rider by Allman Brothers Band,21
No Matter What,Badfinger,1970,No Matter What by Badfinger,2
Fairies Wear Boots,Black Sabbath,1970,Fairies Wear Boots by Black Sabbath,1
N.i.b.,Black Sabbath,1970,N.i.b. by Black Sabbath,8
Paranoid,Black Sabbath,1970,Paranoid by Black Sabbath,105
The Wizard,Black Sabbath,1970,The Wizard by Black Sabbath,1
War Pigs,Black Sabbath,1970,War Pigs by Black Sabbath,38
25 Or 6 To 4,Chicago,1970,25 Or 6 To 4 by Chicago,14
Make Me Smile,Chicago,1970,Make Me Smile by Chicago,1
Fortunate Son,Creedence Clearwater Revival,1970,Fortunate Son by Creedence Clearwater Revival,33
Lookin' Out My Back Door,Creedence Clearwater Revival,1970,Lookin' Out My Back Door by Creedence Clearwater Revival,20
Run Through the Jungle,Creedence Clearwater Revival,1970,Run Through the Jungle by Creedence Clearwater Revival,14
Travelin' Band,Creedence Clearwater Revival,1970,Travelin' Band by Creedence Clearwater Revival,12
Up Around the Bend,Creedence Clearwater Revival,1970,Up Around the Bend by Creedence Clearwater Revival,10
Who'll Stop the Rain,Creedence Clearwater Revival,1970,Who'll Stop the Rain by Creedence Clearwater Revival,24
Carry On,"Crosby, Stills, Nash & Young",1970,"Carry On by Crosby, Stills, Nash & Young",6
Ohio,"Crosby, Stills, Nash & Young",1970,"Ohio by Crosby, Stills, Nash & Young",6
Woodstock,"Crosby, Stills, Nash & Young",1970,"Woodstock by Crosby, Stills, Nash & Young",37
I HEAR YOU KNOCKING,Dave Edmunds,1970,I HEAR YOU KNOCKING by Dave Edmunds,1
Child In Time,Deep Purple,1970,Child In Time by Deep Purple,1
Bell Bottom Blues,Derek & The Dominos,1970,Bell Bottom Blues by Derek & The Dominos,4
Layla,Derek & The Dominos,1970,Layla by Derek & The Dominos,99
WAR,Edwin Starr,1970,WAR by Edwin Starr,2
Where To Now St. Peter,Elton John,1970,Where To Now St. Peter by Elton John,1
Your Song,Elton John,1970,Your Song by Elton John,17
Lucky Man,"Emerson, Lake & Palmer",1970,"Lucky Man by Emerson, Lake & Palmer",8
After Midnight,Eric Clapton,1970,After Midnight by Eric Clapton,16
Let It Rain,Eric Clapton,1970,Let It Rain by Eric Clapton,24
Signs,Five Man Electrical Band,1970,Signs by Five Man Electrical Band,10
All Right Now,Free,1970,All Right Now by Free,97
My Sweet Lord,George Harrison,1970,My Sweet Lord by George Harrison,6
Closer To Home (I'm Your Captain),Grand Funk Railroad,1970,Closer To Home (I'm Your Captain) by Grand Funk Railroad,8
Casey Jones,Grateful Dead,1970,Casey Jones by Grateful Dead,3
Friend Of The Devil,Grateful Dead,1970,Friend Of The Devil by Grateful Dead,2
Sugar Magnolia,Grateful Dead,1970,Sugar Magnolia by Grateful Dead,3
Truckin',Grateful Dead,1970,Truckin' by Grateful Dead,19
Midnight Rider,Gregg Allman,1970,Midnight Rider by Gregg Allman,6
American Woman,Guess Who,1970,American Woman by Guess Who,80
No Sugar Tonight / New Mother Nature,Guess Who,1970,No Sugar Tonight / New Mother Nature by Guess Who,11
Funk #49,James Gang,1970,Funk #49 by James Gang,18
Dolly Dagger,Jimi Hendrix,1970,Dolly Dagger by Jimi Hendrix,3
Instant Karma,John Lennon,1970,Instant Karma by John Lennon,21
Bron-y-aur Stomp,Led Zeppelin,1970,Bron-y-aur Stomp by Led Zeppelin,2
Celebration Day,Led Zeppelin,1970,Celebration Day by Led Zeppelin,4
Friends,Led Zeppelin,1970,Friends by Led Zeppelin,2
Gallows Pole,Led Zeppelin,1970,Gallows Pole by Led Zeppelin,4
Hats Off To {roy} Harper,Led Zeppelin,1970,Hats Off To {roy} Harper by Led Zeppelin,8
Hey Hey What Can I Do,Led Zeppelin,1970,Hey Hey What Can I Do by Led Zeppelin,32
Immigrant Song,Led Zeppelin,1970,Immigrant Song by Led Zeppelin,87
Out On The Tiles,Led Zeppelin,1970,Out On The Tiles by Led Zeppelin,6
Since I've Been Loving You,Led Zeppelin,1970,Since I've Been Loving You by Led Zeppelin,11
TANGERINE,Led Zeppelin,1970,TANGERINE by Led Zeppelin,1
That's the Way,Led Zeppelin,1970,That's the Way by Led Zeppelin,1
Sweet Jane (Live),Lou Reed,1970,Sweet Jane (Live) by Lou Reed,1
Mississippi Queen,Mountain,1970,Mississippi Queen by Mountain,25
In the Summertime,Mungo Jerry,1970,In the Summertime by Mungo Jerry,2
Southern Man,Neil Young,1970,Southern Man by Neil Young,16
Maybe I'm Amazed,Paul McCartney & Wings,1970,Maybe I'm Amazed by Paul McCartney & Wings,53
Black Magic Woman,Santana,1970,Black Magic Woman by Santana,61
Oye Como Va,Santana,1970,Oye Como Va by Santana,37
Cecilia,Simon & Garfunkel,1970,Cecilia by Simon & Garfunkel,6
Green Eyed Lady,Sugarloaf,1970,Green Eyed Lady by Sugarloaf,5
Across The Universe,The Beatles,1970,Across The Universe by The Beatles,1
I've Got A Feeling,The Beatles,1970,I've Got A Feeling by The Beatles,3
Let It Be,The Beatles,1970,Let It Be by The Beatles,31
The Long And Winding Road,The Beatles,1970,The Long And Winding Road by The Beatles,2
Two Of Us,The Beatles,1970,Two Of Us by The Beatles,2
Peace Frog,The Doors,1970,Peace Frog by The Doors,9
Waiting For The Sun,The Doors,1970,Waiting For The Sun by The Doors,17
Funk #49,The James Gang,1970,Funk #49 by The James Gang,4
Lola,The Kinks,1970,Lola by The Kinks,40
Question,The Moody Blues,1970,Question by The Moody Blues,2
THE SEEKER,The Who,1970,THE SEEKER by The Who,1
We Gotta Get You a Woman,Todd Rundgren,1970,We Gotta Get You a Woman by Todd Rundgren,1
CRAZY LOVE,Van Morrison,1970,CRAZY LOVE by Van Morrison,1
Domino,Van Morrison,1970,Domino by Van Morrison,1
Into The Mystic,Van Morrison,1970,Into The Mystic by Van Morrison,1
Moondance,Van Morrison,1970,Moondance by Van Morrison,14
Spill the Wine,War,1970,Spill the Wine by War,2
Eighteen,Alice Cooper,1971,Eighteen by Alice Cooper,4
I'm Eighteen,Alice Cooper,1971,I'm Eighteen by Alice Cooper,24
Under My Wheels,Alice Cooper,1971,Under My Wheels by Alice Cooper,18
Statesboro Blues,Allman Brothers Band,1971,Statesboro Blues by Allman Brothers Band,4
AIN'T NO SUNSHINE,Bill Withers,1971,AIN'T NO SUNSHINE by Bill Withers,1
Sweet Leaf,Black Sabbath,1971,Sweet Leaf by Black Sabbath,34
IT'S TOO LATE,Carole King,1971,IT'S TOO LATE by Carole King,1
WILD WORLD,Cat Stevens,1971,WILD WORLD by Cat Stevens,2
Hot Rod Lincoln,Commander Cody,1971,Hot Rod Lincoln by Commander Cody,2
Have You Ever Seen the Rain?,Creedence Clearwater Revival,1971,Have You Ever Seen the Rain? by Creedence Clearwater Revival,57
Sweet Hitch Hiker,Creedence Clearwater Revival,1971,Sweet Hitch Hiker by Creedence Clearwater Revival,1
Changes,David Bowie,1971,Changes by David Bowie,33
American Pie,Don McLean,1971,American Pie by Don McLean,21
Madman Across The Water,Elton John,1971,Madman Across The Water by Elton John,1
Tiny Dancer,Elton John,1971,Tiny Dancer by Elton John,51
Stay With Me,Faces,1971,Stay With Me by Faces,19
Hocus Pocus,Focus,1971,Hocus Pocus by Focus,6
Maggot Brain,Funkadelic,1971,Maggot Brain by Funkadelic,1
Long Cool Woman,Hollies,1971,Long Cool Woman by Hollies,39
YOU'VE GOT A FRIEND,JAMES TAYLOR,1971,YOU'VE GOT A FRIEND by JAMES TAYLOR,1
Get It While You Can,Janis Joplin,1971,Get It While You Can by Janis Joplin,1
Me and Bobby McGee,Janis Joplin,1971,Me and Bobby McGee by Janis Joplin,23
Move Over,Janis Joplin,1971,Move Over by Janis Joplin,2
Aqualung,Jethro Tull,1971,Aqualung by Jethro Tull,21
Cross-eyed Mary,Jethro Tull,1971,Cross-eyed Mary by Jethro Tull,12
Locomotive Breath,Jethro Tull,1971,Locomotive Breath by Jethro Tull,53
Angel,Jimi Hendrix,1971,Angel by Jimi Hendrix,1
Imagine,John Lennon,1971,Imagine by John Lennon,31
Black Dog,Led Zeppelin,1971,Black Dog by Led Zeppelin,105
Four Sticks,Led Zeppelin,1971,Four Sticks by Led Zeppelin,5
Going to California,Led Zeppelin,1971,Going to California by Led Zeppelin,42
Misty Mountain Hop,Led Zeppelin,1971,Misty Mountain Hop by Led Zeppelin,31
Rock and Roll,Led Zeppelin,1971,Rock and Roll by Led Zeppelin,92
Stairway to Heaven,Led Zeppelin,1971,Stairway to Heaven by Led Zeppelin,79
The Battle Of Evermore,Led Zeppelin,1971,The Battle Of Evermore by Led Zeppelin,11
When The Levee Breaks,Led Zeppelin,1971,When The Levee Breaks by Led Zeppelin,17
The Back Seat Of My Car,Paul McCartney & Linda McCartney,1971,The Back Seat Of My Car by Paul McCartney & Linda McCartney,1
Too Many People,Paul McCartney & Linda McCartney,1971,Too Many People by Paul McCartney & Linda McCartney,1
Uncle Albert/Admiral Halsey,Paul McCartney & Linda McCartney,1971,Uncle Albert/Admiral Halsey by Paul McCartney & Linda McCartney,2
Uncle Albert/Admiral Halsey,Paul McCartney & Wings,1971,Uncle Albert/Admiral Halsey by Paul McCartney & Wings,4
Fearless,Pink Floyd,1971,Fearless by Pink Floyd,17
One Of These Days,Pink Floyd,1971,One Of These Days by Pink Floyd,12
Early 1970 [*],Ringo Starr,1971,Early 1970 [*] by Ringo Starr,1
It Don't Come Easy,Ringo Starr,1971,It Don't Come Easy by Ringo Starr,5
Every Picture Tells A Story,Rod Stewart,1971,Every Picture Tells A Story by Rod Stewart,15
Maggie May,Rod Stewart,1971,Maggie May by Rod Stewart,49
Reason to Believe,Rod Stewart,1971,Reason to Believe by Rod Stewart,5
Bitch,Rolling Stones,1971,Bitch by Rolling Stones,5
Brown Sugar,Rolling Stones,1971,Brown Sugar by Rolling Stones,37
Can't You Hear Me Knocking,Rolling Stones,1971,Can't You Hear Me Knocking by Rolling Stones,5
Wild Horses,Rolling Stones,1971,Wild Horses by Rolling Stones,5
YOU GOTTA MOVE,Rolling Stones,1971,YOU GOTTA MOVE by Rolling Stones,1
No One to Depend On,Santana,1971,No One to Depend On by Santana,7
Love the One You're With,Stephen Stills,1971,Love the One You're With by Stephen Stills,14
Love The One You'Re With,Steven Stills,1971,Love The One You'Re With by Steven Stills,1
Bang a Gong (Get It On),T. Rex,1971,Bang a Gong (Get It On) by T. Rex,82
Jeepster,T. Rex,1971,Jeepster by T. Rex,1
I'd Love To Change The World,Ten Years After,1971,I'd Love To Change The World by Ten Years After,18
L.A. Woman,The Doors,1971,L.A. Woman by The Doors,31
Love Her Madly,The Doors,1971,Love Her Madly by The Doors,56
Riders On The Storm,The Doors,1971,Riders On The Storm by The Doors,43
The Changeling,The Doors,1971,The Changeling by The Doors,1
Apeman,The Kinks,1971,Apeman by The Kinks,2
The Story In Your Eyes,The Moody Blues,1971,The Story In Your Eyes by The Moody Blues,1
Baba O'Reilly,The Who,1971,Baba O'Reilly by The Who,85
Bargain,The Who,1971,Bargain by The Who,35
Behind Blue Eyes,The Who,1971,Behind Blue Eyes by The Who,75
Going Mobile,The Who,1971,Going Mobile by The Who,12
THE SONG IS OVER,The Who,1971,THE SONG IS OVER by The Who,1
Won't Get Fooled Again,The Who,1971,Won't Get Fooled Again by The Who,56
Wild Night,Van Morrison,1971,Wild Night by Van Morrison,5
I've Seen All Good People,Yes,1971,I've Seen All Good People by Yes,34
Roundabout,Yes,1971,Roundabout by Yes,44
Starship Trooper,Yes,1971,Starship Trooper by Yes,1
Yours Is No Disgrace,Yes,1971,Yours Is No Disgrace by Yes,1
School's Out,Alice Cooper,1972,School's Out by Alice Cooper,44
Ain't Wastin' Time No More,Allman Brothers Band,1972,Ain't Wastin' Time No More by Allman Brothers Band,1
Blue Sky,Allman Brothers Band,1972,Blue Sky by Allman Brothers Band,1
Melissa,Allman Brothers Band,1972,Melissa by Allman Brothers Band,6
A Horse With No Name,America,1972,A Horse With No Name by America,26
Ventura Highway,America,1972,Ventura Highway by America,1
Hold Your Head Up,Argent,1972,Hold Your Head Up by Argent,11
Iron Man,Black Sabbath,1972,Iron Man by Black Sabbath,40
Saturday In the Park,Chicago,1972,Saturday In the Park by Chicago,2
Starman,David Bowie,1972,Starman by David Bowie,1
Suffragette City,David Bowie,1972,Suffragette City by David Bowie,18
Ziggy Stardust,David Bowie,1972,Ziggy Stardust by David Bowie,7
Highway Star,Deep Purple,1972,Highway Star by Deep Purple,22
Lazy,Deep Purple,1972,Lazy by Deep Purple,1
Smoke On The Water,Deep Purple,1972,Smoke On The Water by Deep Purple,43
Peaceful Easy Feeling,Eagles,1972,Peaceful Easy Feeling by Eagles,16
Take It Easy,Eagles,1972,Take It Easy by Eagles,75
Witchy Woman,Eagles,1972,Witchy Woman by Eagles,14
Crocodile Rock,Elton John,1972,Crocodile Rock by Elton John,7
Honky Cat,Elton John,1972,Honky Cat by Elton John,2
Rocket Man,Elton John,1972,Rocket Man by Elton John,68
From the Beginning,"Emerson, Lake & Palmer",1972,"From the Beginning by Emerson, Lake & Palmer",1
30 Days In the Hole,Humble Pie,1972,30 Days In the Hole by Humble Pie,2
Doctor My Eyes,Jackson Browne,1972,Doctor My Eyes by Jackson Browne,9
Teacher,Jethro Tull,1972,Teacher by Jethro Tull,17
TIME IN A BOTTLE,Jim Croce,1972,TIME IN A BOTTLE by Jim Croce,1
I CAN SEE CLEARLY NOW,Johnny Nash,1972,I CAN SEE CLEARLY NOW by Johnny Nash,2
Walk On The Wild Side,Lou Reed,1972,Walk On The Wild Side by Lou Reed,31
All the Young Dudes,Mott the Hoople,1972,All the Young Dudes by Mott the Hoople,12
Heart of Gold,Neil Young,1972,Heart of Gold by Neil Young,17
Old Man,Neil Young,1972,Old Man by Neil Young,13
The Needle and the Damage Done,Neil Young,1972,The Needle and the Damage Done by Neil Young,4
Me And Julio Down By The Schoolyard,Paul Simon,1972,Me And Julio Down By The Schoolyard by Paul Simon,6
Back Off Boogaloo,Ringo Starr,1972,Back Off Boogaloo by Ringo Starr,2
You Wear It Well,Rod Stewart,1972,You Wear It Well by Rod Stewart,7
Happy,Rolling Stones,1972,Happy by Rolling Stones,4
Tumbling Dice,Rolling Stones,1972,Tumbling Dice by Rolling Stones,11
Stuck In the Middle With You,Stealers Wheel,1972,Stuck In the Middle With You by Stealers Wheel,37
Do It Again,Steely Dan,1972,Do It Again by Steely Dan,46
Reelin' in the Years,Steely Dan,1972,Reelin' in the Years by Steely Dan,40
Jesus Is Just Alright,The Doobie Brothers,1972,Jesus Is Just Alright by The Doobie Brothers,10
Listen To The Music,The Doobie Brothers,1972,Listen To The Music by The Doobie Brothers,48
Rockin' Down The Highway,The Doobie Brothers,1972,Rockin' Down The Highway by The Doobie Brothers,13
Join Together,The Who,1972,Join Together by The Who,4
Long Live Rock,The Who,1972,Long Live Rock by The Who,13
Hello It's Me,Todd Rundgren,1972,Hello It's Me by Todd Rundgren,1
I Saw the Light,Todd Rundgren,1972,I Saw the Light by Todd Rundgren,2
The Wizard,Uriah Heep,1972,The Wizard by Uriah Heep,1
The Cisco Kid,War,1972,The Cisco Kid by War,3
Long Distance Runaround,Yes,1972,Long Distance Runaround by Yes,35
Dream On,Aerosmith,1973,Dream On by Aerosmith,142
Mama Kin,Aerosmith,1973,Mama Kin by Aerosmith,5
Billion Dollar Babies,Alice Cooper,1973,Billion Dollar Babies by Alice Cooper,2
Elected,Alice Cooper,1973,Elected by Alice Cooper,1
No More Mr. Nice Guy,Alice Cooper,1973,No More Mr. Nice Guy by Alice Cooper,39
Jessica,Allman Brothers Band,1973,Jessica by Allman Brothers Band,12
Ramblin' Man,Allman Brothers Band,1973,Ramblin' Man by Allman Brothers Band,34
Let It Ride,Bachman-Turner Overdrive,1973,Let It Ride by Bachman-Turner Overdrive,13
Takin' Care Of Business,Bachman-Turner Overdrive,1973,Takin' Care Of Business by Bachman-Turner Overdrive,39
Captain Jack,Billy Joel,1973,Captain Jack by Billy Joel,7
Piano Man,Billy Joel,1973,Piano Man by Billy Joel,37
The Ballad Of Billy The Kid,Billy Joel,1973,The Ballad Of Billy The Kid by Billy Joel,2
Knockin' On Heaven's Door,Bob Dylan,1973,Knockin' On Heaven's Door by Bob Dylan,22
Turn The Page,Bob Seger,1973,Turn The Page by Bob Seger,91
Blinded By the Light,Bruce Springsteen,1973,Blinded By the Light by Bruce Springsteen,1
Growin' Up,Bruce Springsteen,1973,Growin' Up by Bruce Springsteen,1
It's Hard to Be a Saint in the City,Bruce Springsteen,1973,It's Hard to Be a Saint in the City by Bruce Springsteen,1
Rosalita (Come Out Tonight),Bruce Springsteen,1973,Rosalita (Come Out Tonight) by Bruce Springsteen,5
Spirit In The Night,Bruce Springsteen,1973,Spirit In The Night by Bruce Springsteen,5
Uneasy Rider,Charlie Daniels Band,1973,Uneasy Rider by Charlie Daniels Band,2
Feeling Stronger Every,Chicago,1973,Feeling Stronger Every by Chicago,2
Drift Away,Dobie Gray,1973,Drift Away by Dobie Gray,22
Right Place Wrong Time,Dr. John,1973,Right Place Wrong Time by Dr. John,2
Desperado,Eagles,1973,Desperado by Eagles,5
Tequila Sunrise,Eagles,1973,Tequila Sunrise by Eagles,4
Free Ride,Edgar Winter Group,1973,Free Ride by Edgar Winter Group,26
All The Girls Love Alice,Elton John,1973,All The Girls Love Alice by Elton John,1
Bennie And The Jets,Elton John,1973,Bennie And The Jets by Elton John,62
Candle in the Wind,Elton John,1973,Candle in the Wind by Elton John,14
DANIEL,Elton John,1973,DANIEL by Elton John,4
Funeral for a Friend (Love Lies Bleeding),Elton John,1973,Funeral for a Friend (Love Lies Bleeding) by Elton John,5
Goodbye Yellow Brick Road,Elton John,1973,Goodbye Yellow Brick Road by Elton John,27
Harmony,Elton John,1973,Harmony by Elton John,1
Saturday Night's Alright for Fighting,Elton John,1973,Saturday Night's Alright for Fighting by Elton John,34
Karn Evil 9,"Emerson, Lake & Palmer",1973,"Karn Evil 9 by Emerson, Lake & Palmer",11
Still You Turn Me On,"Emerson, Lake & Palmer",1973,"Still You Turn Me On by Emerson, Lake & Palmer",1
Ooh La La,Faces,1973,Ooh La La by Faces,1
Hypnotized,Fleetwood Mac,1973,Hypnotized by Fleetwood Mac,2
Wishing Well,Free,1973,Wishing Well by Free,1
Give Me Love,George Harrison,1973,Give Me Love by George Harrison,3
Are You Receiving Me,Golden Earring,1973,Are You Receiving Me by Golden Earring,1
Radar Love,Golden Earring,1973,Radar Love by Golden Earring,66
We're an American Band,Grand Funk Railroad,1973,We're an American Band by Grand Funk Railroad,25
Give It To Me,J. Geils Band,1973,Give It To Me by J. Geils Band,28
Redneck Friend,Jackson Browne,1973,Redneck Friend by Jackson Browne,1
Why Don't We Get Drunk,Jimmy Buffett,1973,Why Don't We Get Drunk by Jimmy Buffett,2
Rocky Mountain Way,Joe Walsh,1973,Rocky Mountain Way by Joe Walsh,70
Cold Gin,Kiss,1973,Cold Gin by Kiss,2
Dancing Days,Led Zeppelin,1973,Dancing Days by Led Zeppelin,28
D'Yer Mak'er,Led Zeppelin,1973,D'Yer Mak'er by Led Zeppelin,88
No Quarter,Led Zeppelin,1973,No Quarter by Led Zeppelin,3
Over the Hills and Far Away,Led Zeppelin,1973,Over the Hills and Far Away by Led Zeppelin,94
The Crunge,Led Zeppelin,1973,The Crunge by Led Zeppelin,1
The Ocean,Led Zeppelin,1973,The Ocean by Led Zeppelin,54
The Rain Song,Led Zeppelin,1973,The Rain Song by Led Zeppelin,3
The Song Remains the Same,Led Zeppelin,1973,The Song Remains the Same by Led Zeppelin,2
Dixie Chicken,Little Feat,1973,Dixie Chicken by Little Feat,20
Free Bird,Lynyrd Skynyrd,1973,Free Bird by Lynyrd Skynyrd,75
Gimme Three Steps,Lynyrd Skynyrd,1973,Gimme Three Steps by Lynyrd Skynyrd,47
Simple Man,Lynyrd Skynyrd,1973,Simple Man by Lynyrd Skynyrd,47
Tuesday's Gone,Lynyrd Skynyrd,1973,Tuesday's Gone by Lynyrd Skynyrd,31
Bad Motor Scooter,Montrose,1973,Bad Motor Scooter by Montrose,30
Rock Candy,Montrose,1973,Rock Candy by Montrose,19
Space Station #5,Montrose,1973,Space Station #5 by Montrose,1
If You Wanna Get to Heaven,Ozark Mountain Daredevils,1973,If You Wanna Get to Heaven by Ozark Mountain Daredevils,2
Band on the Run,Paul McCartney & Wings,1973,Band on the Run by Paul McCartney & Wings,50
Helen Wheels,Paul McCartney & Wings,1973,Helen Wheels by Paul McCartney & Wings,4
Jet,Paul McCartney & Wings,1973,Jet by Paul McCartney & Wings,12
Let Me Roll It,Paul McCartney & Wings,1973,Let Me Roll It by Paul McCartney & Wings,1
Live and Let Die,Paul McCartney & Wings,1973,Live and Let Die by Paul McCartney & Wings,85
My Love,Paul McCartney & Wings,1973,My Love by Paul McCartney & Wings,1
Kodachrome,Paul Simon,1973,Kodachrome by Paul Simon,2
Loves Me Like a Rock,Paul Simon,1973,Loves Me Like a Rock by Paul Simon,1
Do You Feel Like We Do,Peter Frampton,1973,Do You Feel Like We Do by Peter Frampton,37
Any Colour You Like,Pink Floyd,1973,Any Colour You Like by Pink Floyd,2
Brain Damage,Pink Floyd,1973,Brain Damage by Pink Floyd,21
Brain Damage /Eclipse,Pink Floyd,1973,Brain Damage /Eclipse by Pink Floyd,41
Breathe,Pink Floyd,1973,Breathe by Pink Floyd,9
Money,Pink Floyd,1973,Money by Pink Floyd,84
Speak to Me/Breathe,Pink Floyd,1973,Speak to Me/Breathe by Pink Floyd,30
The Great Gig In the Sky,Pink Floyd,1973,The Great Gig In the Sky by Pink Floyd,4
Time,Pink Floyd,1973,Time by Pink Floyd,74
Time/Gig in The Sky,Pink Floyd,1973,Time/Gig in The Sky by Pink Floyd,1
Us and Them,Pink Floyd,1973,Us and Them by Pink Floyd,25
Keep Yourself Alive,Queen,1973,Keep Yourself Alive by Queen,4
Photograph,Ringo Starr,1973,Photograph by Ringo Starr,4
Angie,Rolling Stones,1973,Angie by Rolling Stones,32
Doo Doo Doo Doo Doo (Heartbreaker),Rolling Stones,1973,Doo Doo Doo Doo Doo (Heartbreaker) by Rolling Stones,21
Heartbreaker,Rolling Stones,1973,Heartbreaker by Rolling Stones,3
The Joker,Steve Miller Band,1973,The Joker by Steve Miller Band,114
Superstition,Stevie Wonder,1973,Superstition by Stevie Wonder,12
Lady,Styx,1973,Lady by Styx,19
Ballroom Blitz,Sweet,1973,Ballroom Blitz by Sweet,25
China Grove,The Doobie Brothers,1973,China Grove by The Doobie Brothers,40
Long Train Runnin',The Doobie Brothers,1973,Long Train Runnin' by The Doobie Brothers,55
Can't You See,The Marshall Tucker Band,1973,Can't You See by The Marshall Tucker Band,52
5:15,The Who,1973,0.21875 by The Who,3
Love Reign O'er Me,The Who,1973,Love Reign O'er Me by The Who,18
The Real Me,The Who,1973,The Real Me by The Who,12
Stealin',Uriah Heep,1973,Stealin' by Uriah Heep,2
Beer Drinkers & Hell Raisers,ZZ Top,1973,Beer Drinkers & Hell Raisers by ZZ Top,8
Jesus Just Left Chicago,ZZ Top,1973,Jesus Just Left Chicago by ZZ Top,6
La Grange,ZZ Top,1973,La Grange by ZZ Top,111
WAITIN' FOR THE BUS/JESUS JUST LEFT CHICAGO,ZZ Top,1973,WAITIN' FOR THE BUS/JESUS JUST LEFT CHICAGO by ZZ Top,2
How Long,Ace,1974,How Long by Ace,1
Same Old Song and Dance,Aerosmith,1974,Same Old Song and Dance by Aerosmith,18
Seasons of Wither,Aerosmith,1974,Seasons of Wither by Aerosmith,2
Train Kept A-Rollin',Aerosmith,1974,Train Kept A-Rollin' by Aerosmith,15
You Ain't Seen Nothin' Yet,Bachman-Turner Overdrive,1974,You Ain't Seen Nothin' Yet by Bachman-Turner Overdrive,69
Bad Company,Bad Company,1974,Bad Company by Bad Company,96
Can't Get Enough,Bad Company,1974,Can't Get Enough by Bad Company,41
Seagull,Bad Company,1974,Seagull by Bad Company,1
Diamond Dogs,David Bowie,1974,Diamond Dogs by David Bowie,1
Rebel Rebel,David Bowie,1974,Rebel Rebel by David Bowie,43
Rock On,David Essex,1974,Rock On by David Essex,33
Burn,Deep Purple,1974,Burn by Deep Purple,1
Already Gone,Eagles,1974,Already Gone by Eagles,71
The Best of My Love,Eagles,1974,The Best of My Love by Eagles,4
CAN'T GET IT OUT OF MY HEAD,Electric Light Orchestra,1974,CAN'T GET IT OUT OF MY HEAD by Electric Light Orchestra,1
Don't Let The Sun Go Down On Me,Elton John,1974,Don't Let The Sun Go Down On Me by Elton John,1
THE BITCH IS BACK,Elton John,1974,THE BITCH IS BACK by Elton John,1
I Shot The Sheriff,Eric Clapton,1974,I Shot The Sheriff by Eric Clapton,39
Let It Grow,Eric Clapton,1974,Let It Grow by Eric Clapton,4
The Lamb Lies Down On Broadway,Genesis,1974,The Lamb Lies Down On Broadway by Genesis,23
Sundown,Gordon Lightfoot,1974,Sundown by Gordon Lightfoot,7
Bad Time,Grand Funk Railroad,1974,Bad Time by Grand Funk Railroad,1
Loco-Motion,Grand Funk Railroad,1974,Loco-Motion by Grand Funk Railroad,9
Shinin' On,Grand Funk Railroad,1974,Shinin' On by Grand Funk Railroad,1
Cat's In The Cradle,Harry Chapin,1974,Cat's In The Cradle by Harry Chapin,4
W*O*L*D*,Harry Chapin,1974,W*O*L*D* by Harry Chapin,1
Bungle In The Jungle,Jethro Tull,1974,Bungle In The Jungle by Jethro Tull,19
#9 Dream,John Lennon,1974,#9 Dream by John Lennon,2
Strutter,Kiss,1974,Strutter by Kiss,1
Call Me the Breeze,Lynyrd Skynyrd,1974,Call Me the Breeze by Lynyrd Skynyrd,25
Dixie/Sweet Home Alabama,Lynyrd Skynyrd,1974,Dixie/Sweet Home Alabama by Lynyrd Skynyrd,33
Don't Ask Me No Questions,Lynyrd Skynyrd,1974,Don't Ask Me No Questions by Lynyrd Skynyrd,14
Sweet Home Alabama,Lynyrd Skynyrd,1974,Sweet Home Alabama by Lynyrd Skynyrd,95
The Ballad Of Curtis Loew,Lynyrd Skynyrd,1974,The Ballad Of Curtis Loew by Lynyrd Skynyrd,8
Junior's Farm,Paul McCartney & Wings,1974,Junior's Farm by Paul McCartney & Wings,3
Killer Queen,Queen,1974,Killer Queen by Queen,69
"Rock And Roll, Hoochie Koo",Rick Derringer,1974,"Rock And Roll, Hoochie Koo by Rick Derringer",55
No No Song,Ringo Starr,1974,No No Song by Ringo Starr,3
Your're Sixteen,Ringo Starr,1974,Your're Sixteen by Ringo Starr,2
Bridge of Sighs,Robin Trower,1974,Bridge of Sighs by Robin Trower,3
Ain't Too Proud to Beg,Rolling Stones,1974,Ain't Too Proud to Beg by Rolling Stones,14
It's Only Rock 'n Roll,Rolling Stones,1974,It's Only Rock 'n Roll by Rolling Stones,57
In The Mood,Rush,1974,In The Mood by Rush,3
Rikki Don't Lose That Number,Steely Dan,1974,Rikki Don't Lose That Number by Steely Dan,5
Bloody Well Right,Supertramp,1974,Bloody Well Right by Supertramp,3
Dreamer,Supertramp,1974,Dreamer by Supertramp,2
"Another Park, Another Sunday",The Doobie Brothers,1974,"Another Park, Another Sunday by The Doobie Brothers",1
Black Water,The Doobie Brothers,1974,Black Water by The Doobie Brothers,57
Art For Arts Sake,10cc,1975,Art For Arts Sake by 10cc,1
It's A Long Way To The Top,AC/DC,1975,It's A Long Way To The Top by AC/DC,39
T.N.T.,AC/DC,1975,T.N.T. by AC/DC,66
Big Ten Inch,Aerosmith,1975,Big Ten Inch by Aerosmith,3
No More No More,Aerosmith,1975,No More No More by Aerosmith,2
Sweet Emotion,Aerosmith,1975,Sweet Emotion by Aerosmith,141
Toys in the Attic,Aerosmith,1975,Toys in the Attic by Aerosmith,2
Walk This Way,Aerosmith,1975,Walk This Way by Aerosmith,106
Welcome To My Nightmare,Alice Cooper,1975,Welcome To My Nightmare by Alice Cooper,10
Sister Golden Hair,America,1975,Sister Golden Hair by America,19
Shooting Star,Bad Company,1975,Shooting Star by Bad Company,62
Tangled Up In Blue,Bob Dylan,1975,Tangled Up In Blue by Bob Dylan,5
"No Woman, No Cry",Bob Marley,1975,"No Woman, No Cry by Bob Marley",1
Katmandu,Bob Seger,1975,Katmandu by Bob Seger,7
Backstreets,Bruce Springsteen,1975,Backstreets by Bruce Springsteen,1
Born To Run,Bruce Springsteen,1975,Born To Run by Bruce Springsteen,31
Jungleland,Bruce Springsteen,1975,Jungleland by Bruce Springsteen,2
She's The One,Bruce Springsteen,1975,She's The One by Bruce Springsteen,1
Tenth Avenue Freeze-Out,Bruce Springsteen,1975,Tenth Avenue Freeze-Out by Bruce Springsteen,4
Thunder Road,Bruce Springsteen,1975,Thunder Road by Bruce Springsteen,7
Long Haired Country Boy,Charlie Daniels Band,1975,Long Haired Country Boy by Charlie Daniels Band,5
The South's Gonna Do It Again,Charlie Daniels Band,1975,The South's Gonna Do It Again by Charlie Daniels Band,1
Fame,David Bowie,1975,Fame by David Bowie,59
Golden Years,David Bowie,1975,Golden Years by David Bowie,10
Young Americans,David Bowie,1975,Young Americans by David Bowie,26
Lyin' Eyes,Eagles,1975,Lyin' Eyes by Eagles,27
One of These Nights,Eagles,1975,One of These Nights by Eagles,48
Take It to the Limit,Eagles,1975,Take It to the Limit by Eagles,39
Evil Woman,Electric Light Orchestra,1975,Evil Woman by Electric Light Orchestra,42
Fire On High,Electric Light Orchestra,1975,Fire On High by Electric Light Orchestra,18
Captain Fantastic,Elton John,1975,Captain Fantastic by Elton John,1
Someone Saved My Life Tonight,Elton John,1975,Someone Saved My Life Tonight by Elton John,4
Fooled around and Fell in Love,Elvin Bishop,1975,Fooled around and Fell in Love by Elvin Bishop,1
Landslide,Fleetwood Mac,1975,Landslide by Fleetwood Mac,29
Monday Morning,Fleetwood Mac,1975,Monday Morning by Fleetwood Mac,30
Rhiannon,Fleetwood Mac,1975,Rhiannon by Fleetwood Mac,48
Fool For The City,Foghat,1975,Fool For The City by Foghat,26
Slow Ride,Foghat,1975,Slow Ride by Foghat,77
Dream Weaver,Gary Wright,1975,Dream Weaver by Gary Wright,9
Some Kind of Wonderful,Grand Funk Railroad,1975,Some Kind of Wonderful by Grand Funk Railroad,14
Never Been Any Reason,Head East,1975,Never Been Any Reason by Head East,16
Freeway Jam,Jeff Beck,1975,Freeway Jam by Jeff Beck,1
Rock And Roll All Nite,Kiss,1975,Rock And Roll All Nite by Kiss,119
Boogie With Stu,Led Zeppelin,1975,Boogie With Stu by Led Zeppelin,4
Custard Pie,Led Zeppelin,1975,Custard Pie by Led Zeppelin,6
Down By The Seaside,Led Zeppelin,1975,Down By The Seaside by Led Zeppelin,1
Houses of the Holy,Led Zeppelin,1975,Houses of the Holy by Led Zeppelin,45
In My Time of Dying,Led Zeppelin,1975,In My Time of Dying by Led Zeppelin,2
In the Light,Led Zeppelin,1975,In the Light by Led Zeppelin,4
Kashmir,Led Zeppelin,1975,Kashmir by Led Zeppelin,64
NIGHT FLIGHT,Led Zeppelin,1975,NIGHT FLIGHT by Led Zeppelin,1
Ten Years Gone,Led Zeppelin,1975,Ten Years Gone by Led Zeppelin,5
The Rover,Led Zeppelin,1975,The Rover by Led Zeppelin,2
THE WANTON SONG,Led Zeppelin,1975,THE WANTON SONG by Led Zeppelin,1
Trampled Under Foot,Led Zeppelin,1975,Trampled Under Foot by Led Zeppelin,35
Saturday Night Special,Lynyrd Skynyrd,1975,Saturday Night Special by Lynyrd Skynyrd,21
Hair Of The Dog,Nazareth,1975,Hair Of The Dog by Nazareth,53
Jackie Blue,Ozark Mountain Daredevils,1975,Jackie Blue by Ozark Mountain Daredevils,2
Venus and Mars/Rock Show,Paul McCartney & Wings,1975,Venus and Mars/Rock Show by Paul McCartney & Wings,2
50 Ways to Leave Your Lover,Paul Simon,1975,50 Ways to Leave Your Lover by Paul Simon,1
"Baby, I Love Your Way",Peter Frampton,1975,"Baby, I Love Your Way by Peter Frampton",41
Show Me the Way,Peter Frampton,1975,Show Me the Way by Peter Frampton,30
Have a Cigar,Pink Floyd,1975,Have a Cigar by Pink Floyd,41
Shine On You Crazy Diamond,Pink Floyd,1975,Shine On You Crazy Diamond by Pink Floyd,2
Welcome To The Machine,Pink Floyd,1975,Welcome To The Machine by Pink Floyd,41
Wish You Were Here,Pink Floyd,1975,Wish You Were Here by Pink Floyd,87
Bohemian Rhapsody,Queen,1975,Bohemian Rhapsody by Queen,119
Man On The Silver Mountain,Rainbow,1975,Man On The Silver Mountain by Rainbow,5
Time Waits for No One,Rolling Stones,1975,Time Waits for No One by Rolling Stones,1
Fly By Night,Rush,1975,Fly By Night by Rush,32
Working Man,Rush,1975,Working Man by Rush,24
Voices,Russ Ballard,1975,Voices by Russ Ballard,2
Light Up,Styx,1975,Light Up by Styx,3
Lorelei,Styx,1975,Lorelei by Styx,4
Suite Madame Blue,Styx,1975,Suite Madame Blue by Styx,2
Stranglehold,Ted Nugent,1975,Stranglehold by Ted Nugent,33
Take Me In Your Arms,The Doobie Brothers,1975,Take Me In Your Arms by The Doobie Brothers,13
Green Grass & High Tides,The Outlaws,1975,Green Grass & High Tides by The Outlaws,1
Squeeze Box,The Who,1975,Squeeze Box by The Who,15
Low Rider,War,1975,Low Rider by War,81
Why Can't We Be Friends,War,1975,Why Can't We Be Friends by War,1
Heard It On the X,ZZ Top,1975,Heard It On the X by ZZ Top,2
Tush,ZZ Top,1975,Tush by ZZ Top,109
Dirty Deeds Done Dirt Cheap,AC/DC,1976,Dirty Deeds Done Dirt Cheap by AC/DC,85
Back in the Saddle,Aerosmith,1976,Back in the Saddle by Aerosmith,39
Last Child,Aerosmith,1976,Last Child by Aerosmith,4
So Into You,Atlanta Rhythm Section,1976,So Into You by Atlanta Rhythm Section,1
Miami 2017 {seen The Lights Go Out On Broadway} (live 1,Billy Joel,1976,Miami 2017 {seen The Lights Go Out On Broadway} (live 1 by Billy Joel,5
New York State Of Mind,Billy Joel,1976,New York State Of Mind by Billy Joel,2
(Don't Fear) The Reaper,Blue Oyster Cult,1976,(Don't Fear) The Reaper by Blue Oyster Cult,99
Night Moves,Bob Seger,1976,Night Moves by Bob Seger,47
Foreplay (Long Time),Boston,1976,Foreplay (Long Time) by Boston,94
Hitch A Ride,Boston,1976,Hitch A Ride by Boston,11
Let Me Take You Home Tonight,Boston,1976,Let Me Take You Home Tonight by Boston,22
More Than a Feeling,Boston,1976,More Than a Feeling by Boston,134
Peace of Mind,Boston,1976,Peace of Mind by Boston,132
Rock & Roll Band,Boston,1976,Rock & Roll Band by Boston,59
Smokin',Boston,1976,Smokin' by Boston,33
Lido Shuffle,Boz Scaggs,1976,Lido Shuffle by Boz Scaggs,11
Lowdown,Boz Scaggs,1976,Lowdown by Boz Scaggs,1
Hotel California,Eagles,1976,Hotel California by Eagles,109
Life in the Fast Lane,Eagles,1976,Life in the Fast Lane by Eagles,86
New Kid In Town,Eagles,1976,New Kid In Town by Eagles,2
Victim of Love,Eagles,1976,Victim of Love by Eagles,5
Livin' Thing,Electric Light Orchestra,1976,Livin' Thing by Electric Light Orchestra,12
A Trick of the Tail,Genesis,1976,A Trick of the Tail by Genesis,1
Crazy On You,Heart,1976,Crazy On You by Heart,125
Dreamboat Annie,Heart,1976,Dreamboat Annie by Heart,3
Magic Man,Heart,1976,Magic Man by Heart,115
The Ripper,Judas Priest,1976,The Ripper by Judas Priest,1
Carry On Wayward Son,Kansas,1976,Carry On Wayward Son by Kansas,134
Beth,Kiss,1976,Beth by Kiss,2
Calling Dr. Love,Kiss,1976,Calling Dr. Love by Kiss,4
Detroit Rock City,Kiss,1976,Detroit Rock City by Kiss,27
For Your Life,Led Zeppelin,1976,For Your Life by Led Zeppelin,1
Royal Orleans,Led Zeppelin,1976,Royal Orleans by Led Zeppelin,2
Gimme Back My Bullets,Lynyrd Skynyrd,1976,Gimme Back My Bullets by Lynyrd Skynyrd,4
Blinded by the Light,Manfred Mann,1976,Blinded by the Light by Manfred Mann,114
Love Hurts,Nazareth,1976,Love Hurts by Nazareth,26
STILL THE ONE,Orleans,1976,STILL THE ONE by Orleans,1
Silly Love Songs,Paul McCartney & Wings,1976,Silly Love Songs by Paul McCartney & Wings,3
Somebody To Love,Queen,1976,Somebody To Love by Queen,69
Tie Your Mother Down,Queen,1976,Tie Your Mother Down by Queen,4
You're My Best Friend,Queen,1976,You're My Best Friend by Queen,57
The First Cut Is The Deepest,Rod Stewart,1976,The First Cut Is The Deepest by Rod Stewart,24
Tonight's the Night (Gonna Be Alright),Rod Stewart,1976,Tonight's the Night (Gonna Be Alright) by Rod Stewart,2
Hand of Fate,Rolling Stones,1976,Hand of Fate by Rolling Stones,2
2112: Overture / The Temples of Syrinx (Chronicles Version),Rush,1976,2112: Overture / The Temples of Syrinx (Chronicles Version) by Rush,2
Fly Like an Eagle,Steve Miller Band,1976,Fly Like an Eagle by Steve Miller Band,85
Rock 'N Me,Steve Miller Band,1976,Rock 'N Me by Steve Miller Band,102
Take the Money and Run,Steve Miller Band,1976,Take the Money and Run by Steve Miller Band,71
Takin' It To The Streets,The Doobie Brothers,1976,Takin' It To The Streets by The Doobie Brothers,1
Life in the Fast Lane,The New Eagles,1976,Life in the Fast Lane by The New Eagles,3
Blitzkrieg Bop,The Ramones,1976,Blitzkrieg Bop by The Ramones,17
Jailbreak,Thin Lizzy,1976,Jailbreak by Thin Lizzy,16
The Boys Are Back In Town,Thin Lizzy,1976,The Boys Are Back In Town by Thin Lizzy,106
Lights Out (Live),UFO,1976,Lights Out (Live) by UFO,1
PLAY THAT FUNKY MUSIC,Wild Cherry,1976,PLAY THAT FUNKY MUSIC by Wild Cherry,4
Arrested For Driving While Blind,ZZ Top,1976,Arrested For Driving While Blind by ZZ Top,1
Let There Be Rock,AC/DC,1977,Let There Be Rock by AC/DC,3
Whole Lotta Rosie,AC/DC,1977,Whole Lotta Rosie by AC/DC,3
Draw The Line,Aerosmith,1977,Draw The Line by Aerosmith,1
Burnin' Sky,Bad Company,1977,Burnin' Sky by Bad Company,41
Movin' Out (Anthony's Song),Billy Joel,1977,Movin' Out (Anthony's Song) by Billy Joel,26
Only The Good Die Young,Billy Joel,1977,Only The Good Die Young by Billy Joel,21
Scenes From An Italian Restaurant,Billy Joel,1977,Scenes From An Italian Restaurant by Billy Joel,3
SHE'S ALWAYS A WOMAN,Billy Joel,1977,SHE'S ALWAYS A WOMAN by Billy Joel,1
The Stranger,Billy Joel,1977,The Stranger by Billy Joel,5
Godzilla,Blue Oyster Cult,1977,Godzilla by Blue Oyster Cult,9
I Love the Night,Blue Oyster Cult,1977,I Love the Night by Blue Oyster Cult,2
One Love,Bob Marley,1977,One Love by Bob Marley,2
Fire Down Below,Bob Seger,1977,Fire Down Below by Bob Seger,1
Mainstreet,Bob Seger,1977,Mainstreet by Bob Seger,7
Rock And Roll Never Forgets,Bob Seger,1977,Rock And Roll Never Forgets by Bob Seger,24
I Want You to Want Me,Cheap Trick,1977,I Want You to Want Me by Cheap Trick,110
We Just Disagree,Dave Mason,1977,We Just Disagree by Dave Mason,1
Heroes,David Bowie,1977,Heroes by David Bowie,3
Baby Hold On,Eddie Money,1977,Baby Hold On by Eddie Money,26
Alison,Elvis Costello,1977,Alison by Elvis Costello,13
Cocaine,Eric Clapton,1977,Cocaine by Eric Clapton,84
Lay Down Sally,Eric Clapton,1977,Lay Down Sally by Eric Clapton,10
The Core,Eric Clapton,1977,The Core by Eric Clapton,1
Wonderful Tonight,Eric Clapton,1977,Wonderful Tonight by Eric Clapton,15
Don't Stop,Fleetwood Mac,1977,Don't Stop by Fleetwood Mac,50
Dreams,Fleetwood Mac,1977,Dreams by Fleetwood Mac,53
Go Your Own Way,Fleetwood Mac,1977,Go Your Own Way by Fleetwood Mac,77
Gold Dust Woman,Fleetwood Mac,1977,Gold Dust Woman by Fleetwood Mac,37
I Don't Want To Know,Fleetwood Mac,1977,I Don't Want To Know by Fleetwood Mac,3
Never Going Back Again,Fleetwood Mac,1977,Never Going Back Again by Fleetwood Mac,1
Second Hand News,Fleetwood Mac,1977,Second Hand News by Fleetwood Mac,4
The Chain,Fleetwood Mac,1977,The Chain by Fleetwood Mac,65
You Make Loving Fun,Fleetwood Mac,1977,You Make Loving Fun by Fleetwood Mac,31
Cold As Ice,Foreigner,1977,Cold As Ice by Foreigner,102
Feels Like the First Time,Foreigner,1977,Feels Like the First Time by Foreigner,75
Barracuda,Heart,1977,Barracuda by Heart,113
Lust for Life,Iggy Pop,1977,Lust for Life by Iggy Pop,4
The Passenger,Iggy Pop,1977,The Passenger by Iggy Pop,1
Load Out/Stay,Jackson Browne,1977,Load Out/Stay by Jackson Browne,2
Running On Empty,Jackson Browne,1977,Running On Empty by Jackson Browne,39
The Load-out/stay,Jackson Browne,1977,The Load-out/stay by Jackson Browne,21
The Road and the Sky,Jackson Browne,1977,The Road and the Sky by Jackson Browne,1
Margaritaville,Jimmy Buffett,1977,Margaritaville by Jimmy Buffett,17
Roadrunner,Jonathan Richman,1977,Roadrunner by Jonathan Richman,1
Dust In The Wind,Kansas,1977,Dust In The Wind by Kansas,62
Point of Know Return,Kansas,1977,Point of Know Return by Kansas,30
I Know a Little,Lynyrd Skynyrd,1977,I Know a Little by Lynyrd Skynyrd,4
That Smell,Lynyrd Skynyrd,1977,That Smell by Lynyrd Skynyrd,24
What's Your Name,Lynyrd Skynyrd,1977,What's Your Name by Lynyrd Skynyrd,64
Paradise By The Dashboard Light,Meat Loaf,1977,Paradise By The Dashboard Light by Meat Loaf,10
TWO OUT OF THREE AIN'T BAD,Meat Loaf,1977,TWO OUT OF THREE AIN'T BAD by Meat Loaf,1
You Took The Words Right Out Of My Mouth,Meat Loaf,1977,You Took The Words Right Out Of My Mouth by Meat Loaf,9
Like a Hurricane,Neil Young,1977,Like a Hurricane by Neil Young,2
Solsbury Hill,Peter Gabriel,1977,Solsbury Hill by Peter Gabriel,31
Dogs,Pink Floyd,1977,Dogs by Pink Floyd,1
Don't Stop Me Now,Queen,1977,Don't Stop Me Now by Queen,2
We Are the Champions,Queen,1977,We Are the Champions by Queen,15
We Will Rock You,Queen,1977,We Will Rock You by Queen,14
We Will Rock You/We Are The Champions,Queen,1977,We Will Rock You/We Are The Champions by Queen,89
Black Betty,Ram Jam,1977,Black Betty by Ram Jam,57
You're In My Heart (The Final Acclaim),Rod Stewart,1977,You're In My Heart (The Final Acclaim) by Rod Stewart,1
Closer to the Heart,Rush,1977,Closer to the Heart by Rush,31
Europa,Santana,1977,Europa by Santana,4
God Save The Queen,Sex Pistols,1977,God Save The Queen by Sex Pistols,26
Black Cow,Steely Dan,1977,Black Cow by Steely Dan,2
Deacon Blues,Steely Dan,1977,Deacon Blues by Steely Dan,1
Dirty Work,Steely Dan,1977,Dirty Work by Steely Dan,1
Peg,Steely Dan,1977,Peg by Steely Dan,3
Jet Airliner,Steve Miller Band,1977,Jet Airliner by Steve Miller Band,42
Jungle Love,Steve Miller Band,1977,Jungle Love by Steve Miller Band,43
Come Sail Away,Styx,1977,Come Sail Away by Styx,93
Fooling Yourself,Styx,1977,Fooling Yourself by Styx,24
GRAND ILLUSION,Styx,1977,GRAND ILLUSION by Styx,1
The Grand Illusion,Styx,1977,The Grand Illusion by Styx,14
Give a Little Bit,Supertramp,1977,Give a Little Bit by Supertramp,73
Psycho Killer,Talking Heads,1977,Psycho Killer by Talking Heads,8
Cat Scratch Fever,Ted Nugent,1977,Cat Scratch Fever by Ted Nugent,20
Free for All,Ted Nugent,1977,Free for All by Ted Nugent,10
Breakdown,The Alan Parsons Project,1977,Breakdown by The Alan Parsons Project,5
Isn't It Time,The Babys,1977,Isn't It Time by The Babys,1
HEARD IT IN A LOVE SONG,The Marshall Tucker Band,1977,HEARD IT IN A LOVE SONG by The Marshall Tucker Band,1
American Girl,Tom Petty & The Heartbreakers,1977,American Girl by Tom Petty & The Heartbreakers,74
Breakdown,Tom Petty & The Heartbreakers,1977,Breakdown by Tom Petty & The Heartbreakers,88
Big Shot,Billy Joel,1978,Big Shot by Billy Joel,27
My Life,Billy Joel,1978,My Life by Billy Joel,11
Heart of Glass,Blondie,1978,Heart of Glass by Blondie,11
One Way Or Another,Blondie,1978,One Way Or Another by Blondie,21
Hollywood Nights,Bob Seger,1978,Hollywood Nights by Bob Seger,43
Old Time Rock & Roll,Bob Seger,1978,Old Time Rock & Roll by Bob Seger,42
Still the Same,Bob Seger,1978,Still the Same by Bob Seger,15
We've Got Tonite,Bob Seger,1978,We've Got Tonite by Bob Seger,1
Don't Look Back,Boston,1978,Don't Look Back by Boston,86
Badlands,Bruce Springsteen,1978,Badlands by Bruce Springsteen,2
Prove It All Night,Bruce Springsteen,1978,Prove It All Night by Bruce Springsteen,2
Racing in the Streets,Bruce Springsteen,1978,Racing in the Streets by Bruce Springsteen,1
Surrender,Cheap Trick,1978,Surrender by Cheap Trick,57
Down To The Waterline,Dire Straits,1978,Down To The Waterline by Dire Straits,12
Sultans of Swing,Dire Straits,1978,Sultans of Swing by Dire Straits,79
Sweet Talkin' Woman,Electric Light Orchestra,1978,Sweet Talkin' Woman by Electric Light Orchestra,3
Turn To Stone,Electric Light Orchestra,1978,Turn To Stone by Electric Light Orchestra,5
Pump It Up,Elvis Costello,1978,Pump It Up by Elvis Costello,3
Double Vision,Foreigner,1978,Double Vision by Foreigner,83
Hot Blooded,Foreigner,1978,Hot Blooded by Foreigner,82
Follow You Follow Me,Genesis,1978,Follow You Follow Me by Genesis,18
Baker Street,Gerry Rafferty,1978,Baker Street by Gerry Rafferty,16
Right Down the Line,Gerry Rafferty,1978,Right Down the Line by Gerry Rafferty,8
Straight On,Heart,1978,Straight On by Heart,36
Thunder Island,Jay Ferguson,1978,Thunder Island by Jay Ferguson,3
Son of a Son of a Sailor,Jimmy Buffett,1978,Son of a Son of a Sailor by Jimmy Buffett,1
I Need A Lover,John Mellencamp,1978,I Need A Lover by John Mellencamp,24
Feeling That Way,Journey,1978,Feeling That Way by Journey,13
Lights,Journey,1978,Lights by Journey,93
Wheel in the Sky,Journey,1978,Wheel in the Sky by Journey,114
"Hey Hey, My My",Neil Young,1978,"Hey Hey, My My by Neil Young",14
Powderfinger,Neil Young,1978,Powderfinger by Neil Young,2
Bicycle Race,Queen,1978,Bicycle Race by Queen,3
Bicycle Race/fat Bottomed Girls,Queen,1978,Bicycle Race/fat Bottomed Girls by Queen,5
Fat Bottomed Girls,Queen,1978,Fat Bottomed Girls by Queen,70
Beast Of Burden,Rolling Stones,1978,Beast Of Burden by Rolling Stones,86
Miss You,Rolling Stones,1978,Miss You by Rolling Stones,89
Shattered,Rolling Stones,1978,Shattered by Rolling Stones,36
The Trees,Rush,1978,The Trees by Rush,1
Red,Sammy Hagar,1978,Red by Sammy Hagar,3
Driver's Seat,Sniff 'n' the Tears,1978,Driver's Seat by Sniff 'n' the Tears,7
Fm {no Static At All},Steely Dan,1978,Fm {no Static At All} by Steely Dan,1
Blue Collar Man,Styx,1978,Blue Collar Man by Styx,61
Renegade,Styx,1978,Renegade by Styx,116
Love Is Like Oxygen,Sweet,1978,Love Is Like Oxygen by Sweet,1
Bye Bye Love,The Cars,1978,Bye Bye Love by The Cars,48
Just What I Needed,The Cars,1978,Just What I Needed by The Cars,113
Moving In Stereo,The Cars,1978,Moving In Stereo by The Cars,53
What a Fool Believes,The Doobie Brothers,1978,What a Fool Believes by The Doobie Brothers,5
Can't Stand Losing You,The Police,1978,Can't Stand Losing You by The Police,6
Roxanne,The Police,1978,Roxanne by The Police,75
So Lonely,The Police,1978,So Lonely by The Police,3
I Wanna Be Sedated,The Ramones,1978,I Wanna Be Sedated by The Ramones,23
Who Are You,The Who,1978,Who Are You by The Who,94
Hold The Line,Toto,1978,Hold The Line by Toto,72
Ain't Talkin' 'bout Love,Van Halen,1978,Ain't Talkin' 'bout Love by Van Halen,69
Eruption - You Really Got Me,Van Halen,1978,Eruption - You Really Got Me by Van Halen,25
Ice Cream Man,Van Halen,1978,Ice Cream Man by Van Halen,13
I'm the One,Van Halen,1978,I'm the One by Van Halen,4
Jamie's Cryin',Van Halen,1978,Jamie's Cryin' by Van Halen,96
Runnin' with the Devil,Van Halen,1978,Runnin' with the Devil by Van Halen,81
You Really Got Me,Van Halen,1978,You Really Got Me by Van Halen,70
"Lawyers, Guns and Money",Warren Zevon,1978,"Lawyers, Guns and Money by Warren Zevon",3
Werewolves of London,Warren Zevon,1978,Werewolves of London by Warren Zevon,52
Highway To Hell,AC/DC,1979,Highway To Hell by AC/DC,92
Night Prowler,AC/DC,1979,Night Prowler by AC/DC,1
Shot Down In Flames,AC/DC,1979,Shot Down In Flames by AC/DC,2
Touch Too Much,AC/DC,1979,Touch Too Much by AC/DC,2
"Train, Train",Blackfoot,1979,"Train, Train by Blackfoot",25
The Devil Went Down To Georgia,Charlie Daniels Band,1979,The Devil Went Down To Georgia by Charlie Daniels Band,25
Lady Writer,Dire Straits,1979,Lady Writer by Dire Straits,2
Heartache Tonight,Eagles,1979,Heartache Tonight by Eagles,30
I Can't Tell You Why,Eagles,1979,I Can't Tell You Why by Eagles,2
In The City,Eagles,1979,In The City by Eagles,44
The Long Run,Eagles,1979,The Long Run by Eagles,50
Those Shoes,Eagles,1979,Those Shoes by Eagles,14
Don't Bring Me Down,Electric Light Orchestra,1979,Don't Bring Me Down by Electric Light Orchestra,85
Tusk,Fleetwood Mac,1979,Tusk by Fleetwood Mac,6
Dirty White Boy,Foreigner,1979,Dirty White Boy by Foreigner,17
Joe's Garage,Frank Zappa,1979,Joe's Garage by Frank Zappa,1
CARS,Gary Numan,1979,CARS by Gary Numan,1
Grey Ghost,Henry Paul Band,1979,Grey Ghost by Henry Paul Band,1
Jane,Jefferson Starship,1979,Jane by Jefferson Starship,32
Is She Really Going Out With Him?,Joe Jackson,1979,Is She Really Going Out With Him? by Joe Jackson,6
In the City,Joe Walsh,1979,In the City by Joe Walsh,6
"Lovin', Touchin' Squeezin'",Journey,1979,"Lovin', Touchin' Squeezin' by Journey",60
All My Love,Led Zeppelin,1979,All My Love by Led Zeppelin,83
Fool In the Rain,Led Zeppelin,1979,Fool In the Rain by Led Zeppelin,69
Hot Dog,Led Zeppelin,1979,Hot Dog by Led Zeppelin,4
In the Evening,Led Zeppelin,1979,In the Evening by Led Zeppelin,11
South Bound Saurez,Led Zeppelin,1979,South Bound Saurez by Led Zeppelin,1
"My My, Hey Hey",Neil Young,1979,"My My, Hey Hey by Neil Young",3
Heartbreaker,Pat Benatar,1979,Heartbreaker by Pat Benatar,80
Another Brick In The Wall,Pink Floyd,1979,Another Brick In The Wall by Pink Floyd,29
"Another Brick in the Wall, Pt. 2",Pink Floyd,1979,"Another Brick in the Wall, Pt. 2 by Pink Floyd",58
Comfortably Numb,Pink Floyd,1979,Comfortably Numb by Pink Floyd,92
Empty Spaces,Pink Floyd,1979,Empty Spaces by Pink Floyd,8
Empty Spaces/young Lust,Pink Floyd,1979,Empty Spaces/young Lust by Pink Floyd,12
Goodbye Blue Sky,Pink Floyd,1979,Goodbye Blue Sky by Pink Floyd,11
Hey You,Pink Floyd,1979,Hey You by Pink Floyd,65
Mother,Pink Floyd,1979,Mother by Pink Floyd,19
Run Like Hell,Pink Floyd,1979,Run Like Hell by Pink Floyd,59
The Happiest Days Of Our Lives/another Brick In The Wall,Pink Floyd,1979,The Happiest Days Of Our Lives/another Brick In The Wall by Pink Floyd,44
Young Lust,Pink Floyd,1979,Young Lust by Pink Floyd,59
Crazy Little Thing Called Love,Queen,1979,Crazy Little Thing Called Love by Queen,57
Since You Been Gone,Rainbow,1979,Since You Been Gone by Rainbow,14
Bad Case Of Lovin' You,Robert Palmer,1979,Bad Case Of Lovin' You by Robert Palmer,42
The Logical Song,Roger Hodgson,1979,The Logical Song by Roger Hodgson,1
Trans Am (Highway Wonderland),Sammy Hagar,1979,Trans Am (Highway Wonderland) by Sammy Hagar,2
Breakfast in America,Supertramp,1979,Breakfast in America by Supertramp,56
Goodbye Stranger,Supertramp,1979,Goodbye Stranger by Supertramp,60
Take the Long Way Home,Supertramp,1979,Take the Long Way Home by Supertramp,46
The Logical Song,Supertramp,1979,The Logical Song by Supertramp,76
Life During Wartime,Talking Heads,1979,Life During Wartime by Talking Heads,23
Let's Go,The Cars,1979,Let's Go by The Cars,73
Clampdown,The Clash,1979,Clampdown by The Clash,2
London Calling,The Clash,1979,London Calling by The Clash,8
Train In Vain,The Clash,1979,Train In Vain by The Clash,12
My Sharona,The Knack,1979,My Sharona by The Knack,13
Message In A Bottle,The Police,1979,Message In A Bottle by The Police,86
Walking On The Moon,The Police,1979,Walking On The Moon by The Police,13
Don't Do Me Like That,Tom Petty & The Heartbreakers,1979,Don't Do Me Like That by Tom Petty & The Heartbreakers,69
Here Comes My Girl,Tom Petty & The Heartbreakers,1979,Here Comes My Girl by Tom Petty & The Heartbreakers,17
Refugee,Tom Petty & The Heartbreakers,1979,Refugee by Tom Petty & The Heartbreakers,97
Hold On,Triumph,1979,Hold On by Triumph,1
Beautiful Girls,Van Halen,1979,Beautiful Girls by Van Halen,44
Dance the Night Away,Van Halen,1979,Dance the Night Away by Van Halen,106
Rockin' Into the Night,.38 Special,1980,Rockin' Into the Night by .38 Special,18
Back In Black,AC/DC,1980,Back In Black by AC/DC,97
Have a Drink On Me,AC/DC,1980,Have a Drink On Me by AC/DC,39
Hells Bells,AC/DC,1980,Hells Bells by AC/DC,74
Rock and Roll Ain't Noise Pollution,AC/DC,1980,Rock and Roll Ain't Noise Pollution by AC/DC,21
You Shook Me All Night Long,AC/DC,1980,You Shook Me All Night Long by AC/DC,138
Dancing With Myself,Billy Idol,1980,Dancing With Myself by Billy Idol,20
It's Still Rock And Roll To Me,Billy Joel,1980,It's Still Rock And Roll To Me by Billy Joel,22
Sometimes A Fantasy,Billy Joel,1980,Sometimes A Fantasy by Billy Joel,3
You May Be Right,Billy Joel,1980,You May Be Right by Billy Joel,30
Heaven and Hell,Black Sabbath,1980,Heaven and Hell by Black Sabbath,1
Neon Knights,Black Sabbath,1980,Neon Knights by Black Sabbath,1
Call Me,Blondie,1980,Call Me by Blondie,26
Against The Wind,Bob Seger,1980,Against The Wind by Bob Seger,39
Her Strut,Bob Seger,1980,Her Strut by Bob Seger,29
Hungry Heart,Bruce Springsteen,1980,Hungry Heart by Bruce Springsteen,7
In America,Charlie Daniels Band,1980,In America by Charlie Daniels Band,1
Fashion,David Bowie,1980,Fashion by David Bowie,17
Expresso Love,Dire Straits,1980,Expresso Love by Dire Straits,10
Romeo And Juliet,Dire Straits,1980,Romeo And Juliet by Dire Straits,8
Ah! Leah!,Donnie Iris,1980,Ah! Leah! by Donnie Iris,13
Seven Bridges Road,Eagles,1980,Seven Bridges Road by Eagles,14
Sara,Fleetwood Mac,1980,Sara by Fleetwood Mac,1
Misunderstanding,Genesis,1980,Misunderstanding by Genesis,23
Turn It On Again,Genesis,1980,Turn It On Again by Genesis,23
All Night Long,Joe Walsh,1980,All Night Long by Joe Walsh,41
Watching the Wheels,John Lennon,1980,Watching the Wheels by John Lennon,14
Woman,John Lennon,1980,Woman by John Lennon,1
Any Way You Want It,Journey,1980,Any Way You Want It by Journey,105
Breaking The Law,Judas Priest,1980,Breaking The Law by Judas Priest,7
Living After Midnight,Judas Priest,1980,Living After Midnight by Judas Priest,32
I'm Alright,Kenny Loggins,1980,I'm Alright by Kenny Loggins,5
The Kid Is Hot Tonite,Loverboy,1980,The Kid Is Hot Tonite by Loverboy,2
Turn Me Loose,Loverboy,1980,Turn Me Loose by Loverboy,16
Crazy Train,Ozzy Osbourne,1980,Crazy Train by Ozzy Osbourne,79
Goodbye To Romance,Ozzy Osbourne,1980,Goodbye To Romance by Ozzy Osbourne,2
I Don't Know,Ozzy Osbourne,1980,I Don't Know by Ozzy Osbourne,8
Mr. Crowley,Ozzy Osbourne,1980,Mr. Crowley by Ozzy Osbourne,5
Hell Is for Children,Pat Benatar,1980,Hell Is for Children by Pat Benatar,1
Hit Me With Your Best Shot,Pat Benatar,1980,Hit Me With Your Best Shot by Pat Benatar,62
You Better Run,Pat Benatar,1980,You Better Run by Pat Benatar,1
Coming Up,Paul McCartney & Wings,1980,Coming Up by Paul McCartney & Wings,3
Let My Love Open the Door,Pete Townshend,1980,Let My Love Open the Door by Pete Townshend,38
Rough Boys,Pete Townshend,1980,Rough Boys by Pete Townshend,2
Games Without Frontiers,Peter Gabriel,1980,Games Without Frontiers by Peter Gabriel,3
Another One Bites the Dust,Queen,1980,Another One Bites the Dust by Queen,102
Keep On Loving You,REO Speedwagon,1980,Keep On Loving You by REO Speedwagon,23
Dance Little Sister,Rolling Stones,1980,Dance Little Sister by Rolling Stones,1
Emotional Rescue,Rolling Stones,1980,Emotional Rescue by Rolling Stones,1
Entre Nous,Rush,1980,Entre Nous by Rush,2
Freewill,Rush,1980,Freewill by Rush,60
The Spirit of Radio,Rush,1980,The Spirit of Radio by Rush,77
The Zoo,Scorpions,1980,The Zoo by Scorpions,16
Pulling Mussels,Squeeze,1980,Pulling Mussels by Squeeze,2
Hey Nineteen,Steely Dan,1980,Hey Nineteen by Steely Dan,8
While You See a Chance,Steve Winwood,1980,While You See a Chance by Steve Winwood,4
Once In A Lifetime,Talking Heads,1980,Once In A Lifetime by Talking Heads,46
"De Do Do Do, De Da Da Da",The Police,1980,"De Do Do Do, De Da Da Da by The Police",19
Don't Stand So Close To Me,The Police,1980,Don't Stand So Close To Me by The Police,64
Driven to Tears,The Police,1980,Driven to Tears by The Police,4
Brass In Pocket,The Pretenders,1980,Brass In Pocket by The Pretenders,51
TALK OF THE TOWN,The Pretenders,1980,TALK OF THE TOWN by The Pretenders,1
Do You Remember Rock 'n' Roll Radio,The Ramones,1980,Do You Remember Rock 'n' Roll Radio by The Ramones,16
What I Like About You,The Romantics,1980,What I Like About You by The Romantics,29
I Will Follow,U2,1980,I Will Follow by U2,4
And the Cradle Will Rock...,Van Halen,1980,And the Cradle Will Rock... by Van Halen,43
Everybody Wants Some!!,Van Halen,1980,Everybody Wants Some!! by Van Halen,16
Fool for Your Loving,Whitesnake,1980,Fool for Your Loving by Whitesnake,3
Persephone,Wishbone Ash,1980,Persephone by Wishbone Ash,1
Cheap Sunglasses,ZZ Top,1980,Cheap Sunglasses by ZZ Top,34
Hold On Loosely,.38 Special,1981,Hold On Loosely by .38 Special,85
For Those About To Rock,AC/DC,1981,For Those About To Rock by AC/DC,46
Lonely Is the Night,Billy Squier,1981,Lonely Is the Night by Billy Squier,80
The Stroke,Billy Squier,1981,The Stroke by Billy Squier,83
Burnin' for You,Blue Oyster Cult,1981,Burnin' for You by Blue Oyster Cult,107
Heavy Metal,Don Felder,1981,Heavy Metal by Don Felder,12
Love Is Like A Rock,Donnie Iris,1981,Love Is Like A Rock by Donnie Iris,1
I Can't Stand It,Eric Clapton,1981,I Can't Stand It by Eric Clapton,9
Juke Box Hero,Foreigner,1981,Juke Box Hero by Foreigner,75
Urgent,Foreigner,1981,Urgent by Foreigner,61
Waiting for a Girl Like You,Foreigner,1981,Waiting for a Girl Like You by Foreigner,5
Abacab,Genesis,1981,Abacab by Genesis,35
Man On The Corner,Genesis,1981,Man On The Corner by Genesis,12
No Reply At All,Genesis,1981,No Reply At All by Genesis,18
The Break Up Song,Greg Kihn Band,1981,The Break Up Song by Greg Kihn Band,49
Centerfold,J. Geils Band,1981,Centerfold by J. Geils Band,78
Freeze-frame,J. Geils Band,1981,Freeze-frame by J. Geils Band,17
Bad Reputation,Joan Jett,1981,Bad Reputation by Joan Jett,1
I Love Rock 'n Roll,Joan Jett,1981,I Love Rock 'n Roll by Joan Jett,82
A Life Of Illusion,Joe Walsh,1981,A Life Of Illusion by Joe Walsh,5
Don't Stop Believin',Journey,1981,Don't Stop Believin' by Journey,105
Who's Crying Now,Journey,1981,Who's Crying Now by Journey,29
Working for the Weekend,Loverboy,1981,Working for the Weekend by Loverboy,27
Diary Of A Madman,Ozzy Osbourne,1981,Diary Of A Madman by Ozzy Osbourne,1
Flying High Again,Ozzy Osbourne,1981,Flying High Again by Ozzy Osbourne,44
Over the Mountain,Ozzy Osbourne,1981,Over the Mountain by Ozzy Osbourne,16
In the Air Tonight,Phil Collins,1981,In the Air Tonight by Phil Collins,93
Under Pressure,Queen,1981,Under Pressure by Queen,12
Under Pressure,Queen / David Bowie,1981,Under Pressure by Queen / David Bowie,73
Lunatic Fringe,Red Rider,1981,Lunatic Fringe by Red Rider,52
Take It on the Run,REO Speedwagon,1981,Take It on the Run by REO Speedwagon,46
Jessie's Girl,Rick Springfield,1981,Jessie's Girl by Rick Springfield,2
Hang Fire,Rolling Stones,1981,Hang Fire by Rolling Stones,2
Start Me Up,Rolling Stones,1981,Start Me Up by Rolling Stones,83
Waiting on a Friend,Rolling Stones,1981,Waiting on a Friend by Rolling Stones,3
Limelight,Rush,1981,Limelight by Rush,90
Red Barchetta,Rush,1981,Red Barchetta by Rush,11
Tom Sawyer,Rush,1981,Tom Sawyer by Rush,114
YYZ,Rush,1981,YYZ by Rush,2
There's Only One Way to Rock,Sammy Hagar,1981,There's Only One Way to Rock by Sammy Hagar,15
Tainted Love,Soft Cell,1981,Tainted Love by Soft Cell,1
Tempted,Squeeze,1981,Tempted by Squeeze,22
Edge of Seventeen,Stevie Nicks,1981,Edge of Seventeen by Stevie Nicks,78
Leather and Lace,Stevie Nicks,1981,Leather and Lace by Stevie Nicks,3
Stop Draggin' My Heart Around,Stevie Nicks,1981,Stop Draggin' My Heart Around by Stevie Nicks,7
Stop Draggin' My Heart Around,Stevie Nicks w/ Tom Petty and the Heartbreakers,1981,Stop Draggin' My Heart Around by Stevie Nicks w/ Tom Petty and the Heartbreakers,9
Too Much Time On My Hands,Styx,1981,Too Much Time On My Hands by Styx,46
Games People Play,The Alan Parsons Project,1981,Games People Play by The Alan Parsons Project,3
Shake It Up,The Cars,1981,Shake It Up by The Cars,27
Destroyer,The Kinks,1981,Destroyer by The Kinks,3
Every Little Thing She Does Is Magic,The Police,1981,Every Little Thing She Does Is Magic by The Police,60
Invisible Sun,The Police,1981,Invisible Sun by The Police,2
Spirits In The Material World,The Police,1981,Spirits In The Material World by The Police,19
Talk To Ya Later,The Tubes,1981,Talk To Ya Later by The Tubes,2
You Better You Bet,The Who,1981,You Better You Bet by The Who,26
A Woman In Love,Tom Petty & The Heartbreakers,1981,A Woman In Love by Tom Petty & The Heartbreakers,2
Stop Draggin' My Heart Around,Tom Petty & The Heartbreakers,1981,Stop Draggin' My Heart Around by Tom Petty & The Heartbreakers,2
The Waiting,Tom Petty & The Heartbreakers,1981,The Waiting by Tom Petty & The Heartbreakers,37
Unchained,Van Halen,1981,Unchained by Van Halen,49
Pearl Necklace,ZZ Top,1981,Pearl Necklace by ZZ Top,5
Tube Snake Boogie,ZZ Top,1981,Tube Snake Boogie by ZZ Top,32
Caught Up in You,.38 Special,1982,Caught Up in You by .38 Special,82
Heat of the Moment,Asia,1982,Heat of the Moment by Asia,37
Only Time Will Tell,Asia,1982,Only Time Will Tell by Asia,3
White Wedding,Billy Idol,1982,White Wedding by Billy Idol,84
Allentown,Billy Joel,1982,Allentown by Billy Joel,1
Atlantic City,Bruce Springsteen,1982,Atlantic City by Bruce Springsteen,1
Southern Cross,"Crosby, Stills & Nash",1982,"Southern Cross by Crosby, Stills & Nash",9
Industrial Disease,Dire Straits,1982,Industrial Disease by Dire Straits,21
Dirty Laundry,Don Henley,1982,Dirty Laundry by Don Henley,37
Rio,Duran Duran,1982,Rio by Duran Duran,1
Sweet Dreams (Are Made of This),Eurythmics,1982,Sweet Dreams (Are Made of This) by Eurythmics,2
Gypsy,Fleetwood Mac,1982,Gypsy by Fleetwood Mac,67
Hold Me,Fleetwood Mac,1982,Hold Me by Fleetwood Mac,1
Bad to the Bone,George Thorogood,1982,Bad to the Bone by George Thorogood,63
Run To The Hills,Iron Maiden,1982,Run To The Hills by Iron Maiden,27
The Number Of The Beast,Iron Maiden,1982,The Number Of The Beast by Iron Maiden,18
Somebody's Baby,Jackson Browne,1982,Somebody's Baby by Jackson Browne,7
Hurts So Good,John Mellencamp,1982,Hurts So Good by John Mellencamp,40
Jack & Diane,John Mellencamp,1982,Jack & Diane by John Mellencamp,73
Open Arms,Journey,1982,Open Arms by Journey,10
Electric Eye,Judas Priest,1982,Electric Eye by Judas Priest,1
Play the Game Tonight,Kansas,1982,Play the Game Tonight by Kansas,1
Bonzo's Montreaux,Led Zeppelin,1982,Bonzo's Montreaux by Led Zeppelin,3
Darlene,Led Zeppelin,1982,Darlene by Led Zeppelin,2
Traveling Riverside Blues,Led Zeppelin,1982,Traveling Riverside Blues by Led Zeppelin,9
Down Under,Men At Work,1982,Down Under by Men At Work,5
Who Can It Be Now?,Men At Work,1982,Who Can It Be Now? by Men At Work,6
I Melt With You,Modern English,1982,I Melt With You by Modern English,15
Don't Tell Me You Love Me,Night Ranger,1982,Don't Tell Me You Love Me by Night Ranger,2
Shadows Of The Night,Pat Benatar,1982,Shadows Of The Night by Pat Benatar,8
SHOCK THE MONKEY,Peter Gabriel,1982,SHOCK THE MONKEY by Peter Gabriel,2
Stone Cold,Rainbow,1982,Stone Cold by Rainbow,3
New World Man,Rush,1982,New World Man by Rush,7
Subdivisions,Rush,1982,Subdivisions by Rush,26
Heavy Metal,Sammy Hagar,1982,Heavy Metal by Sammy Hagar,10
Blackout,Scorpions,1982,Blackout by Scorpions,4
No One Like You,Scorpions,1982,No One Like You by Scorpions,76
Black Coffee In Bed,Squeeze,1982,Black Coffee In Bed by Squeeze,1
Abracadabra,Steve Miller Band,1982,Abracadabra by Steve Miller Band,18
Eye of the Tiger,Survivor,1982,Eye of the Tiger by Survivor,8
Eye In the Sky,The Alan Parsons Project,1982,Eye In the Sky by The Alan Parsons Project,2
Rock The Casbah,The Clash,1982,Rock The Casbah by The Clash,61
Should I Stay Or Should,The Clash,1982,Should I Stay Or Should by The Clash,58
Back On The Chain Gang,The Pretenders,1982,Back On The Chain Gang by The Pretenders,40
Athena,The Who,1982,Athena by The Who,5
Eminence Front,The Who,1982,Eminence Front by The Who,19
You Got Lucky,Tom Petty & The Heartbreakers,1982,You Got Lucky by Tom Petty & The Heartbreakers,71
867-5309 / Jenny,Tommy Tutone,1982,867-5309 / Jenny by Tommy Tutone,11
AFRICA,Toto,1982,AFRICA by Toto,2
(Oh) Pretty Woman,Van Halen,1982,(Oh) Pretty Woman by Van Halen,34
Dancing In the Street,Van Halen,1982,Dancing In the Street by Van Halen,57
Little Guitars,Van Halen,1982,Little Guitars by Van Halen,6
Where Have All the Good Times Gone!,Van Halen,1982,Where Have All the Good Times Gone! by Van Halen,1
Blister In the Sun,Violent Femmes,1982,Blister In the Sun by Violent Femmes,1
In a Big Country,Big Country,1983,In a Big Country by Big Country,2
Goodnight Saigon,Billy Joel,1983,Goodnight Saigon by Billy Joel,1
Cuts Like a Knife,Bryan Adams,1983,Cuts Like a Knife by Bryan Adams,17
China Girl,David Bowie,1983,China Girl by David Bowie,5
Let's Dance,David Bowie,1983,Let's Dance by David Bowie,20
Modern Love,David Bowie,1983,Modern Love by David Bowie,10
Photograph,Def Leppard,1983,Photograph by Def Leppard,88
Rock of Ages,Def Leppard,1983,Rock of Ages by Def Leppard,65
Home by the Sea/Second Home by the Sea,Genesis,1983,Home by the Sea/Second Home by the Sea by Genesis,1
Mama,Genesis,1983,Mama by Genesis,17
That's All,Genesis,1983,That's All by Genesis,35
Twilight Zone,Golden Earring,1983,Twilight Zone by Golden Earring,75
How Can I Refuse,Heart,1983,How Can I Refuse by Heart,2
I Want A New Drug,Huey Lewis & The News,1983,I Want A New Drug by Huey Lewis & The News,4
Flight Of Icarus,Iron Maiden,1983,Flight Of Icarus by Iron Maiden,1
The Trooper,Iron Maiden,1983,The Trooper by Iron Maiden,3
On the Dark Side,John Cafferty,1983,On the Dark Side by John Cafferty,19
Authority Song,John Mellencamp,1983,Authority Song by John Mellencamp,20
Crumblin' Down,John Mellencamp,1983,Crumblin' Down by John Mellencamp,17
Faithfully,Journey,1983,Faithfully by Journey,14
Send Her My Love,Journey,1983,Send Her My Love by Journey,1
Separate Ways (Worlds Apart),Journey,1983,Separate Ways (Worlds Apart) by Journey,100
Lick It Up,Kiss,1983,Lick It Up by Kiss,4
Seek & Destroy,Metallica,1983,Seek & Destroy by Metallica,1
Shout at the Devil,Motley Crue,1983,Shout at the Devil by Motley Crue,4
(You Can Still) Rock in America,Night Ranger,1983,(You Can Still) Rock in America by Night Ranger,3
Sister Christian,Night Ranger,1983,Sister Christian by Night Ranger,32
When You Close Your Eyes,Night Ranger,1983,When You Close Your Eyes by Night Ranger,1
Bark At The Moon,Ozzy Osbourne,1983,Bark At The Moon by Ozzy Osbourne,6
Love Is A Battlefield,Pat Benatar,1983,Love Is A Battlefield by Pat Benatar,28
Metal Health,Quiet Riot,1983,Metal Health by Quiet Riot,4
Big Log,Robert Plant,1983,Big Log by Robert Plant,11
In The Mood,Robert Plant,1983,In The Mood by Robert Plant,26
UNDERCOVER OF THE NIGHT,Rolling Stones,1983,UNDERCOVER OF THE NIGHT by Rolling Stones,1
Stand Back,Stevie Nicks,1983,Stand Back by Stevie Nicks,40
Pride And Joy,Stevie Ray Vaughan,1983,Pride And Joy by Stevie Ray Vaughan,48
Texas Flood,Stevie Ray Vaughan,1983,Texas Flood by Stevie Ray Vaughan,4
Burning Down the House,Talking Heads,1983,Burning Down the House by Talking Heads,72
One Thing Leads To Another,The Fixx,1983,One Thing Leads To Another by The Fixx,22
Saved By Zero,The Fixx,1983,Saved By Zero by The Fixx,2
Come Dancing,The Kinks,1983,Come Dancing by The Kinks,1
Every Breath You Take,The Police,1983,Every Breath You Take by The Police,32
King Of Pain,The Police,1983,King Of Pain by The Police,10
Synchronicity II,The Police,1983,Synchronicity II by The Police,35
Wrapped Around Your Finger,The Police,1983,Wrapped Around Your Finger by The Police,17
TALKING IN YOUR SLEEP,The Romantics,1983,TALKING IN YOUR SLEEP by The Romantics,5
She's a Beauty,The Tubes,1983,She's a Beauty by The Tubes,25
Bang the Drum All Day,Todd Rundgren,1983,Bang the Drum All Day by Todd Rundgren,9
New Year's Day,U2,1983,New Year's Day by U2,88
Sunday Bloody Sunday,U2,1983,Sunday Bloody Sunday by U2,54
Red Red Wine,UB40,1983,Red Red Wine by UB40,2
Changes,Yes,1983,Changes by Yes,13
It Can Happen,Yes,1983,It Can Happen by Yes,3
Leave It,Yes,1983,Leave It by Yes,20
Owner of a Lonely Heart,Yes,1983,Owner of a Lonely Heart by Yes,81
Gimme All Your Lovin,ZZ Top,1983,Gimme All Your Lovin by ZZ Top,86
Got Me Under Pressure,ZZ Top,1983,Got Me Under Pressure by ZZ Top,29
Legs,ZZ Top,1983,Legs by ZZ Top,121
Sharp Dressed Man,ZZ Top,1983,Sharp Dressed Man by ZZ Top,120
TV Dinners,ZZ Top,1983,TV Dinners by ZZ Top,1
Jailbreak,AC/DC,1984,Jailbreak by AC/DC,1
Turn Up the Radio,Autograph,1984,Turn Up the Radio by Autograph,21
Eyes Without a Face,Billy Idol,1984,Eyes Without a Face by Billy Idol,2
Rebel Yell,Billy Idol,1984,Rebel Yell by Billy Idol,89
Rock Me Tonight,Billy Squier,1984,Rock Me Tonight by Billy Squier,1
Runaway,Bon Jovi,1984,Runaway by Bon Jovi,41
Born In the U.S.A.,Bruce Springsteen,1984,Born In the U.S.A. by Bruce Springsteen,14
Cover Me,Bruce Springsteen,1984,Cover Me by Bruce Springsteen,1
Dancing In the Dark,Bruce Springsteen,1984,Dancing In the Dark by Bruce Springsteen,10
Glory Days,Bruce Springsteen,1984,Glory Days by Bruce Springsteen,21
I'm On Fire,Bruce Springsteen,1984,I'm On Fire by Bruce Springsteen,14
Pink Cadillac,Bruce Springsteen,1984,Pink Cadillac by Bruce Springsteen,9
Heaven,Bryan Adams,1984,Heaven by Bryan Adams,4
Run to You,Bryan Adams,1984,Run to You by Bryan Adams,42
Somebody,Bryan Adams,1984,Somebody by Bryan Adams,1
Summer Of '69,Bryan Adams,1984,Summer Of '69 by Bryan Adams,52
Knocking At Your Backdoo,Deep Purple,1984,Knocking At Your Backdoo by Deep Purple,1
I Want to Know What Love Is,Foreigner,1984,I Want to Know What Love Is by Foreigner,4
That Was Yesterday,Foreigner,1984,That Was Yesterday by Foreigner,4
Smuggler's Blues,Glenn Frey,1984,Smuggler's Blues by Glenn Frey,3
Axel F Theme,Harold Faltermeyer,1984,Axel F Theme by Harold Faltermeyer,1
Pink Houses,John Mellencamp,1984,Pink Houses by John Mellencamp,34
Fade To Black,Metallica,1984,Fade To Black by Metallica,4
For Whom The Bell Tolls,Metallica,1984,For Whom The Bell Tolls by Metallica,1
We Belong,Pat Benatar,1984,We Belong by Pat Benatar,14
Round and Round,Ratt,1984,Round and Round by Ratt,48
I Can't Fight This Feeling,REO Speedwagon,1984,I Can't Fight This Feeling by REO Speedwagon,2
I Can't Drive 55,Sammy Hagar,1984,I Can't Drive 55 by Sammy Hagar,40
The Warrior,Scandal,1984,The Warrior by Scandal,5
Big City Nights,Scorpions,1984,Big City Nights by Scorpions,10
Rock You Like a Hurricane,Scorpions,1984,Rock You Like a Hurricane by Scorpions,69
Still Loving You,Scorpions,1984,Still Loving You by Scorpions,9
Oh Sherrie,Steve Perry,1984,Oh Sherrie by Steve Perry,12
Scuttle Buttin',Stevie Ray Vaughan,1984,Scuttle Buttin' by Stevie Ray Vaughan,3
Shout,Tears for Fears,1984,Shout by Tears for Fears,1
Drive,The Cars,1984,Drive by The Cars,3
Hello Again,The Cars,1984,Hello Again by The Cars,6
Magic,The Cars,1984,Magic by The Cars,11
You Might Think,The Cars,1984,You Might Think by The Cars,19
Middle Of The Road,The Pretenders,1984,Middle Of The Road by The Pretenders,33
My City Was Gone,The Pretenders,1984,My City Was Gone by The Pretenders,18
I Wanna Rock,Twisted Sister,1984,I Wanna Rock by Twisted Sister,7
We're Not Gonna Take It,Twisted Sister,1984,We're Not Gonna Take It by Twisted Sister,39
Bad,U2,1984,Bad by U2,5
MLK/Pride,U2,1984,MLK/Pride by U2,5
Pride (In the Name of Love),U2,1984,Pride (In the Name of Love) by U2,60
1984/jump,Van Halen,1984,1984/jump by Van Halen,3
Hot for Teacher,Van Halen,1984,Hot for Teacher by Van Halen,52
Jump,Van Halen,1984,Jump by Van Halen,72
Panama,Van Halen,1984,Panama by Van Halen,89
Slide It In,Whitesnake,1984,Slide It In by Whitesnake,1
Let the Music Do the Talking,Aerosmith,1985,Let the Music Do the Talking by Aerosmith,1
Take On Me,a-ha,1985,Take On Me by a-ha,1
Just A Gigolo / I Ain't Got Nobody,David Lee Roth,1985,Just A Gigolo / I Ain't Got Nobody by David Lee Roth,8
Brothers In Arms,Dire Straits,1985,Brothers In Arms by Dire Straits,14
Money for Nothing,Dire Straits,1985,Money for Nothing by Dire Straits,56
So Far Away,Dire Straits,1985,So Far Away by Dire Straits,25
Walk of Life,Dire Straits,1985,Walk of Life by Dire Straits,15
All She Wants to Do Is Dance,Don Henley,1985,All She Wants to Do Is Dance by Don Henley,10
Sunset Grill,Don Henley,1985,Sunset Grill by Don Henley,6
The Boys Of Summer,Don Henley,1985,The Boys Of Summer by Don Henley,73
Strange Magic,Electric Light Orchestra,1985,Strange Magic by Electric Light Orchestra,5
Forever Man,Eric Clapton,1985,Forever Man by Eric Clapton,9
She's Waiting,Eric Clapton,1985,She's Waiting by Eric Clapton,3
I Drink Alone,George Thorogood,1985,I Drink Alone by George Thorogood,33
You Belong to the City,Glenn Frey,1985,You Belong to the City by Glenn Frey,2
ALL YOU ZOMBIES,Hooters,1985,ALL YOU ZOMBIES by Hooters,4
AND WE DANCED,Hooters,1985,AND WE DANCED by Hooters,4
What You Need,INXS,1985,What You Need by INXS,28
We Built This City,Jefferson Starship,1985,We Built This City by Jefferson Starship,3
Centerfield,John Fogerty,1985,Centerfield by John Fogerty,11
The Old Man Down The Road,John Fogerty,1985,The Old Man Down The Road by John Fogerty,12
Lonely Ol' Night,John Mellencamp,1985,Lonely Ol' Night by John Mellencamp,7
R.O.C.K. In the U.S.A.,John Mellencamp,1985,R.O.C.K. In the U.S.A. by John Mellencamp,4
Rain On The Scarecrow,John Mellencamp,1985,Rain On The Scarecrow by John Mellencamp,1
Small Town,John Mellencamp,1985,Small Town by John Mellencamp,55
Only the Young,Journey,1985,Only the Young by Journey,3
Home Sweet Home,Motley Crue,1985,Home Sweet Home by Motley Crue,29
Invincible,Pat Benatar,1985,Invincible by Pat Benatar,1
One Vision,Queen,1985,One Vision by Queen,1
Addicted to Love,Robert Palmer,1985,Addicted to Love by Robert Palmer,11
Don't You,Simple Minds,1985,Don't You by Simple Minds,44
Fortress Around Your Heart,Sting,1985,Fortress Around Your Heart by Sting,1
And She Was,Talking Heads,1985,And She Was by Talking Heads,19
Everybody Wants to Rule the World,Tears for Fears,1985,Everybody Wants to Rule the World by Tears for Fears,6
Head Over Heels,Tears for Fears,1985,Head Over Heels by Tears for Fears,1
Radioactive,The Firm,1985,Radioactive by The Firm,3
Your Love,The Outfield,1985,Your Love by The Outfield,21
Some Like It Hot,The Power Station,1985,Some Like It Hot by The Power Station,1
Don't Come Around Here No More,Tom Petty & The Heartbreakers,1985,Don't Come Around Here No More by Tom Petty & The Heartbreakers,49
Who Made Who,AC/DC,1986,Who Made Who by AC/DC,12
(You Gotta) Fight for Your Right (To Party),Beastie Boys,1986,(You Gotta) Fight for Your Right (To Party) by Beastie Boys,4
No Sleep Till Brooklyn,Beastie Boys,1986,No Sleep Till Brooklyn by Beastie Boys,3
Livin' On A Prayer,Bon Jovi,1986,Livin' On A Prayer by Bon Jovi,74
Wanted Dead or Alive,Bon Jovi,1986,Wanted Dead or Alive by Bon Jovi,87
You Give Love A Bad Name,Bon Jovi,1986,You Give Love A Bad Name by Bon Jovi,63
Amanda,Boston,1986,Amanda by Boston,4
The Way It Is,Bruce Hornsby & The Range,1986,The Way It Is by Bruce Hornsby & The Range,7
Nobody's Fool,Cinderella,1986,Nobody's Fool by Cinderella,9
Somebody Save Me,Cinderella,1986,Somebody Save Me by Cinderella,1
(I Just) Died in Your Arms,Cutting Crew,1986,(I Just) Died in Your Arms by Cutting Crew,3
Welcome To The Boomtown,David & David,1986,Welcome To The Boomtown by David & David,1
Yankee Rose,David Lee Roth,1986,Yankee Rose by David Lee Roth,8
Take Me Home Tonight,Eddie Money,1986,Take Me Home Tonight by Eddie Money,35
It's In The Way That You Use It,Eric Clapton,1986,It's In The Way That You Use It by Eric Clapton,10
The Final Countdown,Europe,1986,The Final Countdown by Europe,5
Land Of Confusion,Genesis,1986,Land Of Confusion by Genesis,17
Tonight Tonight (live),Genesis,1986,Tonight Tonight (live) by Genesis,1
Keep Your Hands To Yourself,Georgia Satellites,1986,Keep Your Hands To Yourself by Georgia Satellites,17
Wasted Years,Iron Maiden,1986,Wasted Years by Iron Maiden,8
Master of Puppets,Metallica,1986,Master of Puppets by Metallica,2
Shot in the Dark,Ozzy Osbourne,1986,Shot in the Dark by Ozzy Osbourne,10
You Can Call Me Al,Paul Simon,1986,You Can Call Me Al by Paul Simon,1
Big Time,Peter Gabriel,1986,Big Time by Peter Gabriel,24
In Your Eyes,Peter Gabriel,1986,In Your Eyes by Peter Gabriel,28
Red Rain,Peter Gabriel,1986,Red Rain by Peter Gabriel,8
Sledgehammer,Peter Gabriel,1986,Sledgehammer by Peter Gabriel,36
Back In the High Life Again,Steve Winwood,1986,Back In the High Life Again by Steve Winwood,1
Higher Love,Steve Winwood,1986,Higher Love by Steve Winwood,6
To Hell With the Devil,Stryper,1986,To Hell With the Devil by Stryper,1
Wild Wild Life,Talking Heads,1986,Wild Wild Life by Talking Heads,7
Your Wildest Dreams,The Moody Blues,1986,Your Wildest Dreams by The Moody Blues,1
Don't Get Me Wrong,The Pretenders,1986,Don't Get Me Wrong by The Pretenders,10
Dreams,Van Halen,1986,Dreams by Van Halen,25
Love Walks In,Van Halen,1986,Love Walks In by Van Halen,4
Summer Nights,Van Halen,1986,Summer Nights by Van Halen,4
Why Can't This Be Love,Van Halen,1986,Why Can't This Be Love by Van Halen,44
Angel,Aerosmith,1987,Angel by Aerosmith,12
Dude (Looks Like a Lady),Aerosmith,1987,Dude (Looks Like a Lady) by Aerosmith,42
Rag Doll,Aerosmith,1987,Rag Doll by Aerosmith,47
Animal,Def Leppard,1987,Animal by Def Leppard,35
Armageddon It,Def Leppard,1987,Armageddon It by Def Leppard,23
Hysteria,Def Leppard,1987,Hysteria by Def Leppard,24
Love Bites,Def Leppard,1987,Love Bites by Def Leppard,25
Pour Some Sugar On Me,Def Leppard,1987,Pour Some Sugar On Me by Def Leppard,70
Rocket,Def Leppard,1987,Rocket by Def Leppard,15
Little Lies,Fleetwood Mac,1987,Little Lies by Fleetwood Mac,1
GOT MY MIND SET ON YOU,George Harrison,1987,GOT MY MIND SET ON YOU by George Harrison,1
Touch of Grey,Grateful Dead,1987,Touch of Grey by Grateful Dead,26
I'm No Angel,Gregg Allman,1987,I'm No Angel by Gregg Allman,17
Mr. Brownstone,Guns N' Roses,1987,Mr. Brownstone by Guns N' Roses,1
My Michelle,Guns N' Roses,1987,My Michelle by Guns N' Roses,1
Paradise City,Guns N' Roses,1987,Paradise City by Guns N' Roses,75
Sweet Child O' Mine,Guns N' Roses,1987,Sweet Child O' Mine by Guns N' Roses,85
Welcome to the Jungle,Guns N' Roses,1987,Welcome to the Jungle by Guns N' Roses,74
Alone,Heart,1987,Alone by Heart,4
Need You Tonight,INXS,1987,Need You Tonight by INXS,12
Paper in Fire,John Mellencamp,1987,Paper in Fire by John Mellencamp,1
"Girls, Girls, Girls",Motley Crue,1987,"Girls, Girls, Girls by Motley Crue",25
Wild Side,Motley Crue,1987,Wild Side by Motley Crue,11
Learning to Fly,Pink Floyd,1987,Learning to Fly by Pink Floyd,44
On The Turning Away,Pink Floyd,1987,On The Turning Away by Pink Floyd,15
One Slip,Pink Floyd,1987,One Slip by Pink Floyd,1
The Dogs Of War,Pink Floyd,1987,The Dogs Of War by Pink Floyd,2
Talk Dirty To Me,Poison,1987,Talk Dirty To Me by Poison,1
It's the End of the World As We Know It (And I Feel Fine),R.E.M.,1987,It's the End of the World As We Know It (And I Feel Fine) by R.E.M.,30
The One I Love,R.E.M.,1987,The One I Love by R.E.M.,35
Time Stand Still (live),Rush,1987,Time Stand Still (live) by Rush,1
Jammin' Me,Tom Petty & The Heartbreakers,1987,Jammin' Me by Tom Petty & The Heartbreakers,2
Bullet the Blue Sky,U2,1987,Bullet the Blue Sky by U2,5
I Still Haven't Found What I'm Looking For,U2,1987,I Still Haven't Found What I'm Looking For by U2,53
Sweetest Thing,U2,1987,Sweetest Thing by U2,1
Where the Streets Have No Name,U2,1987,Where the Streets Have No Name by U2,36
With Or Without You,U2,1987,With Or Without You by U2,49
Here I Go Again,Whitesnake,1987,Here I Go Again by Whitesnake,84
Is This Love,Whitesnake,1987,Is This Love by Whitesnake,7
Bad Medicine,Bon Jovi,1988,Bad Medicine by Bon Jovi,7
Lay Your Hands On Me,Bon Jovi,1988,Lay Your Hands On Me by Bon Jovi,2
Coming Home,Cinderella,1988,Coming Home by Cinderella,1
Don't Know What You Got,Cinderella,1988,Don't Know What You Got by Cinderella,3
Gypsy Road,Cinderella,1988,Gypsy Road by Cinderella,1
Patience,Guns N' Roses,1988,Patience by Guns N' Roses,21
Used To Love Her,Guns N' Roses,1988,Used To Love Her by Guns N' Roses,1
Devil Inside,INXS,1988,Devil Inside by INXS,5
Jane Says,Jane's Addiction,1988,Jane Says by Jane's Addiction,1
I Hate Myself For Loving You,Joan Jett,1988,I Hate Myself For Loving You by Joan Jett,16
Close My Eyes Forever,Lita Ford,1988,Close My Eyes Forever by Lita Ford,5
Kiss Me Deadly,Lita Ford,1988,Kiss Me Deadly by Lita Ford,1
Cult Of Personality,Living Colour,1988,Cult Of Personality by Living Colour,12
Harvester Of Sorrow,Metallica,1988,Harvester Of Sorrow by Metallica,1
One,Metallica,1988,One by Metallica,1
Beds Are Burning,Midnight Oil,1988,Beds Are Burning by Midnight Oil,6
Every Rose Has Its Thorn,Poison,1988,Every Rose Has Its Thorn by Poison,22
Nothin' But A Good Time,Poison,1988,Nothin' But A Good Time by Poison,21
Orange Crush,R.E.M.,1988,Orange Crush by R.E.M.,10
Stand,R.E.M.,1988,Stand by R.E.M.,18
Simply Irresistible,Robert Palmer,1988,Simply Irresistible by Robert Palmer,1
Copperhead Road,Steve Earle,1988,Copperhead Road by Steve Earle,3
Roll With It,Steve Winwood,1988,Roll With It by Steve Winwood,1
End of the Line,The Traveling Wilburys,1988,End of the Line by The Traveling Wilburys,2
Handle with Care,The Traveling Wilburys,1988,Handle with Care by The Traveling Wilburys,5
Angel Of Harlem,U2,1988,Angel Of Harlem by U2,1
Desire,U2,1988,Desire by U2,13
When Love Comes to Town,U2,1988,When Love Comes to Town by U2,1
When It's Love,Van Halen,1988,When It's Love by Van Halen,22
Janie's Got A Gun,Aerosmith,1989,Janie's Got A Gun by Aerosmith,34
Love In An Elevator,Aerosmith,1989,Love In An Elevator by Aerosmith,35
What It Takes,Aerosmith,1989,What It Takes by Aerosmith,31
Black Velvet,Alannah Myles,1989,Black Velvet by Alannah Myles,1
When I See You Smile,Bad English,1989,When I See You Smile by Bad English,1
Born To Be My Baby,Bon Jovi,1989,Born To Be My Baby by Bon Jovi,1
The Heart of the Matter,Don Henley,1989,The Heart of the Matter by Don Henley,11
Veronica,Elvis Costello,1989,Veronica by Elvis Costello,8
Bad Love,Eric Clapton,1989,Bad Love by Eric Clapton,14
Pretending,Eric Clapton,1989,Pretending by Eric Clapton,6
Epic,Faith No More,1989,Epic by Faith No More,3
"Once Bitten, Twice Shy",Great White,1989,"Once Bitten, Twice Shy by Great White",12
Don't Go Away Mad (Just Go Away),Motley Crue,1989,Don't Go Away Mad (Just Go Away) by Motley Crue,4
Dr. Feelgood,Motley Crue,1989,Dr. Feelgood by Motley Crue,17
Kickstart My Heart,Motley Crue,1989,Kickstart My Heart by Motley Crue,25
Same Ol' Situation,Motley Crue,1989,Same Ol' Situation by Motley Crue,4
Rockin' In the Free World,Neil Young,1989,Rockin' In the Free World by Neil Young,38
About a Girl,Nirvana,1989,About a Girl by Nirvana,2
Almost Hear You Sigh,Rolling Stones,1989,Almost Hear You Sigh by Rolling Stones,1
Show Don't Tell,Rush,1989,Show Don't Tell by Rush,2
18 And Life,Skid Row,1989,18 And Life by Skid Row,17
I Remember You,Skid Row,1989,I Remember You by Skid Row,30
Youth Gone Wild,Skid Row,1989,Youth Gone Wild by Skid Row,22
Crossfire,Stevie Ray Vaughan,1989,Crossfire by Stevie Ray Vaughan,17
The House Is Rockin',Stevie Ray Vaughan,1989,The House Is Rockin' by Stevie Ray Vaughan,17
Love Song,Tesla,1989,Love Song by Tesla,4
Love Shack,The B-52's,1989,Love Shack by The B-52's,5
Fire Woman,The Cult,1989,Fire Woman by The Cult,3
A Girl Like You,The Smithereens,1989,A Girl Like You by The Smithereens,1
Free Fallin',Tom Petty & The Heartbreakers,1989,Free Fallin' by Tom Petty & The Heartbreakers,90
I Won't Back Down,Tom Petty & The Heartbreakers,1989,I Won't Back Down by Tom Petty & The Heartbreakers,76
Runnin' Down a Dream,Tom Petty & The Heartbreakers,1989,Runnin' Down a Dream by Tom Petty & The Heartbreakers,96
Thunderstruck,AC/DC,1990,Thunderstruck by AC/DC,34
Man In The Box,Alice In Chains,1990,Man In The Box by Alice In Chains,13
Good Clean Fun,Allman Brothers Band,1990,Good Clean Fun by Allman Brothers Band,2
Cradle of Love,Billy Idol,1990,Cradle of Love by Billy Idol,6
Blaze of Glory,Bon Jovi,1990,Blaze of Glory by Bon Jovi,8
High Enough,Damn Yankees,1990,High Enough by Damn Yankees,1
Enjoy the Silence,Depeche Mode,1990,Enjoy the Silence by Depeche Mode,2
Cliffs Of Dover,Eric Johnson,1990,Cliffs Of Dover by Eric Johnson,2
House Of Pain,Faster Pussycat,1990,House Of Pain by Faster Pussycat,1
Been Caught Stealing,Jane's Addiction,1990,Been Caught Stealing by Jane's Addiction,3
Brickyard Road,Johnny Van Zant,1990,Brickyard Road by Johnny Van Zant,1
Something To Believe In,Poison,1990,Something To Believe In by Poison,1
Another Rainy Night,Queensryche,1990,Another Rainy Night by Queensryche,2
Jet City Woman,Queensryche,1990,Jet City Woman by Queensryche,6
Silent Lucidity,Queensryche,1990,Silent Lucidity by Queensryche,10
Wind Of Change,Scorpions,1990,Wind Of Change by Scorpions,10
Fly To The Angels,Slaughter,1990,Fly To The Angels by Slaughter,1
Hunger Strike,Temple of the Dog,1990,Hunger Strike by Temple of the Dog,4
Hard To Handle,The Black Crowes,1990,Hard To Handle by The Black Crowes,83
She Talks To Angels,The Black Crowes,1990,She Talks To Angels by The Black Crowes,44
Twice As Hard,The Black Crowes,1990,Twice As Hard by The Black Crowes,10
Cherry Pie,Warrant,1990,Cherry Pie by Warrant,6
More Than Words,Extreme,1991,More Than Words by Extreme,1
Civil War,Guns N' Roses,1991,Civil War by Guns N' Roses,1
November Rain,Guns N' Roses,1991,November Rain by Guns N' Roses,13
Right Here Right Now,Jesus Jones,1991,Right Here Right Now by Jesus Jones,3
Ordinary Average Guy,Joe Walsh,1991,Ordinary Average Guy by Joe Walsh,2
Enter Sandman,Metallica,1991,Enter Sandman by Metallica,34
Nothing Else Matters,Metallica,1991,Nothing Else Matters by Metallica,10
Sad But True,Metallica,1991,Sad But True by Metallica,4
The Unforgiven,Metallica,1991,The Unforgiven by Metallica,19
Wherever I May Roam,Metallica,1991,Wherever I May Roam by Metallica,3
Come As You Are,Nirvana,1991,Come As You Are by Nirvana,39
In Bloom,Nirvana,1991,In Bloom by Nirvana,11
Lithium,Nirvana,1991,Lithium by Nirvana,10
On a Plain,Nirvana,1991,On a Plain by Nirvana,2
Polly,Nirvana,1991,Polly by Nirvana,2
Smells Like Teen Spirit,Nirvana,1991,Smells Like Teen Spirit by Nirvana,24
"Mama, I'm Coming Home",Ozzy Osbourne,1991,"Mama, I'm Coming Home by Ozzy Osbourne",31
No More Tears,Ozzy Osbourne,1991,No More Tears by Ozzy Osbourne,8
Road To Nowhere,Ozzy Osbourne,1991,Road To Nowhere by Ozzy Osbourne,1
Alive,Pearl Jam,1991,Alive by Pearl Jam,16
Black,Pearl Jam,1991,Black by Pearl Jam,11
Even Flow,Pearl Jam,1991,Even Flow by Pearl Jam,16
Jeremy,Pearl Jam,1991,Jeremy by Pearl Jam,16
THESE ARE THE DAYS OF OUR LI,Queen,1991,THESE ARE THE DAYS OF OUR LI by Queen,1
Losing My Religion,R.E.M.,1991,Losing My Religion by R.E.M.,27
Give It Away,Red Hot Chili Peppers,1991,Give It Away by Red Hot Chili Peppers,7
Under the Bridge,Red Hot Chili Peppers,1991,Under the Bridge by Red Hot Chili Peppers,28
Two Princes,Spin Doctors,1991,Two Princes by Spin Doctors,1
Learning To Fly,Tom Petty & The Heartbreakers,1991,Learning To Fly by Tom Petty & The Heartbreakers,23
Even Better Than the Real Thing,U2,1991,Even Better Than the Real Thing by U2,3
Mysterious Ways,U2,1991,Mysterious Ways by U2,38
One,U2,1991,One by U2,18
Poundcake,Van Halen,1991,Poundcake by Van Halen,1
Right Now,Van Halen,1991,Right Now by Van Halen,25
What's Up?,4 Non Blondes,1992,What's Up? by 4 Non Blondes,3
Down in a Hole,Alice In Chains,1992,Down in a Hole by Alice In Chains,1
Rooster,Alice In Chains,1992,Rooster by Alice In Chains,2
Them Bones,Alice In Chains,1992,Them Bones by Alice In Chains,2
Would?,Alice In Chains,1992,Would? by Alice In Chains,2
No Rain,Blind Melon,1992,No Rain by Blind Melon,2
Hey Jealousy,Gin Blossoms,1992,Hey Jealousy by Gin Blossoms,3
Mr. Tinkertrain,Ozzy Osbourne,1992,Mr. Tinkertrain by Ozzy Osbourne,1
Yellow Ledbetter,Pearl Jam,1992,Yellow Ledbetter by Pearl Jam,2
Man On the Moon,R.E.M.,1992,Man On the Moon by R.E.M.,23
Breaking the Girl,Red Hot Chili Peppers,1992,Breaking the Girl by Red Hot Chili Peppers,1
Plush,Stone Temple Pilots,1992,Plush by Stone Temple Pilots,33
Remedy,The Black Crowes,1992,Remedy by The Black Crowes,7
Life Is a Highway,Tom Cochrane,1992,Life Is a Highway by Tom Cochrane,10
Big Gun,AC/DC,1993,Big Gun by AC/DC,6
Crazy,Aerosmith,1993,Crazy by Aerosmith,7
Cryin',Aerosmith,1993,Cryin' by Aerosmith,15
Livin' On The Edge,Aerosmith,1993,Livin' On The Edge by Aerosmith,27
Far Behind,Candlebox,1993,Far Behind by Candlebox,3
Shine,Collective Soul,1993,Shine by Collective Soul,20
Mr. Jones,Counting Crows,1993,Mr. Jones by Counting Crows,2
Low,Cracker,1993,Low by Cracker,2
Found Out About You,Gin Blossoms,1993,Found Out About You by Gin Blossoms,1
Are You Gonna Go My Way,Lenny Kravitz,1993,Are You Gonna Go My Way by Lenny Kravitz,11
I'm the Only One,Melissa Etheridge,1993,I'm the Only One by Melissa Etheridge,1
All Apologies,Nirvana,1993,All Apologies by Nirvana,15
Dumb,Nirvana,1993,Dumb by Nirvana,1
Daughter,Pearl Jam,1993,Daughter by Pearl Jam,10
Elderly Woman Behind the Counter in a Small Town,Pearl Jam,1993,Elderly Woman Behind the Counter in a Small Town by Pearl Jam,2
Soul to Squeeze,Red Hot Chili Peppers,1993,Soul to Squeeze by Red Hot Chili Peppers,8
Today,Smashing Pumpkins,1993,Today by Smashing Pumpkins,2
Creep,Stone Temple Pilots,1993,Creep by Stone Temple Pilots,7
Mary Jane's Last Dance,Tom Petty & The Heartbreakers,1993,Mary Jane's Last Dance by Tom Petty & The Heartbreakers,51
No Excuses,Alice In Chains,1994,No Excuses by Alice In Chains,2
No One to Run With,Allman Brothers Band,1994,No One to Run With by Allman Brothers Band,3
Loser,Beck,1994,Loser by Beck,1
Comedown,Bush,1994,Comedown by Bush,5
Machinehead,Bush,1994,Machinehead by Bush,3
Basket Case,Green Day,1994,Basket Case by Green Day,5
Longview,Green Day,1994,Longview by Green Day,2
When I Come Around,Green Day,1994,When I Come Around by Green Day,14
Lightning Crashes,Live,1994,Lightning Crashes by Live,4
Better Man,Pearl Jam,1994,Better Man by Pearl Jam,17
Dissident,Pearl Jam,1994,Dissident by Pearl Jam,2
Not for You,Pearl Jam,1994,Not for You by Pearl Jam,1
Keep Talking,Pink Floyd,1994,Keep Talking by Pink Floyd,4
Take It Back,Pink Floyd,1994,Take It Back by Pink Floyd,1
Black Hole Sun,Soundgarden,1994,Black Hole Sun by Soundgarden,16
Fell On Black Days,Soundgarden,1994,Fell On Black Days by Soundgarden,4
Spoonman,Soundgarden,1994,Spoonman by Soundgarden,6
Big Empty,Stone Temple Pilots,1994,Big Empty by Stone Temple Pilots,7
Interstate Love Song,Stone Temple Pilots,1994,Interstate Love Song by Stone Temple Pilots,23
Vasoline,Stone Temple Pilots,1994,Vasoline by Stone Temple Pilots,3
Come Out and Play,The Offspring,1994,Come Out and Play by The Offspring,4
Self Esteem,The Offspring,1994,Self Esteem by The Offspring,4
You Don't Know How It Feels,Tom Petty & The Heartbreakers,1994,You Don't Know How It Feels by Tom Petty & The Heartbreakers,31
You Wreck Me,Tom Petty & The Heartbreakers,1994,You Wreck Me by Tom Petty & The Heartbreakers,41
Buddy Holly,Weezer,1994,Buddy Holly by Weezer,2
Hard As A Rock,AC/DC,1995,Hard As A Rock by AC/DC,1
Hand In My Pocket,Alanis Morissette,1995,Hand In My Pocket by Alanis Morissette,1
You Oughta Know,Alanis Morissette,1995,You Oughta Know by Alanis Morissette,6
The World I Know,Collective Soul,1995,The World I Know by Collective Soul,1
Counting Blue Cars,Dishwalla,1995,Counting Blue Cars by Dishwalla,3
Brain Stew/Jaded,Green Day,1995,Brain Stew/Jaded by Green Day,1
Wonderwall,Oasis,1995,Wonderwall by Oasis,3
Perry Mason,Ozzy Osbourne,1995,Perry Mason by Ozzy Osbourne,2
1979,Smashing Pumpkins,1995,1979 by Smashing Pumpkins,3
Bullet With Butterfly Wings,Smashing Pumpkins,1995,Bullet With Butterfly Wings by Smashing Pumpkins,1
Santa Monica,Everclear,1996,Santa Monica by Everclear,2
Bound for the Floor,Local H,1996,Bound for the Floor by Local H,2
Hero of the Day,Metallica,1996,Hero of the Day by Metallica,1
Until It Sleeps,Metallica,1996,Until It Sleeps by Metallica,2
Test For Echo,Rush,1996,Test For Echo by Rush,23
Burden in My Hand,Soundgarden,1996,Burden in My Hand by Soundgarden,1
What I Got,Sublime,1996,What I Got by Sublime,4
Wrong Way,Sublime,1996,Wrong Way by Sublime,2
One Headlight,The Wallflowers,1996,One Headlight by The Wallflowers,2
Pink,Aerosmith,1997,Pink by Aerosmith,1
Song 2,Blur,1997,Song 2 by Blur,3
Everlong,Foo Fighters,1997,Everlong by Foo Fighters,6
Monkey Wrench,Foo Fighters,1997,Monkey Wrench by Foo Fighters,3
My Hero,Foo Fighters,1997,My Hero by Foo Fighters,7
Good Riddance (Time Of Your Life),Green Day,1997,Good Riddance (Time Of Your Life) by Green Day,10
Fuel,Metallica,1997,Fuel by Metallica,2
The Memory Remains,Metallica,1997,The Memory Remains by Metallica,3
Semi-Charmed Life,Third Eye Blind,1997,Semi-Charmed Life by Third Eye Blind,1
Cowboy,Kid Rock,1998,Cowboy by Kid Rock,3
American Woman,Lenny Kravitz,1998,American Woman by Lenny Kravitz,4
Fly Away,Lenny Kravitz,1998,Fly Away by Lenny Kravitz,10
Breadfan,Metallica,1998,Breadfan by Metallica,2
Iris,The Goo Goo Dolls,1998,Iris by The Goo Goo Dolls,2
The Kids Aren't Alright,The Offspring,1998,The Kids Aren't Alright by The Offspring,1
All the Small Things,Blink-182,1999,All the Small Things by Blink-182,1
Higher,Creed,1999,Higher by Creed,4
With Arms Wide Open,Creed,1999,With Arms Wide Open by Creed,1
What It's Like,Everlast,1999,What It's Like by Everlast,4
Learn To Fly,Foo Fighters,1999,Learn To Fly by Foo Fighters,10
My Own Worst Enemy,Lit,1999,My Own Worst Enemy by Lit,2
No Leaf Clover,Metallica,1999,No Leaf Clover by Metallica,1
Last Kiss,Pearl Jam,1999,Last Kiss by Pearl Jam,3
Californication,Red Hot Chili Peppers,1999,Californication by Red Hot Chili Peppers,4
Scar Tissue,Red Hot Chili Peppers,1999,Scar Tissue by Red Hot Chili Peppers,8
Put Your Lights On (feat. Everlast),Santana,1999,Put Your Lights On (feat. Everlast) by Santana,2
Smooth,Santana,1999,Smooth by Santana,2
All Star,Smash Mouth,1999,All Star by Smash Mouth,2
Kryptonite,3 Doors Down,2000,Kryptonite by 3 Doors Down,13
Loser,3 Doors Down,2000,Loser by 3 Doors Down,1
Beautiful Day,U2,2000,Beautiful Day by U2,7
Jaded,Aerosmith,2001,Jaded by Aerosmith,1
How You Remind Me,Nickelback,2001,How You Remind Me by Nickelback,4
Blurry,Puddle of Mudd,2001,Blurry by Puddle of Mudd,1
It's Been Awhile,Staind,2001,It's Been Awhile by Staind,4
When I'm Gone,3 Doors Down,2002,When I'm Gone by 3 Doors Down,6
Like a Stone,Audioslave,2002,Like a Stone by Audioslave,1
All My Life,Foo Fighters,2002,All My Life by Foo Fighters,2
Times Like These,Foo Fighters,2002,Times Like These by Foo Fighters,1
No One Knows,Queens of the Stone Age,2002,No One Knows by Queens of the Stone Age,1
By the Way,Red Hot Chili Peppers,2002,By the Way by Red Hot Chili Peppers,1
Are You Gonna Be My Girl,Jet,2003,Are You Gonna Be My Girl by Jet,1
45,Shinedown,2003,45 by Shinedown,2
Seven Nation Army,The White Stripes,2003,Seven Nation Army by The White Stripes,1
Boulevard Of Broken Dreams,Green Day,2004,Boulevard Of Broken Dreams by Green Day,6
Holiday (Live),Green Day,2004,Holiday (Live) by Green Day,4
Holiday / Boulevard of Broken Dreams,Green Day,2004,Holiday / Boulevard of Broken Dreams by Green Day,5
Cold Hard Bitch,Jet,2004,Cold Hard Bitch by Jet,2
Vertigo,U2,2004,Vertigo by U2,3
Best of You,Foo Fighters,2005,Best of You by Foo Fighters,1
Photograph,Nickelback,2005,Photograph by Nickelback,1
Rockstar,Nickelback,2005,Rockstar by Nickelback,10
Remedy,Seether,2005,Remedy by Seether,1
Get Together,The Youngbloods,2005,Get Together by The Youngbloods,2
Dani California,Red Hot Chili Peppers,2006,Dani California by Red Hot Chili Peppers,3
Sorry,Buckcherry,2007,Sorry by Buckcherry,1
The Pretender,Foo Fighters,2007,The Pretender by Foo Fighters,1
All Summer Long,Kid Rock,2007,All Summer Long by Kid Rock,8
Sex On Fire,Kings of Leon,2008,Sex On Fire by Kings of Leon,1
Use Somebody,Kings of Leon,2008,Use Somebody by Kings of Leon,2
Goodbye Daughters of the Revolution,The Black Crowes,2008,Goodbye Daughters of the Revolution by The Black Crowes,1
These Days,Foo Fighters,2011,These Days by Foo Fighters,2
Gold On The Ceiling,The Black Keys,2011,Gold On The Ceiling by The Black Keys,3
Lonely Boy,The Black Keys,2011,Lonely Boy by The Black Keys,6
Radioactive,Imagine Dragons,2012,Radioactive by Imagine Dragons,3
Analog Man,Joe Walsh,2012,Analog Man by Joe Walsh,1
Funk #49,Joe Walsh,2012,Funk #49 by Joe Walsh,4
Let's Ride,Kid Rock,2012,Let's Ride by Kid Rock,1
Doom And Gloom,Rolling Stones,2012,Doom And Gloom by Rolling Stones,1
Lightning Bolt,Pearl Jam,2013,Lightning Bolt by Pearl Jam,4
Sirens,Pearl Jam,2013,Sirens by Pearl Jam,3
Dog On A Leash,Adelitas Way,2014,Dog On A Leash by Adelitas Way,4
Take Out The Gunman,Chevelle,2014,Take Out The Gunman by Chevelle,4
