State,Week,Cases,Population
Alabama,1,29,5024279
Alabama,2,167,5024279
Alabama,3,751,5024279
Alabama,4,1058,5024279
Alabama,5,1800,5024279
Alabama,6,1273,5024279
Alabama,7,1461,5024279
Alabama,8,1573,5024279
Alabama,9,2052,5024279
Alabama,10,1922,5024279
Alabama,11,2900,5024279
Alabama,12,3548,5024279
Alabama,13,2391,5024279
Alabama,14,5347,5024279
Alabama,15,4182,5024279
Alabama,16,6721,5024279
Alabama,17,7703,5024279
Alabama,18,10667,5024279
Alabama,19,13346,5024279
Alabama,20,12224,5024279
Alabama,21,11546,5024279
Alabama,22,10359,5024279
Alabama,23,5984,5024279
Alabama,24,7706,5024279
Alabama,25,9348,5024279
Alabama,26,6915,5024279
Alabama,27,6486,5024279
Alabama,28,6321,5024279
Alabama,29,7203,5024279
Alabama,30,6730,5024279
Alabama,31,6363,5024279
Alabama,32,7409,5024279
Alabama,33,11837,5024279
Alabama,34,9570,5024279
Alabama,35,9965,5024279
Alabama,36,14375,5024279
Alabama,37,14848,5024279
Alabama,38,15444,5024279
Alabama,39,22705,5024279
Alabama,40,25666,5024279
Alabama,41,26937,5024279
Alabama,42,23065,5024279
Alabama,43,26198,5024279
Alabama,44,29905,5024279
Alabama,45,20028,5024279
Alabama,46,18981,5024279
Alabama,47,17851,5024279
Alabama,48,12488,5024279
Alabama,49,8257,5024279
Alabama,50,5915,5024279
Alabama,51,6249,5024279
Alabama,52,6323,5024279
Alabama,53,8137,5024279
Alabama,54,3550,5024279
Alabama,55,2840,5024279
Alabama,56,2299,5024279
Alabama,57,2153,5024279
Alabama,58,3441,5024279
Alabama,59,3836,5024279
Alabama,60,2436,5024279
Alabama,61,2310,5024279
Alabama,62,9173,5024279
Alabama,63,1989,5024279
Alabama,64,1149,5024279
Alabama,65,2919,5024279
Alabama,66,1549,5024279
Alabama,67,1140,5024279
Alabama,68,1438,5024279
Alabama,69,847,5024279
Alabama,70,3917,5024279
Alabama,71,5705,5024279
Alabama,72,11150,5024279
Alabama,73,17040,5024279
Alabama,74,22976,5024279
Alabama,75,25277,5024279
Alabama,76,28290,5024279
Alabama,77,28870,5024279
Alabama,78,30165,5024279
Alabama,79,25610,5024279
Alabama,80,22013,5024279
Alabama,81,18337,5024279
Alabama,82,10780,5024279
Alabama,83,7171,5024279
Alabama,84,5764,5024279
Alabama,85,5949,5024279
Alabama,86,11952,5024279
Alabama,87,3991,5024279
Alabama,88,3698,5024279
Alabama,89,3208,5024279
Alabama,90,2123,5024279
Alabama,91,3495,5024279
Alabama,92,3795,5024279
Alabama,93,5822,5024279
Alabama,94,12231,5024279
Alabama,95,42976,5024279
Alabama,96,71279,5024279
Alabama,97,79654,5024279
Alabama,98,88613,5024279
Alabama,99,65108,5024279
Alabama,100,27619,5024279
Alabama,101,17920,5024279
Alabama,102,9688,5024279
Alabama,103,6081,5024279
Alabama,104,7090,5024279
Alabama,105,2855,5024279
Alabama,106,2051,5024279
Alabama,107,2971,5024279
Alabama,108,1369,5024279
Alabama,109,1190,5024279
Alabama,110,778,5024279
Alabama,111,1947,5024279
Alabama,112,1355,5024279
Alabama,113,1774,5024279
Alabama,114,2720,5024279
Alabama,115,3520,5024279
Alabama,116,3252,5024279
Alabama,117,8271,5024279
Alabama,118,7613,5024279
Alabama,119,9856,5024279
Alabama,120,12558,5024279
Alabama,121,11653,5024279
Alabama,122,15871,5024279
Alabama,123,18026,5024279
Alabama,124,17141,5024279
Alabama,125,10985,5024279
Alabama,126,12047,5024279
Alabama,127,13354,5024279
Alabama,128,14121,5024279
Alabama,129,9442,5024279
Alabama,130,16690,5024279
Alabama,131,12013,5024279
Alabama,132,6487,5024279
Alabama,133,5297,5024279
Alabama,134,3798,5024279
Alabama,135,2491,5024279
Alabama,136,3558,5024279
Alabama,137,1366,5024279
Alabama,138,2982,5024279
Alabama,139,0,5024279
Alabama,140,6042,5024279
Alabama,141,1898,5024279
Alabama,142,2872,5024279
Alabama,143,4186,5024279
Alabama,144,5807,5024279
Alabama,145,6465,5024279
Alabama,146,7377,5024279
Alabama,147,4703,5024279
Alabama,148,13587,5024279
Alabama,149,8925,5024279
Alabama,150,6742,5024279
Alabama,151,7644,5024279
Alabama,152,7315,5024279
Alabama,153,9820,5024279
Alabama,154,6073,5024279
Alabama,155,4605,5024279
Alabama,156,3714,5024279
Alabama,157,2471,5024279
Alabama,158,1890,5024279
Alabama,159,1962,5024279
Alaska,1,3,733391
Alaska,2,33,733391
Alaska,3,84,733391
Alaska,4,69,733391
Alaska,5,86,733391
Alaska,6,44,733391
Alaska,7,24,733391
Alaska,8,25,733391
Alaska,9,12,733391
Alaska,10,19,733391
Alaska,11,13,733391
Alaska,12,64,733391
Alaska,13,131,733391
Alaska,14,131,733391
Alaska,15,131,733391
Alaska,16,216,733391
Alaska,17,316,733391
Alaska,18,442,733391
Alaska,19,569,733391
Alaska,20,792,733391
Alaska,21,858,733391
Alaska,22,475,733391
Alaska,23,571,733391
Alaska,24,518,733391
Alaska,25,449,733391
Alaska,26,562,733391
Alaska,27,576,733391
Alaska,28,562,733391
Alaska,29,702,733391
Alaska,30,1034,733391
Alaska,31,1294,733391
Alaska,32,1333,733391
Alaska,33,2178,733391
Alaska,34,2632,733391
Alaska,35,3237,733391
Alaska,36,4083,733391
Alaska,37,3860,733391
Alaska,38,4279,733391
Alaska,39,4943,733391
Alaska,40,4013,733391
Alaska,41,2438,733391
Alaska,42,1873,733391
Alaska,43,2436,733391
Alaska,44,2001,733391
Alaska,45,1674,733391
Alaska,46,1276,733391
Alaska,47,1030,733391
Alaska,48,1283,733391
Alaska,49,634,733391
Alaska,50,1308,733391
Alaska,51,913,733391
Alaska,52,981,733391
Alaska,53,964,733391
Alaska,54,860,733391
Alaska,55,710,733391
Alaska,56,1742,733391
Alaska,57,1169,733391
Alaska,58,1180,733391
Alaska,59,1132,733391
Alaska,60,905,733391
Alaska,61,687,733391
Alaska,62,473,733391
Alaska,63,392,733391
Alaska,64,203,733391
Alaska,65,310,733391
Alaska,66,195,733391
Alaska,67,240,733391
Alaska,68,209,733391
Alaska,69,193,733391
Alaska,70,517,733391
Alaska,71,990,733391
Alaska,72,1476,733391
Alaska,73,1842,733391
Alaska,74,2187,733391
Alaska,75,2421,733391
Alaska,76,3374,733391
Alaska,77,3622,733391
Alaska,78,2724,733391
Alaska,79,5951,733391
Alaska,80,5820,733391
Alaska,81,9189,733391
Alaska,82,6212,733391
Alaska,83,6167,733391
Alaska,84,3627,733391
Alaska,85,7166,733391
Alaska,86,4444,733391
Alaska,87,4018,733391
Alaska,88,2771,733391
Alaska,89,2568,733391
Alaska,90,1976,733391
Alaska,91,1703,733391
Alaska,92,1287,733391
Alaska,93,1221,733391
Alaska,94,1098,733391
Alaska,95,3874,733391
Alaska,96,8490,733391
Alaska,97,9965,733391
Alaska,98,22291,733391
Alaska,99,15878,733391
Alaska,100,10973,733391
Alaska,101,5124,733391
Alaska,102,2801,733391
Alaska,103,3436,733391
Alaska,104,1728,733391
Alaska,105,2653,733391
Alaska,106,1314,733391
Alaska,107,1128,733391
Alaska,108,1344,733391
Alaska,109,934,733391
Alaska,110,1297,733391
Alaska,111,1526,733391
Alaska,112,1487,733391
Alaska,113,1459,733391
Alaska,114,1620,733391
Alaska,115,1948,733391
Alaska,116,2452,733391
Alaska,117,2250,733391
Alaska,118,2869,733391
Alaska,119,2445,733391
Alaska,120,3014,733391
Alaska,121,3686,733391
Alaska,122,3320,733391
Alaska,123,3485,733391
Alaska,124,3892,733391
Alaska,125,2965,733391
Alaska,126,3722,733391
Alaska,127,2559,733391
Alaska,128,2132,733391
Alaska,129,2192,733391
Alaska,130,1422,733391
Alaska,131,1097,733391
Alaska,132,1207,733391
Alaska,133,756,733391
Alaska,134,614,733391
Alaska,135,685,733391
Alaska,136,564,733391
Alaska,137,355,733391
Alaska,138,384,733391
Alaska,139,366,733391
Alaska,140,124,733391
Alaska,141,442,733391
Alaska,142,430,733391
Alaska,143,397,733391
Alaska,144,494,733391
Alaska,145,339,733391
Alaska,146,378,733391
Alaska,147,325,733391
Alaska,148,364,733391
Alaska,149,466,733391
Alaska,150,649,733391
Alaska,151,644,733391
Alaska,152,784,733391
Alaska,153,689,733391
Alaska,154,781,733391
Alaska,155,777,733391
Alaska,156,449,733391
Alaska,157,581,733391
Alaska,158,441,733391
Alaska,159,494,733391
American Samoa,129,0,733391
American Samoa,130,697,733391
American Samoa,131,49,733391
American Samoa,132,0,733391
American Samoa,133,27,733391
American Samoa,134,0,733391
American Samoa,135,0,733391
American Samoa,136,7,733391
American Samoa,137,0,733391
American Samoa,138,6,733391
American Samoa,139,0,733391
American Samoa,140,0,733391
American Samoa,141,5,733391
American Samoa,142,0,733391
American Samoa,143,1,733391
American Samoa,144,1,733391
American Samoa,145,1,733391
American Samoa,146,1,733391
American Samoa,147,0,733391
American Samoa,148,0,733391
American Samoa,149,43,733391
American Samoa,150,0,733391
American Samoa,151,8,733391
American Samoa,152,3,733391
American Samoa,153,0,733391
American Samoa,154,0,733391
American Samoa,155,0,733391
American Samoa,156,0,733391
American Samoa,157,0,733391
American Samoa,158,0,733391
American Samoa,159,1,733391
Arizona,1,18,7151502
Arizona,2,216,7151502
Arizona,3,935,7151502
Arizona,4,1297,7151502
Arizona,5,1236,7151502
Arizona,6,1362,7151502
Arizona,7,1652,7151502
Arizona,8,2203,7151502
Arizona,9,2461,7151502
Arizona,10,2790,7151502
Arizona,11,2391,7151502
Arizona,12,3562,7151502
Arizona,13,7638,7151502
Arizona,14,9244,7151502
Arizona,15,17762,7151502
Arizona,16,19835,7151502
Arizona,17,26940,7151502
Arizona,18,22375,7151502
Arizona,19,21403,7151502
Arizona,20,18598,7151502
Arizona,21,15588,7151502
Arizona,22,8128,7151502
Arizona,23,6393,7151502
Arizona,24,4394,7151502
Arizona,25,3445,7151502
Arizona,26,4105,7151502
Arizona,27,2755,7151502
Arizona,28,5525,7151502
Arizona,29,3262,7151502
Arizona,30,3578,7151502
Arizona,31,4981,7151502
Arizona,32,5861,7151502
Arizona,33,7260,7151502
Arizona,34,9100,7151502
Arizona,35,12353,7151502
Arizona,36,16533,7151502
Arizona,37,26009,7151502
Arizona,38,23858,7151502
Arizona,39,39318,7151502
Arizona,40,54095,7151502
Arizona,41,40886,7151502
Arizona,42,43271,7151502
Arizona,43,56926,7151502
Arizona,44,66229,7151502
Arizona,45,51511,7151502
Arizona,46,48949,7151502
Arizona,47,34227,7151502
Arizona,48,20771,7151502
Arizona,49,15616,7151502
Arizona,50,11054,7151502
Arizona,51,8369,7151502
Arizona,52,8969,7151502
Arizona,53,6154,7151502
Arizona,54,3346,7151502
Arizona,55,3764,7151502
Arizona,56,4420,7151502
Arizona,57,5325,7151502
Arizona,58,4207,7151502
Arizona,59,5034,7151502
Arizona,60,5092,7151502
Arizona,61,4893,7151502
Arizona,62,3974,7151502
Arizona,63,3736,7151502
Arizona,64,4268,7151502
Arizona,65,2745,7151502
Arizona,66,2951,7151502
Arizona,67,2965,7151502
Arizona,68,3449,7151502
Arizona,69,3450,7151502
Arizona,70,4551,7151502
Arizona,71,7721,7151502
Arizona,72,9327,7151502
Arizona,73,12778,7151502
Arizona,74,16858,7151502
Arizona,75,19617,7151502
Arizona,76,20852,7151502
Arizona,77,22387,7151502
Arizona,78,21707,7151502
Arizona,79,18070,7151502
Arizona,80,17945,7151502
Arizona,81,17505,7151502
Arizona,82,18207,7151502
Arizona,83,15826,7151502
Arizona,84,11615,7151502
Arizona,85,18006,7151502
Arizona,86,21008,7151502
Arizona,87,21375,7151502
Arizona,88,24828,7151502
Arizona,89,27934,7151502
Arizona,90,21682,7151502
Arizona,91,28267,7151502
Arizona,92,23504,7151502
Arizona,93,20402,7151502
Arizona,94,23711,7151502
Arizona,95,41908,7151502
Arizona,96,86819,7151502
Arizona,97,130438,7151502
Arizona,98,145444,7151502
Arizona,99,103342,7151502
Arizona,100,51806,7151502
Arizona,101,30718,7151502
Arizona,102,14536,7151502
Arizona,103,9186,7151502
Arizona,104,3879,7151502
Arizona,105,6549,7151502
Arizona,106,5153,7151502
Arizona,107,4566,7151502
Arizona,108,10143,7151502
Arizona,109,6840,7151502
Arizona,110,2777,7151502
Arizona,111,2377,7151502
Arizona,112,2350,7151502
Arizona,113,3911,7151502
Arizona,114,5490,7151502
Arizona,115,7204,7151502
Arizona,116,11498,7151502
Arizona,117,13042,7151502
Arizona,118,14677,7151502
Arizona,119,16334,7151502
Arizona,120,15373,7151502
Arizona,121,16514,7151502
Arizona,122,20198,7151502
Arizona,123,15280,7151502
Arizona,124,18135,7151502
Arizona,125,17249,7151502
Arizona,126,15034,7151502
Arizona,127,13501,7151502
Arizona,128,12244,7151502
Arizona,129,8505,7151502
Arizona,130,8661,7151502
Arizona,131,3666,7151502
Arizona,132,6119,7151502
Arizona,133,3999,7151502
Arizona,134,3402,7151502
Arizona,135,3675,7151502
Arizona,136,2400,7151502
Arizona,137,5438,7151502
Arizona,138,4813,7151502
Arizona,139,5129,7151502
Arizona,140,7360,7151502
Arizona,141,10775,7151502
Arizona,142,13410,7151502
Arizona,143,12987,7151502
Arizona,144,15983,7151502
Arizona,145,11550,7151502
Arizona,146,8281,7151502
Arizona,147,4973,7151502
Arizona,148,6187,7151502
Arizona,149,7374,7151502
Arizona,150,2751,7151502
Arizona,151,3554,7151502
Arizona,152,3087,7151502
Arizona,153,3099,7151502
Arizona,154,3379,7151502
Arizona,155,26866,7151502
Arizona,156,5663,7151502
Arizona,157,3850,7151502
Arizona,158,4262,7151502
Arizona,159,2656,7151502
Arkansas,1,22,3011524
Arkansas,2,179,3011524
Arkansas,3,307,3011524
Arkansas,4,419,3011524
Arkansas,5,548,3011524
Arkansas,6,496,3011524
Arkansas,7,1098,3011524
Arkansas,8,400,3011524
Arkansas,9,574,3011524
Arkansas,10,770,3011524
Arkansas,11,1216,3011524
Arkansas,12,1414,3011524
Arkansas,13,2297,3011524
Arkansas,14,3177,3011524
Arkansas,15,3166,3011524
Arkansas,16,4174,3011524
Arkansas,17,3996,3011524
Arkansas,18,4686,3011524
Arkansas,19,4988,3011524
Arkansas,20,5520,3011524
Arkansas,21,5150,3011524
Arkansas,22,5431,3011524
Arkansas,23,3049,3011524
Arkansas,24,3817,3011524
Arkansas,25,4330,3011524
Arkansas,26,5056,3011524
Arkansas,27,4347,3011524
Arkansas,28,5737,3011524
Arkansas,29,5685,3011524
Arkansas,30,5381,3011524
Arkansas,31,6057,3011524
Arkansas,32,6110,3011524
Arkansas,33,7130,3011524
Arkansas,34,6914,3011524
Arkansas,35,9170,3011524
Arkansas,36,11537,3011524
Arkansas,37,11842,3011524
Arkansas,38,11169,3011524
Arkansas,39,14683,3011524
Arkansas,40,15015,3011524
Arkansas,41,16050,3011524
Arkansas,42,13421,3011524
Arkansas,43,18253,3011524
Arkansas,44,21563,3011524
Arkansas,45,15919,3011524
Arkansas,46,12439,3011524
Arkansas,47,11792,3011524
Arkansas,48,10879,3011524
Arkansas,49,5975,3011524
Arkansas,50,2411,3011524
Arkansas,51,6750,3011524
Arkansas,52,2442,3011524
Arkansas,53,2109,3011524
Arkansas,54,1647,3011524
Arkansas,55,1301,3011524
Arkansas,56,1090,3011524
Arkansas,57,1124,3011524
Arkansas,58,1289,3011524
Arkansas,59,1258,3011524
Arkansas,60,1397,3011524
Arkansas,61,1420,3011524
Arkansas,62,1263,3011524
Arkansas,63,1337,3011524
Arkansas,64,1195,3011524
Arkansas,65,1114,3011524
Arkansas,66,1572,3011524
Arkansas,67,1628,3011524
Arkansas,68,2525,3011524
Arkansas,69,3605,3011524
Arkansas,70,5648,3011524
Arkansas,71,7659,3011524
Arkansas,72,10839,3011524
Arkansas,73,13309,3011524
Arkansas,74,15992,3011524
Arkansas,75,15391,3011524
Arkansas,76,15579,3011524
Arkansas,77,14023,3011524
Arkansas,78,14467,3011524
Arkansas,79,10915,3011524
Arkansas,80,9805,3011524
Arkansas,81,7668,3011524
Arkansas,82,5137,3011524
Arkansas,83,4832,3011524
Arkansas,84,4009,3011524
Arkansas,85,3308,3011524
Arkansas,86,2946,3011524
Arkansas,87,3034,3011524
Arkansas,88,3525,3011524
Arkansas,89,4529,3011524
Arkansas,90,3354,3011524
Arkansas,91,5864,3011524
Arkansas,92,5043,3011524
Arkansas,93,5381,3011524
Arkansas,94,7312,3011524
Arkansas,95,23178,3011524
Arkansas,96,47497,3011524
Arkansas,97,62707,3011524
Arkansas,98,57105,3011524
Arkansas,99,34878,3011524
Arkansas,100,18312,3011524
Arkansas,101,12640,3011524
Arkansas,102,7588,3011524
Arkansas,103,4685,3011524
Arkansas,104,3548,3011524
Arkansas,105,3381,3011524
Arkansas,106,4178,3011524
Arkansas,107,1483,3011524
Arkansas,108,589,3011524
Arkansas,109,555,3011524
Arkansas,110,538,3011524
Arkansas,111,779,3011524
Arkansas,112,948,3011524
Arkansas,113,1233,3011524
Arkansas,114,1468,3011524
Arkansas,115,1994,3011524
Arkansas,116,2505,3011524
Arkansas,117,2936,3011524
Arkansas,118,4416,3011524
Arkansas,119,5008,3011524
Arkansas,120,5860,3011524
Arkansas,121,7367,3011524
Arkansas,122,9288,3011524
Arkansas,123,9315,3011524
Arkansas,124,8902,3011524
Arkansas,125,8238,3011524
Arkansas,126,6736,3011524
Arkansas,127,6274,3011524
Arkansas,128,5156,3011524
Arkansas,129,6564,3011524
Arkansas,130,6851,3011524
Arkansas,131,5157,3011524
Arkansas,132,4492,3011524
Arkansas,133,3320,3011524
Arkansas,134,2227,3011524
Arkansas,135,2054,3011524
Arkansas,136,1856,3011524
Arkansas,137,2018,3011524
Arkansas,138,1804,3011524
Arkansas,139,2053,3011524
Arkansas,140,1921,3011524
Arkansas,141,1805,3011524
Arkansas,142,1992,3011524
Arkansas,143,3564,3011524
Arkansas,144,3603,3011524
Arkansas,145,3708,3011524
Arkansas,146,3463,3011524
Arkansas,147,3981,3011524
Arkansas,148,3331,3011524
Arkansas,149,2679,3011524
Arkansas,150,2355,3011524
Arkansas,151,2091,3011524
Arkansas,152,1569,3011524
Arkansas,153,1682,3011524
Arkansas,154,2519,3011524
Arkansas,155,2265,3011524
Arkansas,156,1494,3011524
Arkansas,157,1544,3011524
Arkansas,158,829,3011524
Arkansas,159,0,3011524
California,1,588,39538223
California,2,1652,39538223
California,3,5181,39538223
California,4,8940,39538223
California,5,7973,39538223
California,6,9528,39538223
California,7,11346,39538223
California,8,11125,39538223
California,9,13181,39538223
California,10,12429,39538223
California,11,15074,39538223
California,12,18626,39538223
California,13,18644,39538223
California,14,21375,39538223
California,15,28958,39538223
California,16,39375,39538223
California,17,53874,39538223
California,18,58337,39538223
California,19,63989,39538223
California,20,66908,39538223
California,21,55132,39538223
California,22,52032,39538223
California,23,60724,39538223
California,24,41245,39538223
California,25,36307,39538223
California,26,30146,39538223
California,27,24374,39538223
California,28,25157,39538223
California,29,22577,39538223
California,30,22925,39538223
California,31,22238,39538223
California,32,22706,39538223
California,33,31041,39538223
California,34,30441,39538223
California,35,41475,39538223
California,36,61767,39538223
California,37,89108,39538223
California,38,100740,39538223
California,39,162001,39538223
California,40,221677,39538223
California,41,312253,39538223
California,42,275855,39538223
California,43,265615,39538223
California,44,295843,39538223
California,45,261877,39538223
California,46,180580,39538223
California,47,128717,39538223
California,48,89523,39538223
California,49,59363,39538223
California,50,46491,39538223
California,51,36742,39538223
California,52,30230,39538223
California,53,22422,39538223
California,54,19257,39538223
California,55,18477,39538223
California,56,18916,39538223
California,57,21218,39538223
California,58,16627,39538223
California,59,13708,39538223
California,60,12759,39538223
California,61,12997,39538223
California,62,9958,39538223
California,63,8495,39538223
California,64,11044,39538223
California,65,7258,39538223
California,66,6354,39538223
California,67,6529,39538223
California,68,7631,39538223
California,69,50743,39538223
California,70,45750,39538223
California,71,31063,39538223
California,72,51172,39538223
California,73,69876,39538223
California,74,81105,39538223
California,75,85481,39538223
California,76,108524,39538223
California,77,96334,39538223
California,78,87927,39538223
California,79,73718,39538223
California,80,63878,39538223
California,81,54131,39538223
California,82,47472,39538223
California,83,40566,39538223
California,84,39665,39538223
California,85,27647,39538223
California,86,61188,39538223
California,87,44468,39538223
California,88,36220,39538223
California,89,36835,39538223
California,90,29104,39538223
California,91,48428,39538223
California,92,44666,39538223
California,93,54315,39538223
California,94,101136,39538223
California,95,277618,39538223
California,96,704570,39538223
California,97,829489,39538223
California,98,763508,39538223
California,99,507567,39538223
California,100,246928,39538223
California,101,176031,39538223
California,102,58146,39538223
California,103,82724,39538223
California,104,38051,39538223
California,105,30308,39538223
California,106,29402,39538223
California,107,20638,39538223
California,108,16497,39538223
California,109,24250,39538223
California,110,26925,39538223
California,111,34569,39538223
California,112,45481,39538223
California,113,55000,39538223
California,114,62476,39538223
California,115,102381,39538223
California,116,108245,39538223
California,117,105633,39538223
California,118,127274,39538223
California,119,103649,39538223
California,120,132338,39538223
California,121,133194,39538223
California,122,126170,39538223
California,123,156065,39538223
California,124,139858,39538223
California,125,119281,39538223
California,126,104608,39538223
California,127,90598,39538223
California,128,71087,39538223
California,129,73308,39538223
California,130,61549,39538223
California,131,45874,39538223
California,132,31651,39538223
California,133,33764,39538223
California,134,32592,39538223
California,135,24621,39538223
California,136,28301,39538223
California,137,23831,39538223
California,138,21887,39538223
California,139,23545,39538223
California,140,27586,39538223
California,141,37601,39538223
California,142,41727,39538223
California,143,55492,39538223
California,144,77178,39538223
California,145,67187,39538223
California,146,77361,39538223
California,147,53938,39538223
California,148,60297,39538223
California,149,39912,39538223
California,150,31158,39538223
California,151,22422,39538223
California,152,27930,39538223
California,153,26388,39538223
California,154,24856,39538223
California,155,27732,39538223
California,156,24657,39538223
California,157,22885,39538223
California,158,19533,39538223
California,159,14865,39538223
Colorado,1,161,5773714
Colorado,2,560,5773714
Colorado,3,1907,5773714
Colorado,4,2544,5773714
Colorado,5,2519,5773714
Colorado,6,2415,5773714
Colorado,7,3698,5773714
Colorado,8,2995,5773714
Colorado,9,2994,5773714
Colorado,10,2381,5773714
Colorado,11,2082,5773714
Colorado,12,2307,5773714
Colorado,13,1606,5773714
Colorado,14,1115,5773714
Colorado,15,1405,5773714
Colorado,16,1806,5773714
Colorado,17,1821,5773714
Colorado,18,2987,5773714
Colorado,19,3346,5773714
Colorado,20,4074,5773714
Colorado,21,3396,5773714
Colorado,22,2985,5773714
Colorado,23,2287,5773714
Colorado,24,2309,5773714
Colorado,25,2097,5773714
Colorado,26,2026,5773714
Colorado,27,2209,5773714
Colorado,28,3904,5773714
Colorado,29,4031,5773714
Colorado,30,4062,5773714
Colorado,31,5470,5773714
Colorado,32,7228,5773714
Colorado,33,10959,5773714
Colorado,34,15135,5773714
Colorado,35,22926,5773714
Colorado,36,33143,5773714
Colorado,37,34688,5773714
Colorado,38,30924,5773714
Colorado,39,32168,5773714
Colorado,40,24975,5773714
Colorado,41,21068,5773714
Colorado,42,15536,5773714
Colorado,43,16990,5773714
Colorado,44,19576,5773714
Colorado,45,13496,5773714
Colorado,46,10916,5773714
Colorado,47,10157,5773714
Colorado,48,9409,5773714
Colorado,49,8112,5773714
Colorado,50,7192,5773714
Colorado,51,8089,5773714
Colorado,52,7423,5773714
Colorado,53,7218,5773714
Colorado,54,6218,5773714
Colorado,55,8924,5773714
Colorado,56,9733,5773714
Colorado,57,10769,5773714
Colorado,58,11462,5773714
Colorado,59,11593,5773714
Colorado,60,11913,5773714
Colorado,61,9747,5773714
Colorado,62,8189,5773714
Colorado,63,5517,5773714
Colorado,64,5276,5773714
Colorado,65,4032,5773714
Colorado,66,4083,5773714
Colorado,67,2951,5773714
Colorado,68,2917,5773714
Colorado,69,2637,5773714
Colorado,70,3421,5773714
Colorado,71,3651,5773714
Colorado,72,4437,5773714
Colorado,73,6184,5773714
Colorado,74,7183,5773714
Colorado,75,7791,5773714
Colorado,76,11062,5773714
Colorado,77,10462,5773714
Colorado,78,13199,5773714
Colorado,79,13024,5773714
Colorado,80,13706,5773714
Colorado,81,11727,5773714
Colorado,82,13277,5773714
Colorado,83,16030,5773714
Colorado,84,15821,5773714
Colorado,85,17840,5773714
Colorado,86,19530,5773714
Colorado,87,21949,5773714
Colorado,88,20819,5773714
Colorado,89,22607,5773714
Colorado,90,15242,5773714
Colorado,91,16828,5773714
Colorado,92,14940,5773714
Colorado,93,12091,5773714
Colorado,94,25972,5773714
Colorado,95,57634,5773714
Colorado,96,82594,5773714
Colorado,97,95107,5773714
Colorado,98,76489,5773714
Colorado,99,45466,5773714
Colorado,100,24392,5773714
Colorado,101,16168,5773714
Colorado,102,10775,5773714
Colorado,103,9600,5773714
Colorado,104,6764,5773714
Colorado,105,5632,5773714
Colorado,106,7459,5773714
Colorado,107,8134,5773714
Colorado,108,6078,5773714
Colorado,109,10976,5773714
Colorado,110,8189,5773714
Colorado,111,10334,5773714
Colorado,112,8245,5773714
Colorado,113,7499,5773714
Colorado,114,18254,5773714
Colorado,115,11554,5773714
Colorado,116,19422,5773714
Colorado,117,18693,5773714
Colorado,118,28578,5773714
Colorado,119,13418,5773714
Colorado,120,25667,5773714
Colorado,121,11769,5773714
Colorado,122,20332,5773714
Colorado,123,12327,5773714
Colorado,124,15953,5773714
Colorado,125,10775,5773714
Colorado,126,9260,5773714
Colorado,127,7620,5773714
Colorado,128,4546,5773714
Colorado,129,6968,5773714
Colorado,130,7550,5773714
Colorado,131,4413,5773714
Colorado,132,5825,5773714
Colorado,133,4652,5773714
Colorado,134,4254,5773714
Colorado,135,5083,5773714
Colorado,136,4340,5773714
Colorado,137,5046,5773714
Colorado,138,5090,5773714
Colorado,139,6447,5773714
Colorado,140,7204,5773714
Colorado,141,2319,5773714
Colorado,142,7260,5773714
Colorado,143,8330,5773714
Colorado,144,6447,5773714
Colorado,145,6047,5773714
Colorado,146,5739,5773714
Colorado,147,4327,5773714
Colorado,148,3439,5773714
Colorado,149,3329,5773714
Colorado,150,2433,5773714
Colorado,151,3193,5773714
Colorado,152,2863,5773714
Colorado,153,3356,5773714
Colorado,154,3343,5773714
Colorado,155,3361,5773714
Colorado,156,3064,5773714
Colorado,157,2758,5773714
Colorado,158,2685,5773714
Colorado,159,1138,5773714
Connecticut,1,41,3605944
Connecticut,2,374,3605944
Connecticut,3,2156,3605944
Connecticut,4,4335,3605944
Connecticut,5,6475,3605944
Connecticut,6,6434,3605944
Connecticut,7,6182,3605944
Connecticut,8,3976,3605944
Connecticut,9,3792,3605944
Connecticut,10,4351,3605944
Connecticut,11,2757,3605944
Connecticut,12,1867,3605944
Connecticut,13,1352,3605944
Connecticut,14,1143,3605944
Connecticut,15,547,3605944
Connecticut,16,580,3605944
Connecticut,17,614,3605944
Connecticut,18,534,3605944
Connecticut,19,545,3605944
Connecticut,20,928,3605944
Connecticut,21,1079,3605944
Connecticut,22,505,3605944
Connecticut,23,700,3605944
Connecticut,24,744,3605944
Connecticut,25,868,3605944
Connecticut,26,486,3605944
Connecticut,27,1530,3605944
Connecticut,28,1129,3605944
Connecticut,29,1123,3605944
Connecticut,30,1973,3605944
Connecticut,31,2257,3605944
Connecticut,32,2644,3605944
Connecticut,33,4078,3605944
Connecticut,34,5759,3605944
Connecticut,35,7605,3605944
Connecticut,36,11821,3605944
Connecticut,37,13456,3605944
Connecticut,38,10555,3605944
Connecticut,39,18549,3605944
Connecticut,40,18148,3605944
Connecticut,41,13385,3605944
Connecticut,42,13823,3605944
Connecticut,43,13436,3605944
Connecticut,44,18722,3605944
Connecticut,45,16767,3605944
Connecticut,46,13507,3605944
Connecticut,47,10322,3605944
Connecticut,48,9785,3605944
Connecticut,49,6503,3605944
Connecticut,50,5092,3605944
Connecticut,51,7292,3605944
Connecticut,52,4770,3605944
Connecticut,53,5706,3605944
Connecticut,54,6565,3605944
Connecticut,55,8772,3605944
Connecticut,56,8216,3605944
Connecticut,57,7916,3605944
Connecticut,58,6830,3605944
Connecticut,59,5532,3605944
Connecticut,60,3612,3605944
Connecticut,61,3000,3605944
Connecticut,62,2094,3605944
Connecticut,63,1072,3605944
Connecticut,64,630,3605944
Connecticut,65,747,3605944
Connecticut,66,377,3605944
Connecticut,67,292,3605944
Connecticut,68,504,3605944
Connecticut,69,215,3605944
Connecticut,70,563,3605944
Connecticut,71,1045,3605944
Connecticut,72,1542,3605944
Connecticut,73,2954,3605944
Connecticut,74,3783,3605944
Connecticut,75,4054,3605944
Connecticut,76,3993,3605944
Connecticut,77,4659,3605944
Connecticut,78,3066,3605944
Connecticut,79,5146,3605944
Connecticut,80,5507,3605944
Connecticut,81,3389,3605944
Connecticut,82,2986,3605944
Connecticut,83,1845,3605944
Connecticut,84,4262,3605944
Connecticut,85,2855,3605944
Connecticut,86,2290,3605944
Connecticut,87,2495,3605944
Connecticut,88,4019,3605944
Connecticut,89,5049,3605944
Connecticut,90,5807,3605944
Connecticut,91,9971,3605944
Connecticut,92,16560,3605944
Connecticut,93,14459,3605944
Connecticut,94,27436,3605944
Connecticut,95,44655,3605944
Connecticut,96,71250,3605944
Connecticut,97,48300,3605944
Connecticut,98,30315,3605944
Connecticut,99,15669,3605944
Connecticut,100,8878,3605944
Connecticut,101,6130,3605944
Connecticut,102,6210,3605944
Connecticut,103,2771,3605944
Connecticut,104,4153,3605944
Connecticut,105,2964,3605944
Connecticut,106,1965,3605944
Connecticut,107,2739,3605944
Connecticut,108,3334,3605944
Connecticut,109,4186,3605944
Connecticut,110,4882,3605944
Connecticut,111,6224,3605944
Connecticut,112,6534,3605944
Connecticut,113,10392,3605944
Connecticut,114,19171,3605944
Connecticut,115,11145,3605944
Connecticut,116,5389,3605944
Connecticut,117,7209,3605944
Connecticut,118,4297,3605944
Connecticut,119,4346,3605944
Connecticut,120,4460,3605944
Connecticut,121,6481,3605944
Connecticut,122,4899,3605944
Connecticut,123,5127,3605944
Connecticut,124,5721,3605944
Connecticut,125,5927,3605944
Connecticut,126,5387,3605944
Connecticut,127,4875,3605944
Connecticut,128,3910,3605944
Connecticut,129,4048,3605944
Connecticut,130,4636,3605944
Connecticut,131,3775,3605944
Connecticut,132,7031,3605944
Connecticut,133,4667,3605944
Connecticut,134,4809,3605944
Connecticut,135,4036,3605944
Connecticut,136,3653,3605944
Connecticut,137,3355,3605944
Connecticut,138,3771,3605944
Connecticut,139,2632,3605944
Connecticut,140,3091,3605944
Connecticut,141,2863,3605944
Connecticut,142,3638,3605944
Connecticut,143,4522,3605944
Connecticut,144,4489,3605944
Connecticut,145,4893,3605944
Connecticut,146,5474,3605944
Connecticut,147,4906,3605944
Connecticut,148,5659,3605944
Connecticut,149,4487,3605944
Connecticut,150,3519,3605944
Connecticut,151,3027,3605944
Connecticut,152,2841,3605944
Connecticut,153,2272,3605944
Connecticut,154,1936,3605944
Connecticut,155,1520,3605944
Connecticut,156,1234,3605944
Connecticut,157,986,3605944
Connecticut,158,840,3605944
Connecticut,159,474,3605944
Delaware,1,8,989948
Delaware,2,79,989948
Delaware,3,177,989948
Delaware,4,519,989948
Delaware,5,978,989948
Delaware,6,984,989948
Delaware,7,1417,989948
Delaware,8,1126,989948
Delaware,9,1277,989948
Delaware,10,1304,989948
Delaware,11,1096,989948
Delaware,12,640,989948
Delaware,13,367,989948
Delaware,14,368,989948
Delaware,15,480,989948
Delaware,16,556,989948
Delaware,17,917,989948
Delaware,18,586,989948
Delaware,19,745,989948
Delaware,20,782,989948
Delaware,21,649,989948
Delaware,22,579,989948
Delaware,23,902,989948
Delaware,24,406,989948
Delaware,25,487,989948
Delaware,26,820,989948
Delaware,27,688,989948
Delaware,28,730,989948
Delaware,29,722,989948
Delaware,30,974,989948
Delaware,31,926,989948
Delaware,32,907,989948
Delaware,33,972,989948
Delaware,34,1143,989948
Delaware,35,1597,989948
Delaware,36,2292,989948
Delaware,37,3011,989948
Delaware,38,3443,989948
Delaware,39,5057,989948
Delaware,40,5746,989948
Delaware,41,4599,989948
Delaware,42,4432,989948
Delaware,43,4845,989948
Delaware,44,5494,989948
Delaware,45,5083,989948
Delaware,46,4281,989948
Delaware,47,3304,989948
Delaware,48,2436,989948
Delaware,49,2308,989948
Delaware,50,1851,989948
Delaware,51,1990,989948
Delaware,52,1483,989948
Delaware,53,2051,989948
Delaware,54,1815,989948
Delaware,55,1973,989948
Delaware,56,2175,989948
Delaware,57,2348,989948
Delaware,58,2622,989948
Delaware,59,1912,989948
Delaware,60,1608,989948
Delaware,61,1185,989948
Delaware,62,837,989948
Delaware,63,1320,989948
Delaware,64,457,989948
Delaware,65,301,989948
Delaware,66,212,989948
Delaware,67,185,989948
Delaware,68,136,989948
Delaware,69,191,989948
Delaware,70,202,989948
Delaware,71,330,989948
Delaware,72,439,989948
Delaware,73,819,989948
Delaware,74,1286,989948
Delaware,75,1803,989948
Delaware,76,2281,989948
Delaware,77,2569,989948
Delaware,78,2750,989948
Delaware,79,3179,989948
Delaware,80,3143,989948
Delaware,81,3156,989948
Delaware,82,3136,989948
Delaware,83,2974,989948
Delaware,84,2504,989948
Delaware,85,2138,989948
Delaware,86,1797,989948
Delaware,87,1742,989948
Delaware,88,2010,989948
Delaware,89,2476,989948
Delaware,90,2279,989948
Delaware,91,3983,989948
Delaware,92,4472,989948
Delaware,93,4933,989948
Delaware,94,6966,989948
Delaware,95,16124,989948
Delaware,96,18958,989948
Delaware,97,21419,989948
Delaware,98,11608,989948
Delaware,99,6744,989948
Delaware,100,3356,989948
Delaware,101,2281,989948
Delaware,102,1462,989948
Delaware,103,1411,989948
Delaware,104,704,989948
Delaware,105,901,989948
Delaware,106,483,989948
Delaware,107,696,989948
Delaware,108,572,989948
Delaware,109,0,989948
Delaware,110,1130,989948
Delaware,111,1184,989948
Delaware,112,1504,989948
Delaware,113,2308,989948
Delaware,114,3473,989948
Delaware,115,3962,989948
Delaware,116,3547,989948
Delaware,117,2155,989948
Delaware,118,1643,989948
Delaware,119,2491,989948
Delaware,120,1591,989948
Delaware,121,1755,989948
Delaware,122,2003,989948
Delaware,123,2018,989948
Delaware,124,2502,989948
Delaware,125,2296,989948
Delaware,126,2084,989948
Delaware,127,2095,989948
Delaware,128,1158,989948
Delaware,129,1432,989948
Delaware,130,809,989948
Delaware,131,1766,989948
Delaware,132,1412,989948
Delaware,133,1498,989948
Delaware,134,1317,989948
Delaware,135,1261,989948
Delaware,136,1007,989948
Delaware,137,973,989948
Delaware,138,953,989948
Delaware,139,920,989948
Delaware,140,816,989948
Delaware,141,744,989948
Delaware,142,708,989948
Delaware,143,1314,989948
Delaware,144,1083,989948
Delaware,145,509,989948
Delaware,146,1104,989948
Delaware,147,1307,989948
Delaware,148,1263,989948
Delaware,149,986,989948
Delaware,150,946,989948
Delaware,151,789,989948
Delaware,152,975,989948
Delaware,153,1026,989948
Delaware,154,1042,989948
Delaware,155,1417,989948
Delaware,156,461,989948
Delaware,157,1365,989948
Delaware,158,368,989948
Delaware,159,335,989948
District of Columbia,1,22,689545
District of Columbia,2,94,689545
District of Columbia,3,285,689545
District of Columbia,4,696,689545
District of Columbia,5,858,689545
District of Columbia,6,972,689545
District of Columbia,7,965,689545
District of Columbia,8,1278,689545
District of Columbia,9,1219,689545
District of Columbia,10,881,689545
District of Columbia,11,955,689545
District of Columbia,12,632,689545
District of Columbia,13,532,689545
District of Columbia,14,410,689545
District of Columbia,15,259,689545
District of Columbia,16,234,689545
District of Columbia,17,223,689545
District of Columbia,18,391,689545
District of Columbia,19,433,689545
District of Columbia,20,519,689545
District of Columbia,21,455,689545
District of Columbia,22,494,689545
District of Columbia,23,466,689545
District of Columbia,24,366,689545
District of Columbia,25,353,689545
District of Columbia,26,323,689545
District of Columbia,27,307,689545
District of Columbia,28,356,689545
District of Columbia,29,286,689545
District of Columbia,30,283,689545
District of Columbia,31,475,689545
District of Columbia,32,373,689545
District of Columbia,33,417,689545
District of Columbia,34,626,689545
District of Columbia,35,649,689545
District of Columbia,36,977,689545
District of Columbia,37,1226,689545
District of Columbia,38,1262,689545
District of Columbia,39,1767,689545
District of Columbia,40,1719,689545
District of Columbia,41,1702,689545
District of Columbia,42,1602,689545
District of Columbia,43,1562,689545
District of Columbia,44,2089,689545
District of Columbia,45,2040,689545
District of Columbia,46,1472,689545
District of Columbia,47,1503,689545
District of Columbia,48,1128,689545
District of Columbia,49,865,689545
District of Columbia,50,754,689545
District of Columbia,51,929,689545
District of Columbia,52,895,689545
District of Columbia,53,1044,689545
District of Columbia,54,760,689545
District of Columbia,55,865,689545
District of Columbia,56,864,689545
District of Columbia,57,791,689545
District of Columbia,58,837,689545
District of Columbia,59,638,689545
District of Columbia,60,525,689545
District of Columbia,61,292,689545
District of Columbia,62,395,689545
District of Columbia,63,172,689545
District of Columbia,64,136,689545
District of Columbia,65,212,689545
District of Columbia,66,69,689545
District of Columbia,67,69,689545
District of Columbia,68,67,689545
District of Columbia,69,63,689545
District of Columbia,70,148,689545
District of Columbia,71,267,689545
District of Columbia,72,367,689545
District of Columbia,73,556,689545
District of Columbia,74,873,689545
District of Columbia,75,1188,689545
District of Columbia,76,1121,689545
District of Columbia,77,1355,689545
District of Columbia,78,665,689545
District of Columbia,79,1853,689545
District of Columbia,80,1792,689545
District of Columbia,81,1209,689545
District of Columbia,82,1019,689545
District of Columbia,83,475,689545
District of Columbia,84,1039,689545
District of Columbia,85,574,689545
District of Columbia,86,591,689545
District of Columbia,87,580,689545
District of Columbia,88,573,689545
District of Columbia,89,724,689545
District of Columbia,90,510,689545
District of Columbia,91,1139,689545
District of Columbia,92,706,689545
District of Columbia,93,6280,689545
District of Columbia,94,13783,689545
District of Columbia,95,14722,689545
District of Columbia,96,12791,689545
District of Columbia,97,5593,689545
District of Columbia,98,6679,689545
District of Columbia,99,2338,689545
District of Columbia,100,1282,689545
District of Columbia,101,1125,689545
District of Columbia,102,402,689545
District of Columbia,103,867,689545
District of Columbia,104,114,689545
District of Columbia,105,545,689545
District of Columbia,106,529,689545
District of Columbia,107,570,689545
District of Columbia,108,564,689545
District of Columbia,109,717,689545
District of Columbia,110,2169,689545
District of Columbia,111,1583,689545
District of Columbia,112,588,689545
District of Columbia,113,0,689545
District of Columbia,114,3244,689545
District of Columbia,115,2023,689545
District of Columbia,116,2061,689545
District of Columbia,117,1734,689545
District of Columbia,118,1794,689545
District of Columbia,119,1104,689545
District of Columbia,120,1914,689545
District of Columbia,121,1224,689545
District of Columbia,122,1507,689545
District of Columbia,123,1181,689545
District of Columbia,124,1686,689545
District of Columbia,125,1277,689545
District of Columbia,126,737,689545
District of Columbia,127,1042,689545
District of Columbia,128,584,689545
District of Columbia,129,719,689545
District of Columbia,130,607,689545
District of Columbia,131,512,689545
District of Columbia,132,596,689545
District of Columbia,133,652,689545
District of Columbia,134,373,689545
District of Columbia,135,164,689545
District of Columbia,136,471,689545
District of Columbia,137,287,689545
District of Columbia,138,273,689545
District of Columbia,139,332,689545
District of Columbia,140,441,689545
District of Columbia,141,268,689545
District of Columbia,142,567,689545
District of Columbia,143,291,689545
District of Columbia,144,436,689545
District of Columbia,145,582,689545
District of Columbia,146,1000,689545
District of Columbia,147,0,689545
District of Columbia,148,933,689545
District of Columbia,149,455,689545
District of Columbia,150,555,689545
District of Columbia,151,443,689545
District of Columbia,152,413,689545
District of Columbia,153,420,689545
District of Columbia,154,370,689545
District of Columbia,155,289,689545
District of Columbia,156,210,689545
District of Columbia,157,231,689545
District of Columbia,158,161,689545
District of Columbia,159,120,689545
Florida,1,141,21538187
Florida,2,1081,21538187
Florida,3,4473,21538187
Florida,4,7926,21538187
Florida,5,7390,21538187
Florida,6,6039,21538187
Florida,7,5080,21538187
Florida,8,4759,21538187
Florida,9,4085,21538187
Florida,10,5460,21538187
Florida,11,5304,21538187
Florida,12,5084,21538187
Florida,13,8074,21538187
Florida,14,12422,21538187
Florida,15,22891,21538187
Florida,16,46124,21538187
Florida,17,60106,21538187
Florida,18,75988,21538187
Florida,19,77959,21538187
Florida,20,72353,21538187
Florida,21,59137,21538187
Florida,22,45077,21538187
Florida,23,39133,21538187
Florida,24,26735,21538187
Florida,25,20642,21538187
Florida,26,24798,21538187
Florida,27,17461,21538187
Florida,28,19709,21538187
Florida,29,15863,21538187
Florida,30,16572,21538187
Florida,31,18150,21538187
Florida,32,20703,21538187
Florida,33,25286,21538187
Florida,34,30050,21538187
Florida,35,35758,21538187
Florida,36,42043,21538187
Florida,37,54881,21538187
Florida,38,54574,21538187
Florida,39,66466,21538187
Florida,40,68598,21538187
Florida,41,78198,21538187
Florida,42,67596,21538187
Florida,43,96515,21538187
Florida,44,111894,21538187
Florida,45,90695,21538187
Florida,46,78888,21538187
Florida,47,68938,21538187
Florida,48,56613,21538187
Florida,49,47268,21538187
Florida,50,41935,21538187
Florida,51,37998,21538187
Florida,52,37386,21538187
Florida,53,31327,21538187
Florida,54,31577,21538187
Florida,55,36168,21538187
Florida,56,37927,21538187
Florida,57,40540,21538187
Florida,58,47292,21538187
Florida,59,38959,21538187
Florida,60,33756,21538187
Florida,61,26249,21538187
Florida,62,21878,21538187
Florida,63,17961,21538187
Florida,64,8877,21538187
Florida,65,0,21538187
Florida,66,10869,21538187
Florida,67,9641,21538187
Florida,68,7370,21538187
Florida,69,15684,21538187
Florida,70,23747,21538187
Florida,71,45449,21538187
Florida,72,73166,21538187
Florida,73,110724,21538187
Florida,74,134751,21538187
Florida,75,207979,21538187
Florida,76,149304,21538187
Florida,77,149113,21538187
Florida,78,77070,21538187
Florida,79,133174,21538187
Florida,80,61886,21538187
Florida,81,51120,21538187
Florida,82,31706,21538187
Florida,83,18044,21538187
Florida,84,21296,21538187
Florida,85,13138,21538187
Florida,86,11357,21538187
Florida,87,10545,21538187
Florida,88,10299,21538187
Florida,89,9723,21538187
Florida,90,8584,21538187
Florida,91,12550,21538187
Florida,92,14741,21538187
Florida,93,49473,21538187
Florida,94,169618,21538187
Florida,95,230222,21538187
Florida,96,592681,21538187
Florida,97,282845,21538187
Florida,98,305910,21538187
Florida,99,187975,21538187
Florida,100,145155,21538187
Florida,101,70146,21538187
Florida,102,29578,21538187
Florida,103,25828,21538187
Florida,104,12222,21538187
Florida,105,8700,21538187
Florida,106,8368,21538187
Florida,107,9092,21538187
Florida,108,10450,21538187
Florida,109,12584,21538187
Florida,110,17292,21538187
Florida,111,22975,21538187
Florida,112,28570,21538187
Florida,113,28648,21538187
Florida,114,56369,21538187
Florida,115,59233,21538187
Florida,116,44102,21538187
Florida,117,98458,21538187
Florida,118,74194,21538187
Florida,119,47896,21538187
Florida,120,101437,21538187
Florida,121,46877,21538187
Florida,122,96923,21538187
Florida,123,76670,21538187
Florida,124,75587,21538187
Florida,125,71950,21538187
Florida,126,60824,21538187
Florida,127,50100,21538187
Florida,128,28803,21538187
Florida,129,41945,21538187
Florida,130,24434,21538187
Florida,131,37917,21538187
Florida,132,20267,21538187
Florida,133,15926,21538187
Florida,134,10605,21538187
Florida,135,7099,21538187
Florida,136,13257,21538187
Florida,137,6798,21538187
Florida,138,0,21538187
Florida,139,23157,21538187
Florida,140,0,21538187
Florida,141,23486,21538187
Florida,142,0,21538187
Florida,143,30932,21538187
Florida,144,0,21538187
Florida,145,42553,21538187
Florida,146,0,21538187
Florida,147,0,21538187
Florida,148,80749,21538187
Florida,149,0,21538187
Florida,150,50242,21538187
Florida,151,0,21538187
Florida,152,39903,21538187
Florida,153,0,21538187
Florida,154,33049,21538187
Florida,155,0,21538187
Florida,156,57684,21538187
Florida,157,0,21538187
Florida,158,11814,21538187
Florida,159,0,21538187
Georgia,1,118,10711908
Georgia,2,682,10711908
Georgia,3,2232,10711908
Georgia,4,4526,10711908
Georgia,5,5567,10711908
Georgia,6,5322,10711908
Georgia,7,4782,10711908
Georgia,8,5121,10711908
Georgia,9,4098,10711908
Georgia,10,4186,10711908
Georgia,11,4780,10711908
Georgia,12,4343,10711908
Georgia,13,4238,10711908
Georgia,14,5510,10711908
Georgia,15,7200,10711908
Georgia,16,12111,10711908
Georgia,17,16199,10711908
Georgia,18,20922,10711908
Georgia,19,20851,10711908
Georgia,20,23119,10711908
Georgia,21,23603,10711908
Georgia,22,22766,10711908
Georgia,23,19565,10711908
Georgia,24,17771,10711908
Georgia,25,14626,10711908
Georgia,26,13000,10711908
Georgia,27,11461,10711908
Georgia,28,11276,10711908
Georgia,29,8988,10711908
Georgia,30,29164,10711908
Georgia,31,11450,10711908
Georgia,32,11077,10711908
Georgia,33,13621,10711908
Georgia,34,12986,10711908
Georgia,35,14985,10711908
Georgia,36,18335,10711908
Georgia,37,24335,10711908
Georgia,38,19412,10711908
Georgia,39,33897,10711908
Georgia,40,38932,10711908
Georgia,41,44144,10711908
Georgia,42,43415,10711908
Georgia,43,58133,10711908
Georgia,44,67229,10711908
Georgia,45,56229,10711908
Georgia,46,50729,10711908
Georgia,47,41426,10711908
Georgia,48,31316,10711908
Georgia,49,22706,10711908
Georgia,50,19731,10711908
Georgia,51,21664,10711908
Georgia,52,15581,10711908
Georgia,53,10039,10711908
Georgia,54,11800,10711908
Georgia,55,10746,10711908
Georgia,56,9230,10711908
Georgia,57,9640,10711908
Georgia,58,10155,10711908
Georgia,59,9167,10711908
Georgia,60,8941,10711908
Georgia,61,6719,10711908
Georgia,62,5595,10711908
Georgia,63,4214,10711908
Georgia,64,3463,10711908
Georgia,65,2559,10711908
Georgia,66,2689,10711908
Georgia,67,2359,10711908
Georgia,68,2240,10711908
Georgia,69,2016,10711908
Georgia,70,5438,10711908
Georgia,71,7880,10711908
Georgia,72,14016,10711908
Georgia,73,21024,10711908
Georgia,74,37961,10711908
Georgia,75,46544,10711908
Georgia,76,54998,10711908
Georgia,77,62974,10711908
Georgia,78,39998,10711908
Georgia,79,65612,10711908
Georgia,80,35873,10711908
Georgia,81,28661,10711908
Georgia,82,22833,10711908
Georgia,83,12754,10711908
Georgia,84,15385,10711908
Georgia,85,9184,10711908
Georgia,86,8426,10711908
Georgia,87,5266,10711908
Georgia,88,9158,10711908
Georgia,89,7509,10711908
Georgia,90,6074,10711908
Georgia,91,9139,10711908
Georgia,92,10220,10711908
Georgia,93,18139,10711908
Georgia,94,56912,10711908
Georgia,95,75487,10711908
Georgia,96,176481,10711908
Georgia,97,118489,10711908
Georgia,98,116758,10711908
Georgia,99,91939,10711908
Georgia,100,43748,10711908
Georgia,101,24678,10711908
Georgia,102,14988,10711908
Georgia,103,9472,10711908
Georgia,104,6946,10711908
Georgia,105,5709,10711908
Georgia,106,5872,10711908
Georgia,107,3656,10711908
Georgia,108,14096,10711908
Georgia,109,3373,10711908
Georgia,110,2589,10711908
Georgia,111,2556,10711908
Georgia,112,5760,10711908
Georgia,113,6525,10711908
Georgia,114,8746,10711908
Georgia,115,10662,10711908
Georgia,116,13645,10711908
Georgia,117,14533,10711908
Georgia,118,17417,10711908
Georgia,119,18443,10711908
Georgia,120,17916,10711908
Georgia,121,19874,10711908
Georgia,122,19360,10711908
Georgia,123,25581,10711908
Georgia,124,26124,10711908
Georgia,125,28094,10711908
Georgia,126,26583,10711908
Georgia,127,24142,10711908
Georgia,128,24943,10711908
Georgia,129,22637,10711908
Georgia,130,17358,10711908
Georgia,131,12041,10711908
Georgia,132,9232,10711908
Georgia,133,7006,10711908
Georgia,134,4597,10711908
Georgia,135,4005,10711908
Georgia,136,3455,10711908
Georgia,137,3765,10711908
Georgia,138,3188,10711908
Georgia,139,3929,10711908
Georgia,140,4411,10711908
Georgia,141,3696,10711908
Georgia,142,3918,10711908
Georgia,143,5847,10711908
Georgia,144,9652,10711908
Georgia,145,9815,10711908
Georgia,146,11284,10711908
Georgia,147,10461,10711908
Georgia,148,13397,10711908
Georgia,149,12530,10711908
Georgia,150,8220,10711908
Georgia,151,7670,10711908
Georgia,152,7774,10711908
Georgia,153,6687,10711908
Georgia,154,6211,10711908
Georgia,155,11708,10711908
Georgia,156,3706,10711908
Georgia,157,2792,10711908
Georgia,158,2858,10711908
Georgia,159,2786,10711908
Guam,129,454,10711908
Guam,130,220,10711908
Guam,131,234,10711908
Guam,132,101,10711908
Guam,133,140,10711908
Guam,134,81,10711908
Guam,135,56,10711908
Guam,136,56,10711908
Guam,137,48,10711908
Guam,138,84,10711908
Guam,139,0,10711908
Guam,140,104,10711908
Guam,141,100,10711908
Guam,142,150,10711908
Guam,143,141,10711908
Guam,144,130,10711908
Guam,145,114,10711908
Guam,146,184,10711908
Guam,147,118,10711908
Guam,148,211,10711908
Guam,149,224,10711908
Guam,150,181,10711908
Guam,151,128,10711908
Guam,152,141,10711908
Guam,153,145,10711908
Guam,154,0,10711908
Guam,155,76,10711908
Guam,156,0,10711908
Guam,157,0,10711908
Guam,158,79,10711908
Guam,159,47,10711908
Hawaii,1,10,1455271
Hawaii,2,67,1455271
Hawaii,3,127,1455271
Hawaii,4,181,1455271
Hawaii,5,117,1455271
Hawaii,6,76,1455271
Hawaii,7,22,1455271
Hawaii,8,12,1455271
Hawaii,9,11,1455271
Hawaii,10,7,1455271
Hawaii,11,3,1455271
Hawaii,12,9,1455271
Hawaii,13,22,1455271
Hawaii,14,60,1455271
Hawaii,15,80,1455271
Hawaii,16,80,1455271
Hawaii,17,128,1455271
Hawaii,18,210,1455271
Hawaii,19,149,1455271
Hawaii,20,317,1455271
Hawaii,21,737,1455271
Hawaii,22,1190,1455271
Hawaii,23,1577,1455271
Hawaii,24,1554,1455271
Hawaii,25,1701,1455271
Hawaii,26,1486,1455271
Hawaii,27,954,1455271
Hawaii,28,703,1455271
Hawaii,29,761,1455271
Hawaii,30,656,1455271
Hawaii,31,668,1455271
Hawaii,32,543,1455271
Hawaii,33,640,1455271
Hawaii,34,501,1455271
Hawaii,35,765,1455271
Hawaii,36,587,1455271
Hawaii,37,694,1455271
Hawaii,38,601,1455271
Hawaii,39,653,1455271
Hawaii,40,830,1455271
Hawaii,41,934,1455271
Hawaii,42,686,1455271
Hawaii,43,983,1455271
Hawaii,44,1370,1455271
Hawaii,45,962,1455271
Hawaii,46,785,1455271
Hawaii,47,661,1455271
Hawaii,48,558,1455271
Hawaii,49,375,1455271
Hawaii,50,321,1455271
Hawaii,51,375,1455271
Hawaii,52,363,1455271
Hawaii,53,450,1455271
Hawaii,54,600,1455271
Hawaii,55,714,1455271
Hawaii,56,801,1455271
Hawaii,57,686,1455271
Hawaii,58,666,1455271
Hawaii,59,570,1455271
Hawaii,60,711,1455271
Hawaii,61,605,1455271
Hawaii,62,582,1455271
Hawaii,63,441,1455271
Hawaii,64,347,1455271
Hawaii,65,356,1455271
Hawaii,66,378,1455271
Hawaii,67,279,1455271
Hawaii,68,266,1455271
Hawaii,69,332,1455271
Hawaii,70,379,1455271
Hawaii,71,814,1455271
Hawaii,72,1317,1455271
Hawaii,73,2290,1455271
Hawaii,74,3595,1455271
Hawaii,75,4686,1455271
Hawaii,76,4881,1455271
Hawaii,77,6200,1455271
Hawaii,78,5249,1455271
Hawaii,79,4026,1455271
Hawaii,80,3484,1455271
Hawaii,81,2439,1455271
Hawaii,82,1870,1455271
Hawaii,83,1217,1455271
Hawaii,84,848,1455271
Hawaii,85,866,1455271
Hawaii,86,843,1455271
Hawaii,87,729,1455271
Hawaii,88,700,1455271
Hawaii,89,1005,1455271
Hawaii,90,601,1455271
Hawaii,91,728,1455271
Hawaii,92,959,1455271
Hawaii,93,4138,1455271
Hawaii,94,10049,1455271
Hawaii,95,17771,1455271
Hawaii,96,24759,1455271
Hawaii,97,27170,1455271
Hawaii,98,29950,1455271
Hawaii,99,14040,1455271
Hawaii,100,7734,1455271
Hawaii,101,4527,1455271
Hawaii,102,2424,1455271
Hawaii,103,1524,1455271
Hawaii,104,1201,1455271
Hawaii,105,185,1455271
Hawaii,106,1001,1455271
Hawaii,107,724,1455271
Hawaii,108,1090,1455271
Hawaii,109,1138,1455271
Hawaii,110,1300,1455271
Hawaii,111,1666,1455271
Hawaii,112,3192,1455271
Hawaii,113,4155,1455271
Hawaii,114,5649,1455271
Hawaii,115,7022,1455271
Hawaii,116,8821,1455271
Hawaii,117,8029,1455271
Hawaii,118,7943,1455271
Hawaii,119,7078,1455271
Hawaii,120,5355,1455271
Hawaii,121,5239,1455271
Hawaii,122,4102,1455271
Hawaii,123,4213,1455271
Hawaii,124,4244,1455271
Hawaii,125,3980,1455271
Hawaii,126,3593,1455271
Hawaii,127,3141,1455271
Hawaii,128,2656,1455271
Hawaii,129,2176,1455271
Hawaii,130,1744,1455271
Hawaii,131,1183,1455271
Hawaii,132,1269,1455271
Hawaii,133,1073,1455271
Hawaii,134,12713,1455271
Hawaii,135,1237,1455271
Hawaii,136,1028,1455271
Hawaii,137,2170,1455271
Hawaii,138,1313,1455271
Hawaii,139,996,1455271
Hawaii,140,1216,1455271
Hawaii,141,1019,1455271
Hawaii,142,1157,1455271
Hawaii,143,989,1455271
Hawaii,144,1351,1455271
Hawaii,145,1160,1455271
Hawaii,146,1148,1455271
Hawaii,147,1071,1455271
Hawaii,148,1290,1455271
Hawaii,149,1321,1455271
Hawaii,150,1043,1455271
Hawaii,151,1033,1455271
Hawaii,152,756,1455271
Hawaii,153,736,1455271
Hawaii,154,616,1455271
Hawaii,155,0,1455271
Hawaii,156,963,1455271
Hawaii,157,510,1455271
Hawaii,158,446,1455271
Hawaii,159,506,1455271
Idaho,1,5,1839106
Idaho,2,45,1839106
Idaho,3,365,1839106
Idaho,4,755,1839106
Idaho,5,329,1839106
Idaho,6,237,1839106
Idaho,7,181,1839106
Idaho,8,189,1839106
Idaho,9,155,1839106
Idaho,10,194,1839106
Idaho,11,209,1839106
Idaho,12,244,1839106
Idaho,13,289,1839106
Idaho,14,275,1839106
Idaho,15,795,1839106
Idaho,16,1503,1839106
Idaho,17,2452,1839106
Idaho,18,3309,1839106
Idaho,19,3849,1839106
Idaho,20,3456,1839106
Idaho,21,3002,1839106
Idaho,22,3429,1839106
Idaho,23,2846,1839106
Idaho,24,2147,1839106
Idaho,25,1996,1839106
Idaho,26,1897,1839106
Idaho,27,1831,1839106
Idaho,28,2212,1839106
Idaho,29,3190,1839106
Idaho,30,3446,1839106
Idaho,31,3831,1839106
Idaho,32,5460,1839106
Idaho,33,6277,1839106
Idaho,34,5849,1839106
Idaho,35,8464,1839106
Idaho,36,9193,1839106
Idaho,37,9696,1839106
Idaho,38,8556,1839106
Idaho,39,10275,1839106
Idaho,40,10246,1839106
Idaho,41,8789,1839106
Idaho,42,5981,1839106
Idaho,43,6384,1839106
Idaho,44,6724,1839106
Idaho,45,5084,1839106
Idaho,46,4541,1839106
Idaho,47,3109,1839106
Idaho,48,2535,1839106
Idaho,49,1740,1839106
Idaho,50,2157,1839106
Idaho,51,1895,1839106
Idaho,52,1905,1839106
Idaho,53,2251,1839106
Idaho,54,2155,1839106
Idaho,55,1968,1839106
Idaho,56,2064,1839106
Idaho,57,1879,1839106
Idaho,58,1524,1839106
Idaho,59,1511,1839106
Idaho,60,1226,1839106
Idaho,61,1098,1839106
Idaho,62,1155,1839106
Idaho,63,1115,1839106
Idaho,64,615,1839106
Idaho,65,1023,1839106
Idaho,66,714,1839106
Idaho,67,506,1839106
Idaho,68,574,1839106
Idaho,69,348,1839106
Idaho,70,958,1839106
Idaho,71,1082,1839106
Idaho,72,1630,1839106
Idaho,73,2552,1839106
Idaho,74,3641,1839106
Idaho,75,4378,1839106
Idaho,76,4633,1839106
Idaho,77,6125,1839106
Idaho,78,5356,1839106
Idaho,79,9818,1839106
Idaho,80,8228,1839106
Idaho,81,8776,1839106
Idaho,82,9100,1839106
Idaho,83,7187,1839106
Idaho,84,9803,1839106
Idaho,85,7883,1839106
Idaho,86,5974,1839106
Idaho,87,4816,1839106
Idaho,88,3364,1839106
Idaho,89,3401,1839106
Idaho,90,2284,1839106
Idaho,91,3105,1839106
Idaho,92,2870,1839106
Idaho,93,2308,1839106
Idaho,94,2256,1839106
Idaho,95,4085,1839106
Idaho,96,8161,1839106
Idaho,97,11922,1839106
Idaho,98,20271,1839106
Idaho,99,19186,1839106
Idaho,100,12749,1839106
Idaho,101,11587,1839106
Idaho,102,9866,1839106
Idaho,103,11652,1839106
Idaho,104,7992,1839106
Idaho,105,4946,1839106
Idaho,106,3507,1839106
Idaho,107,1054,1839106
Idaho,108,756,1839106
Idaho,109,336,1839106
Idaho,110,423,1839106
Idaho,111,503,1839106
Idaho,112,552,1839106
Idaho,113,932,1839106
Idaho,114,1117,1839106
Idaho,115,1416,1839106
Idaho,116,1265,1839106
Idaho,117,2606,1839106
Idaho,118,2571,1839106
Idaho,119,1778,1839106
Idaho,120,3726,1839106
Idaho,121,2476,1839106
Idaho,122,4871,1839106
Idaho,123,3653,1839106
Idaho,124,3614,1839106
Idaho,125,3133,1839106
Idaho,126,2873,1839106
Idaho,127,2353,1839106
Idaho,128,1500,1839106
Idaho,129,1960,1839106
Idaho,130,1457,1839106
Idaho,131,2013,1839106
Idaho,132,1541,1839106
Idaho,133,1352,1839106
Idaho,134,1226,1839106
Idaho,135,860,1839106
Idaho,136,1084,1839106
Idaho,137,755,1839106
Idaho,138,1046,1839106
Idaho,139,1065,1839106
Idaho,140,1201,1839106
Idaho,141,1237,1839106
Idaho,142,1417,1839106
Idaho,143,1524,1839106
Idaho,144,1594,1839106
Idaho,145,1338,1839106
Idaho,146,1294,1839106
Idaho,147,1061,1839106
Idaho,148,1124,1839106
Idaho,149,934,1839106
Idaho,150,660,1839106
Idaho,151,671,1839106
Idaho,152,728,1839106
Idaho,153,866,1839106
Idaho,154,949,1839106
Idaho,155,941,1839106
Idaho,156,1406,1839106
Idaho,157,1265,1839106
Idaho,158,959,1839106
Idaho,159,694,1839106
Illinois,1,104,12812508
Illinois,2,1181,12812508
Illinois,3,3785,12812508
Illinois,4,7192,12812508
Illinois,5,9763,12812508
Illinois,6,9483,12812508
Illinois,7,14375,12812508
Illinois,8,17957,12812508
Illinois,9,15283,12812508
Illinois,10,17655,12812508
Illinois,11,15470,12812508
Illinois,12,9418,12812508
Illinois,13,7877,12812508
Illinois,14,4704,12812508
Illinois,15,4368,12812508
Illinois,16,5270,12812508
Illinois,17,5543,12812508
Illinois,18,6860,12812508
Illinois,19,8264,12812508
Illinois,20,9890,12812508
Illinois,21,10796,12812508
Illinois,22,12088,12812508
Illinois,23,12616,12812508
Illinois,24,14114,12812508
Illinois,25,13626,12812508
Illinois,26,15967,12812508
Illinois,27,12220,12812508
Illinois,28,13163,12812508
Illinois,29,14137,12812508
Illinois,30,14259,12812508
Illinois,31,18327,12812508
Illinois,32,26694,12812508
Illinois,33,32635,12812508
Illinois,34,46197,12812508
Illinois,35,68734,12812508
Illinois,36,86554,12812508
Illinois,37,79296,12812508
Illinois,38,61960,12812508
Illinois,39,69964,12812508
Illinois,40,60071,12812508
Illinois,41,49057,12812508
Illinois,42,37485,12812508
Illinois,43,43057,12812508
Illinois,44,48991,12812508
Illinois,45,38269,12812508
Illinois,46,32669,12812508
Illinois,47,23824,12812508
Illinois,48,19657,12812508
Illinois,49,15229,12812508
Illinois,50,12604,12812508
Illinois,51,12505,12812508
Illinois,52,11801,12812508
Illinois,53,10755,12812508
Illinois,54,12832,12812508
Illinois,55,16576,12812508
Illinois,56,19174,12812508
Illinois,57,23435,12812508
Illinois,58,21984,12812508
Illinois,59,19086,12812508
Illinois,60,18633,12812508
Illinois,61,14764,12812508
Illinois,62,10879,12812508
Illinois,63,9263,12812508
Illinois,64,5800,12812508
Illinois,65,3362,12812508
Illinois,66,2234,12812508
Illinois,67,1676,12812508
Illinois,68,1718,12812508
Illinois,69,1427,12812508
Illinois,70,4369,12812508
Illinois,71,5633,12812508
Illinois,72,9290,12812508
Illinois,73,13025,12812508
Illinois,74,19593,12812508
Illinois,75,22724,12812508
Illinois,76,24738,12812508
Illinois,77,26568,12812508
Illinois,78,20324,12812508
Illinois,79,35474,12812508
Illinois,80,25098,12812508
Illinois,81,20421,12812508
Illinois,82,18946,12812508
Illinois,83,12635,12812508
Illinois,84,21052,12812508
Illinois,85,14845,12812508
Illinois,86,15644,12812508
Illinois,87,18701,12812508
Illinois,88,24157,12812508
Illinois,89,30617,12812508
Illinois,90,28967,12812508
Illinois,91,49781,12812508
Illinois,92,50353,12812508
Illinois,93,70966,12812508
Illinois,94,100875,12812508
Illinois,95,161813,12812508
Illinois,96,220935,12812508
Illinois,97,129228,12812508
Illinois,98,248616,12812508
Illinois,99,83696,12812508
Illinois,100,50791,12812508
Illinois,101,30528,12812508
Illinois,102,12126,12812508
Illinois,103,17570,12812508
Illinois,104,8646,12812508
Illinois,105,8239,12812508
Illinois,106,7573,12812508
Illinois,107,8196,12812508
Illinois,108,8879,12812508
Illinois,109,12352,12812508
Illinois,110,15342,12812508
Illinois,111,21953,12812508
Illinois,112,25468,12812508
Illinois,113,36073,12812508
Illinois,114,42479,12812508
Illinois,115,37787,12812508
Illinois,116,22465,12812508
Illinois,117,46469,12812508
Illinois,118,28946,12812508
Illinois,119,18481,12812508
Illinois,120,37100,12812508
Illinois,121,18584,12812508
Illinois,122,39311,12812508
Illinois,123,32387,12812508
Illinois,124,35614,12812508
Illinois,125,31138,12812508
Illinois,126,30339,12812508
Illinois,127,25149,12812508
Illinois,128,16700,12812508
Illinois,129,24344,12812508
Illinois,130,18193,12812508
Illinois,131,26544,12812508
Illinois,132,15452,12812508
Illinois,133,16622,12812508
Illinois,134,10982,12812508
Illinois,135,7858,12812508
Illinois,136,14517,12812508
Illinois,137,12182,12812508
Illinois,138,14338,12812508
Illinois,139,14025,12812508
Illinois,140,13280,12812508
Illinois,141,14161,12812508
Illinois,142,13166,12812508
Illinois,143,23727,12812508
Illinois,144,22572,12812508
Illinois,145,23820,12812508
Illinois,146,14694,12812508
Illinois,147,15952,12812508
Illinois,148,11304,12812508
Illinois,149,9733,12812508
Illinois,150,18125,12812508
Illinois,151,10947,12812508
Illinois,152,10123,12812508
Illinois,153,10234,12812508
Illinois,154,10781,12812508
Illinois,155,11235,12812508
Illinois,156,10861,12812508
Illinois,157,10318,12812508
Illinois,158,8947,12812508
Illinois,159,8483,12812508
Indiana,1,24,6785528
Indiana,2,240,6785528
Indiana,3,1533,6785528
Indiana,4,3189,6785528
Indiana,5,3314,6785528
Indiana,6,3484,6785528
Indiana,7,4353,6785528
Indiana,8,4718,6785528
Indiana,9,4279,6785528
Indiana,10,3763,6785528
Indiana,11,3592,6785528
Indiana,12,3195,6785528
Indiana,13,2869,6785528
Indiana,14,2869,6785528
Indiana,15,2287,6785528
Indiana,16,2661,6785528
Indiana,17,3190,6785528
Indiana,18,3767,6785528
Indiana,19,5280,6785528
Indiana,20,5810,6785528
Indiana,21,5694,6785528
Indiana,22,6623,6785528
Indiana,23,6175,6785528
Indiana,24,6693,6785528
Indiana,25,6675,6785528
Indiana,26,6250,6785528
Indiana,27,6228,6785528
Indiana,28,5496,6785528
Indiana,29,6330,6785528
Indiana,30,7704,6785528
Indiana,31,10648,6785528
Indiana,32,12655,6785528
Indiana,33,15422,6785528
Indiana,34,20655,6785528
Indiana,35,29363,6785528
Indiana,36,42290,6785528
Indiana,37,44257,6785528
Indiana,38,38119,6785528
Indiana,39,48354,6785528
Indiana,40,43194,6785528
Indiana,41,37882,6785528
Indiana,42,28132,6785528
Indiana,43,33415,6785528
Indiana,44,37684,6785528
Indiana,45,25405,6785528
Indiana,46,20550,6785528
Indiana,47,15192,6785528
Indiana,48,12396,6785528
Indiana,49,8938,6785528
Indiana,50,6711,6785528
Indiana,51,5875,6785528
Indiana,52,5553,6785528
Indiana,53,5260,6785528
Indiana,54,5464,6785528
Indiana,55,6318,6785528
Indiana,56,6901,6785528
Indiana,57,8200,6785528
Indiana,58,8958,6785528
Indiana,59,6695,6785528
Indiana,60,7989,6785528
Indiana,61,6871,6785528
Indiana,62,5696,6785528
Indiana,63,4572,6785528
Indiana,64,3133,6785528
Indiana,65,3386,6785528
Indiana,66,2453,6785528
Indiana,67,1996,6785528
Indiana,68,1741,6785528
Indiana,69,1470,6785528
Indiana,70,3185,6785528
Indiana,71,3570,6785528
Indiana,72,4879,6785528
Indiana,73,7747,6785528
Indiana,74,12167,6785528
Indiana,75,17137,6785528
Indiana,76,22143,6785528
Indiana,77,29489,6785528
Indiana,78,18455,6785528
Indiana,79,36539,6785528
Indiana,80,24581,6785528
Indiana,81,19662,6785528
Indiana,82,17833,6785528
Indiana,83,15209,6785528
Indiana,84,13024,6785528
Indiana,85,11044,6785528
Indiana,86,11435,6785528
Indiana,87,12537,6785528
Indiana,88,20448,6785528
Indiana,89,21810,6785528
Indiana,90,19772,6785528
Indiana,91,33611,6785528
Indiana,92,31581,6785528
Indiana,93,30191,6785528
Indiana,94,28874,6785528
Indiana,95,57000,6785528
Indiana,96,88534,6785528
Indiana,97,95734,6785528
Indiana,98,97690,6785528
Indiana,99,63365,6785528
Indiana,100,28583,6785528
Indiana,101,16444,6785528
Indiana,102,8418,6785528
Indiana,103,4907,6785528
Indiana,104,3501,6785528
Indiana,105,2100,6785528
Indiana,106,1882,6785528
Indiana,107,1439,6785528
Indiana,108,0,6785528
Indiana,109,1213,6785528
Indiana,110,1868,6785528
Indiana,111,4258,6785528
Indiana,112,4366,6785528
Indiana,113,5771,6785528
Indiana,114,6977,6785528
Indiana,115,8502,6785528
Indiana,116,5932,6785528
Indiana,117,11500,6785528
Indiana,118,8712,6785528
Indiana,119,7677,6785528
Indiana,120,10365,6785528
Indiana,121,6871,6785528
Indiana,122,14658,6785528
Indiana,123,12207,6785528
Indiana,124,13922,6785528
Indiana,125,16205,6785528
Indiana,126,14946,6785528
Indiana,127,14989,6785528
Indiana,128,10583,6785528
Indiana,129,14583,6785528
Indiana,130,8148,6785528
Indiana,131,10889,6785528
Indiana,132,5463,6785528
Indiana,133,4625,6785528
Indiana,134,1463,6785528
Indiana,135,3652,6785528
Indiana,136,4377,6785528
Indiana,137,3080,6785528
Indiana,138,4463,6785528
Indiana,139,5143,6785528
Indiana,140,5311,6785528
Indiana,141,5478,6785528
Indiana,142,5925,6785528
Indiana,143,6335,6785528
Indiana,144,11535,6785528
Indiana,145,9725,6785528
Indiana,146,9236,6785528
Indiana,147,6507,6785528
Indiana,148,9151,6785528
Indiana,149,6067,6785528
Indiana,150,2960,6785528
Indiana,151,4031,6785528
Indiana,152,4490,6785528
Indiana,153,4420,6785528
Indiana,154,4846,6785528
Indiana,155,4344,6785528
Indiana,156,4553,6785528
Indiana,157,3482,6785528
Indiana,158,3428,6785528
Indiana,159,1,6785528
Iowa,1,22,3190369
Iowa,2,83,3190369
Iowa,3,319,3190369
Iowa,4,522,3190369
Iowa,5,764,3190369
Iowa,6,1465,3190369
Iowa,7,2693,3190369
Iowa,8,3835,3190369
Iowa,9,2670,3190369
Iowa,10,2582,3190369
Iowa,11,2673,3190369
Iowa,12,2161,3190369
Iowa,13,2322,3190369
Iowa,14,1999,3190369
Iowa,15,2107,3190369
Iowa,16,2657,3190369
Iowa,17,2890,3190369
Iowa,18,3867,3190369
Iowa,19,3712,3190369
Iowa,20,3353,3190369
Iowa,21,3209,3190369
Iowa,22,3259,3190369
Iowa,23,3665,3190369
Iowa,24,4112,3190369
Iowa,25,8311,3190369
Iowa,26,5285,3190369
Iowa,27,4532,3190369
Iowa,28,5937,3190369
Iowa,29,6250,3190369
Iowa,30,6005,3190369
Iowa,31,7190,3190369
Iowa,32,7663,3190369
Iowa,33,9084,3190369
Iowa,34,15499,3190369
Iowa,35,27213,3190369
Iowa,36,29687,3190369
Iowa,37,25195,3190369
Iowa,38,15842,3190369
Iowa,39,15351,3190369
Iowa,40,10917,3190369
Iowa,41,11834,3190369
Iowa,42,7913,3190369
Iowa,43,9707,3190369
Iowa,44,11418,3190369
Iowa,45,8308,3190369
Iowa,46,7825,3190369
Iowa,47,6280,3190369
Iowa,48,5032,3190369
Iowa,49,4507,3190369
Iowa,50,3361,3190369
Iowa,51,3803,3190369
Iowa,52,3238,3190369
Iowa,53,3175,3190369
Iowa,54,2915,3190369
Iowa,55,4001,3190369
Iowa,56,3610,3190369
Iowa,57,3368,3190369
Iowa,58,3142,3190369
Iowa,59,2819,3190369
Iowa,60,2592,3190369
Iowa,61,2159,3190369
Iowa,62,1580,3190369
Iowa,63,1232,3190369
Iowa,64,703,3190369
Iowa,65,640,3190369
Iowa,66,585,3190369
Iowa,67,491,3190369
Iowa,68,501,3190369
Iowa,69,566,3190369
Iowa,70,464,3190369
Iowa,71,1055,3190369
Iowa,72,1574,3190369
Iowa,73,2497,3190369
Iowa,74,4200,3190369
Iowa,75,5226,3190369
Iowa,76,5944,3190369
Iowa,77,7558,3190369
Iowa,78,8852,3190369
Iowa,79,9591,3190369
Iowa,80,13071,3190369
Iowa,81,11429,3190369
Iowa,82,9911,3190369
Iowa,83,9218,3190369
Iowa,84,7534,3190369
Iowa,85,6822,3190369
Iowa,86,6979,3190369
Iowa,87,8275,3190369
Iowa,88,9157,3190369
Iowa,89,10073,3190369
Iowa,90,9221,3190369
Iowa,91,11765,3190369
Iowa,92,11664,3190369
Iowa,93,10742,3190369
Iowa,94,10968,3190369
Iowa,95,7504,3190369
Iowa,96,32499,3190369
Iowa,97,37410,3190369
Iowa,98,36953,3190369
Iowa,99,29925,3190369
Iowa,100,17412,3190369
Iowa,101,9866,3190369
Iowa,102,5964,3190369
Iowa,103,3319,3190369
Iowa,104,6698,3190369
Iowa,105,1231,3190369
Iowa,106,773,3190369
Iowa,107,743,3190369
Iowa,108,754,3190369
Iowa,109,673,3190369
Iowa,110,1060,3190369
Iowa,111,1255,3190369
Iowa,112,1746,3190369
Iowa,113,2811,3190369
Iowa,114,3535,3190369
Iowa,115,3727,3190369
Iowa,116,2665,3190369
Iowa,117,5443,3190369
Iowa,118,3955,3190369
Iowa,119,2728,3190369
Iowa,120,5242,3190369
Iowa,121,2723,3190369
Iowa,122,5844,3190369
Iowa,123,5051,3190369
Iowa,124,5642,3190369
Iowa,125,5241,3190369
Iowa,126,6426,3190369
Iowa,127,5264,3190369
Iowa,128,3108,3190369
Iowa,129,4931,3190369
Iowa,130,3226,3190369
Iowa,131,5777,3190369
Iowa,132,3395,3190369
Iowa,133,2568,3190369
Iowa,134,1871,3190369
Iowa,135,1299,3190369
Iowa,136,2222,3190369
Iowa,137,844,3190369
Iowa,138,1915,3190369
Iowa,139,1827,3190369
Iowa,140,1863,3190369
Iowa,141,1980,3190369
Iowa,142,2302,3190369
Iowa,143,2700,3190369
Iowa,144,3471,3190369
Iowa,145,3702,3190369
Iowa,146,3493,3190369
Iowa,147,2148,3190369
Iowa,148,2256,3190369
Iowa,149,2204,3190369
Iowa,150,1687,3190369
Iowa,151,1568,3190369
Iowa,152,1512,3190369
Iowa,153,1498,3190369
Iowa,154,1626,3190369
Iowa,155,1581,3190369
Iowa,156,1732,3190369
Iowa,157,1916,3190369
Iowa,158,1753,3190369
Iowa,159,1677,3190369
Kansas,1,11,2937880
Kansas,2,71,2937880
Kansas,3,292,2937880
Kansas,4,480,2937880
Kansas,5,530,2937880
Kansas,6,646,2937880
Kansas,7,1377,2937880
Kansas,8,1978,2937880
Kansas,9,1776,2937880
Kansas,10,1278,2937880
Kansas,11,833,2937880
Kansas,12,831,2937880
Kansas,13,621,2937880
Kansas,14,792,2937880
Kansas,15,1060,2937880
Kansas,16,1992,2937880
Kansas,17,2514,2937880
Kansas,18,3183,2937880
Kansas,19,3279,2937880
Kansas,20,2895,2937880
Kansas,21,2761,2937880
Kansas,22,2894,2937880
Kansas,23,3450,2937880
Kansas,24,3464,2937880
Kansas,25,4399,2937880
Kansas,26,4002,2937880
Kansas,27,3462,2937880
Kansas,28,4085,2937880
Kansas,29,4837,2937880
Kansas,30,4024,2937880
Kansas,31,5341,2937880
Kansas,32,5458,2937880
Kansas,33,5857,2937880
Kansas,34,10140,2937880
Kansas,35,14685,2937880
Kansas,36,19399,2937880
Kansas,37,20134,2937880
Kansas,38,15597,2937880
Kansas,39,16961,2937880
Kansas,40,15720,2937880
Kansas,41,14824,2937880
Kansas,42,11162,2937880
Kansas,43,15295,2937880
Kansas,44,16031,2937880
Kansas,45,12098,2937880
Kansas,46,9701,2937880
Kansas,47,7367,2937880
Kansas,48,6439,2937880
Kansas,49,4484,2937880
Kansas,50,4363,2937880
Kansas,51,2563,2937880
Kansas,52,2067,2937880
Kansas,53,1631,2937880
Kansas,54,1468,2937880
Kansas,55,1541,2937880
Kansas,56,1346,2937880
Kansas,57,1509,2937880
Kansas,58,1520,2937880
Kansas,59,1495,2937880
Kansas,60,1702,2937880
Kansas,61,1270,2937880
Kansas,62,1151,2937880
Kansas,63,1162,2937880
Kansas,64,562,2937880
Kansas,65,980,2937880
Kansas,66,773,2937880
Kansas,67,635,2937880
Kansas,68,903,2937880
Kansas,69,840,2937880
Kansas,70,2467,2937880
Kansas,71,3086,2937880
Kansas,72,4397,2937880
Kansas,73,5899,2937880
Kansas,74,7622,2937880
Kansas,75,7982,2937880
Kansas,76,8543,2937880
Kansas,77,10073,2937880
Kansas,78,8184,2937880
Kansas,79,12738,2937880
Kansas,80,9463,2937880
Kansas,81,6991,2937880
Kansas,82,6691,2937880
Kansas,83,6159,2937880
Kansas,84,5314,2937880
Kansas,85,5658,2937880
Kansas,86,5665,2937880
Kansas,87,6177,2937880
Kansas,88,7576,2937880
Kansas,89,8463,2937880
Kansas,90,7061,2937880
Kansas,91,12494,2937880
Kansas,92,11537,2937880
Kansas,93,11101,2937880
Kansas,94,11607,2937880
Kansas,95,22039,2937880
Kansas,96,45038,2937880
Kansas,97,41633,2937880
Kansas,98,74372,2937880
Kansas,99,35015,2937880
Kansas,100,17955,2937880
Kansas,101,9891,2937880
Kansas,102,4858,2937880
Kansas,103,3252,2937880
Kansas,104,1771,2937880
Kansas,105,1188,2937880
Kansas,106,325,2937880
Kansas,107,507,2937880
Kansas,108,431,2937880
Kansas,109,844,2937880
Kansas,110,1106,2937880
Kansas,111,1516,2937880
Kansas,112,1984,2937880
Kansas,113,2235,2937880
Kansas,114,2844,2937880
Kansas,115,2000,2937880
Kansas,116,3041,2937880
Kansas,117,3179,2937880
Kansas,118,4621,2937880
Kansas,119,3923,2937880
Kansas,120,4128,2937880
Kansas,121,5015,2937880
Kansas,122,5566,2937880
Kansas,123,7253,2937880
Kansas,124,7853,2937880
Kansas,125,7457,2937880
Kansas,126,6830,2937880
Kansas,127,6368,2937880
Kansas,128,5183,2937880
Kansas,129,4864,2937880
Kansas,130,5795,2937880
Kansas,131,4377,2937880
Kansas,132,4220,2937880
Kansas,133,2679,2937880
Kansas,134,2740,2937880
Kansas,135,1653,2937880
Kansas,136,2845,2937880
Kansas,137,2638,2937880
Kansas,138,2185,2937880
Kansas,139,2381,2937880
Kansas,140,2616,2937880
Kansas,141,2776,2937880
Kansas,142,2617,2937880
Kansas,143,3431,2937880
Kansas,144,4158,2937880
Kansas,145,4141,2937880
Kansas,146,3902,2937880
Kansas,147,2747,2937880
Kansas,148,2834,2937880
Kansas,149,2317,2937880
Kansas,150,1956,2937880
Kansas,151,2354,2937880
Kansas,152,1961,2937880
Kansas,153,1974,2937880
Kansas,154,2029,2937880
Kansas,155,1983,2937880
Kansas,156,1957,2937880
Kansas,157,1744,2937880
Kansas,158,1325,2937880
Kansas,159,1290,2937880
Kentucky,1,22,4505836
Kentucky,2,102,4505836
Kentucky,3,356,4505836
Kentucky,4,577,4505836
Kentucky,5,991,4505836
Kentucky,6,1002,4505836
Kentucky,7,1096,4505836
Kentucky,8,1224,4505836
Kentucky,9,1340,4505836
Kentucky,10,1331,4505836
Kentucky,11,858,4505836
Kentucky,12,1251,4505836
Kentucky,13,1551,4505836
Kentucky,14,1162,4505836
Kentucky,15,1210,4505836
Kentucky,16,1584,4505836
Kentucky,17,1807,4505836
Kentucky,18,2663,4505836
Kentucky,19,3851,4505836
Kentucky,20,4272,4505836
Kentucky,21,4250,4505836
Kentucky,22,4239,4505836
Kentucky,23,4871,4505836
Kentucky,24,4447,4505836
Kentucky,25,4827,4505836
Kentucky,26,5661,4505836
Kentucky,27,4637,4505836
Kentucky,28,4723,4505836
Kentucky,29,5098,4505836
Kentucky,30,5784,4505836
Kentucky,31,6287,4505836
Kentucky,32,7369,4505836
Kentucky,33,9522,4505836
Kentucky,34,11851,4505836
Kentucky,35,13516,4505836
Kentucky,36,16945,4505836
Kentucky,37,21490,4505836
Kentucky,38,19488,4505836
Kentucky,39,23788,4505836
Kentucky,40,21625,4505836
Kentucky,41,18575,4505836
Kentucky,42,13766,4505836
Kentucky,43,21088,4505836
Kentucky,44,27317,4505836
Kentucky,45,22568,4505836
Kentucky,46,19480,4505836
Kentucky,47,17161,4505836
Kentucky,48,14120,4505836
Kentucky,49,11032,4505836
Kentucky,50,7804,4505836
Kentucky,51,7275,4505836
Kentucky,52,5696,4505836
Kentucky,53,5460,4505836
Kentucky,54,4706,4505836
Kentucky,55,4119,4505836
Kentucky,56,4016,4505836
Kentucky,57,3974,4505836
Kentucky,58,4189,4505836
Kentucky,59,3533,4505836
Kentucky,60,4181,4505836
Kentucky,61,3556,4505836
Kentucky,62,3158,4505836
Kentucky,63,2784,4505836
Kentucky,64,1834,4505836
Kentucky,65,1750,4505836
Kentucky,66,1721,4505836
Kentucky,67,1053,4505836
Kentucky,68,876,4505836
Kentucky,69,818,4505836
Kentucky,70,2149,4505836
Kentucky,71,3119,4505836
Kentucky,72,6025,4505836
Kentucky,73,9650,4505836
Kentucky,74,14288,4505836
Kentucky,75,18840,4505836
Kentucky,76,24225,4505836
Kentucky,77,30450,4505836
Kentucky,78,21574,4505836
Kentucky,79,36920,4505836
Kentucky,80,29445,4505836
Kentucky,81,22777,4505836
Kentucky,82,20066,4505836
Kentucky,83,15132,4505836
Kentucky,84,12173,4505836
Kentucky,85,9745,4505836
Kentucky,86,8233,4505836
Kentucky,87,7735,4505836
Kentucky,88,9267,4505836
Kentucky,89,10447,4505836
Kentucky,90,9711,4505836
Kentucky,91,16319,4505836
Kentucky,92,15220,4505836
Kentucky,93,15743,4505836
Kentucky,94,15018,4505836
Kentucky,95,34513,4505836
Kentucky,96,56335,4505836
Kentucky,97,50846,4505836
Kentucky,98,104493,4505836
Kentucky,99,75775,4505836
Kentucky,100,39726,4505836
Kentucky,101,38404,4505836
Kentucky,102,25019,4505836
Kentucky,103,12368,4505836
Kentucky,104,11088,4505836
Kentucky,105,9238,4505836
Kentucky,106,8290,4505836
Kentucky,107,5617,4505836
Kentucky,108,3898,4505836
Kentucky,109,3096,4505836
Kentucky,110,3454,4505836
Kentucky,111,3062,4505836
Kentucky,112,3514,4505836
Kentucky,113,4103,4505836
Kentucky,114,7233,4505836
Kentucky,115,9236,4505836
Kentucky,116,2487,4505836
Kentucky,117,14980,4505836
Kentucky,118,13148,4505836
Kentucky,119,10381,4505836
Kentucky,120,11171,4505836
Kentucky,121,2297,4505836
Kentucky,122,20699,4505836
Kentucky,123,13192,4505836
Kentucky,124,18636,4505836
Kentucky,125,18734,4505836
Kentucky,126,17915,4505836
Kentucky,127,17209,4505836
Kentucky,128,2499,4505836
Kentucky,129,15953,4505836
Kentucky,130,1496,4505836
Kentucky,131,21874,4505836
Kentucky,132,8966,4505836
Kentucky,133,9176,4505836
Kentucky,134,8373,4505836
Kentucky,135,8023,4505836
Kentucky,136,0,4505836
Kentucky,137,4986,4505836
Kentucky,138,7425,4505836
Kentucky,139,5808,4505836
Kentucky,140,3640,4505836
Kentucky,141,6817,4505836
Kentucky,142,4005,4505836
Kentucky,143,5757,4505836
Kentucky,144,4965,4505836
Kentucky,145,7146,4505836
Kentucky,146,0,4505836
Kentucky,147,9156,4505836
Kentucky,148,9740,4505836
Kentucky,149,2504,4505836
Kentucky,150,13358,4505836
Kentucky,151,6911,4505836
Kentucky,152,5556,4505836
Kentucky,153,6567,4505836
Kentucky,154,3729,4505836
Kentucky,155,4778,4505836
Kentucky,156,5251,4505836
Kentucky,157,2829,4505836
Kentucky,158,2143,4505836
Kentucky,159,0,4505836
Louisiana,1,137,4657757
Louisiana,2,1035,4657757
Louisiana,3,2852,4657757
Louisiana,4,10843,4657757
Louisiana,5,6149,4657757
Louisiana,6,3507,4657757
Louisiana,7,2588,4657757
Louisiana,8,2635,4657757
Louisiana,9,2135,4657757
Louisiana,10,2951,4657757
Louisiana,11,3084,4657757
Louisiana,12,2536,4657757
Louisiana,13,2711,4657757
Louisiana,14,4121,4657757
Louisiana,15,3068,4657757
Louisiana,16,6837,4657757
Louisiana,17,9246,4657757
Louisiana,18,13500,4657757
Louisiana,19,15067,4657757
Louisiana,20,15027,4657757
Louisiana,21,10931,4657757
Louisiana,22,11119,4657757
Louisiana,23,6529,4657757
Louisiana,24,5099,4657757
Louisiana,25,5187,4657757
Louisiana,26,5179,4657757
Louisiana,27,4809,4657757
Louisiana,28,3619,4657757
Louisiana,29,3814,4657757
Louisiana,30,3622,4657757
Louisiana,31,4710,4657757
Louisiana,32,4423,4657757
Louisiana,33,4732,4657757
Louisiana,34,4193,4657757
Louisiana,35,5377,4657757
Louisiana,36,11687,4657757
Louisiana,37,16101,4657757
Louisiana,38,11254,4657757
Louisiana,39,19722,4657757
Louisiana,40,17507,4657757
Louisiana,41,17618,4657757
Louisiana,42,13278,4657757
Louisiana,43,21642,4657757
Louisiana,44,26053,4657757
Louisiana,45,21717,4657757
Louisiana,46,15991,4657757
Louisiana,47,15649,4657757
Louisiana,48,11398,4657757
Louisiana,49,7405,4657757
Louisiana,50,4250,4657757
Louisiana,51,5860,4657757
Louisiana,52,3785,4657757
Louisiana,53,3276,4657757
Louisiana,54,3501,4657757
Louisiana,55,2839,4657757
Louisiana,56,2832,4657757
Louisiana,57,3090,4657757
Louisiana,58,3524,4657757
Louisiana,59,3081,4657757
Louisiana,60,2908,4657757
Louisiana,61,3528,4657757
Louisiana,62,3078,4657757
Louisiana,63,2456,4657757
Louisiana,64,2283,4657757
Louisiana,65,3092,4657757
Louisiana,66,2131,4657757
Louisiana,67,2231,4657757
Louisiana,68,2324,4657757
Louisiana,69,2097,4657757
Louisiana,70,7391,4657757
Louisiana,71,9981,4657757
Louisiana,72,20503,4657757
Louisiana,73,32352,4657757
Louisiana,74,37659,4657757
Louisiana,75,37700,4657757
Louisiana,76,32658,4657757
Louisiana,77,18992,4657757
Louisiana,78,17104,4657757
Louisiana,79,19806,4657757
Louisiana,80,12125,4657757
Louisiana,81,8751,4657757
Louisiana,82,6049,4657757
Louisiana,83,5162,4657757
Louisiana,84,4158,4657757
Louisiana,85,3558,4657757
Louisiana,86,3491,4657757
Louisiana,87,2659,4657757
Louisiana,88,2637,4657757
Louisiana,89,2745,4657757
Louisiana,90,2264,4657757
Louisiana,91,3316,4657757
Louisiana,92,3485,4657757
Louisiana,93,6498,4657757
Louisiana,94,18933,4657757
Louisiana,95,57319,4657757
Louisiana,96,77591,4657757
Louisiana,97,59176,4657757
Louisiana,98,79762,4657757
Louisiana,99,93827,4657757
Louisiana,100,29470,4657757
Louisiana,101,13755,4657757
Louisiana,102,8056,4657757
Louisiana,103,4144,4657757
Louisiana,104,2943,4657757
Louisiana,105,1610,4657757
Louisiana,106,1056,4657757
Louisiana,107,798,4657757
Louisiana,108,718,4657757
Louisiana,109,911,4657757
Louisiana,110,1520,4657757
Louisiana,111,1538,4657757
Louisiana,112,1826,4657757
Louisiana,113,2947,4657757
Louisiana,114,4272,4657757
Louisiana,115,6190,4657757
Louisiana,116,5182,4657757
Louisiana,117,10485,4657757
Louisiana,118,9468,4657757
Louisiana,119,10328,4657757
Louisiana,120,12696,4657757
Louisiana,121,10704,4657757
Louisiana,122,21183,4657757
Louisiana,123,18715,4657757
Louisiana,124,17060,4657757
Louisiana,125,13734,4657757
Louisiana,126,10996,4657757
Louisiana,127,10887,4657757
Louisiana,128,7413,4657757
Louisiana,129,12686,4657757
Louisiana,130,9054,4657757
Louisiana,131,9403,4657757
Louisiana,132,5044,4657757
Louisiana,133,3478,4657757
Louisiana,134,2607,4657757
Louisiana,135,2016,4657757
Louisiana,136,1392,4657757
Louisiana,137,558,4657757
Louisiana,138,1567,4657757
Louisiana,139,1946,4657757
Louisiana,140,2321,4657757
Louisiana,141,1873,4657757
Louisiana,142,2868,4657757
Louisiana,143,2651,4657757
Louisiana,144,4453,4657757
Louisiana,145,4724,4657757
Louisiana,146,25438,4657757
Louisiana,147,6406,4657757
Louisiana,148,7090,4657757
Louisiana,149,6849,4657757
Louisiana,150,5205,4657757
Louisiana,151,5019,4657757
Louisiana,152,10232,4657757
Louisiana,153,6972,4657757
Louisiana,154,5147,4657757
Louisiana,155,5478,4657757
Louisiana,156,4566,4657757
Louisiana,157,3139,4657757
Louisiana,158,2699,4657757
Louisiana,159,4200,4657757
Maine,1,17,1362359
Maine,2,90,1362359
Maine,3,168,1362359
Maine,4,224,1362359
Maine,5,199,1362359
Maine,6,177,1362359
Maine,7,148,1362359
Maine,8,182,1362359
Maine,9,257,1362359
Maine,10,251,1362359
Maine,11,361,1362359
Maine,12,275,1362359
Maine,13,239,1362359
Maine,14,222,1362359
Maine,15,161,1362359
Maine,16,248,1362359
Maine,17,204,1362359
Maine,18,135,1362359
Maine,19,153,1362359
Maine,20,121,1362359
Maine,21,138,1362359
Maine,22,79,1362359
Maine,23,148,1362359
Maine,24,159,1362359
Maine,25,170,1362359
Maine,26,175,1362359
Maine,27,202,1362359
Maine,28,203,1362359
Maine,29,194,1362359
Maine,30,245,1362359
Maine,31,207,1362359
Maine,32,210,1362359
Maine,33,292,1362359
Maine,34,545,1362359
Maine,35,1089,1362359
Maine,36,1229,1362359
Maine,37,1427,1362359
Maine,38,1213,1362359
Maine,39,2018,1362359
Maine,40,2574,1362359
Maine,41,2936,1362359
Maine,42,3034,1362359
Maine,43,3649,1362359
Maine,44,3643,1362359
Maine,45,4265,1362359
Maine,46,3170,1362359
Maine,47,2497,1362359
Maine,48,1876,1362359
Maine,49,1258,1362359
Maine,50,917,1362359
Maine,51,1168,1362359
Maine,52,1164,1362359
Maine,53,1273,1362359
Maine,54,1443,1362359
Maine,55,1388,1362359
Maine,56,1956,1362359
Maine,57,2270,1362359
Maine,58,3289,1362359
Maine,59,2460,1362359
Maine,60,2087,1362359
Maine,61,2116,1362359
Maine,62,1706,1362359
Maine,63,1157,1362359
Maine,64,709,1362359
Maine,65,482,1362359
Maine,66,341,1362359
Maine,67,241,1362359
Maine,68,145,1362359
Maine,69,129,1362359
Maine,70,101,1362359
Maine,71,255,1362359
Maine,72,430,1362359
Maine,73,559,1362359
Maine,74,842,1362359
Maine,75,1216,1362359
Maine,76,1138,1362359
Maine,77,1722,1362359
Maine,78,2690,1362359
Maine,79,2439,1362359
Maine,80,3400,1362359
Maine,81,3279,1362359
Maine,82,4279,1362359
Maine,83,3473,1362359
Maine,84,2783,1362359
Maine,85,3243,1362359
Maine,86,3292,1362359
Maine,87,3513,1362359
Maine,88,3372,1362359
Maine,89,4715,1362359
Maine,90,2889,1362359
Maine,91,4370,1362359
Maine,92,6879,1362359
Maine,93,6404,1362359
Maine,94,5389,1362359
Maine,95,4946,1362359
Maine,96,6640,1362359
Maine,97,7481,1362359
Maine,98,6042,1362359
Maine,99,7326,1362359
Maine,100,6785,1362359
Maine,101,6687,1362359
Maine,102,31100,1362359
Maine,103,7353,1362359
Maine,104,4570,1362359
Maine,105,1573,1362359
Maine,106,1403,1362359
Maine,107,1143,1362359
Maine,108,1419,1362359
Maine,109,1459,1362359
Maine,110,2369,1362359
Maine,111,1947,1362359
Maine,112,3838,1362359
Maine,113,5263,1362359
Maine,114,4397,1362359
Maine,115,4104,1362359
Maine,116,2937,1362359
Maine,117,1794,1362359
Maine,118,1739,1362359
Maine,119,1602,1362359
Maine,120,1135,1362359
Maine,121,1489,1362359
Maine,122,1265,1362359
Maine,123,1527,1362359
Maine,124,1377,1362359
Maine,125,1497,1362359
Maine,126,1462,1362359
Maine,127,1462,1362359
Maine,128,1482,1362359
Maine,129,1703,1362359
Maine,130,1505,1362359
Maine,131,1270,1362359
Maine,132,1686,1362359
Maine,133,1676,1362359
Maine,134,1810,1362359
Maine,135,1931,1362359
Maine,136,1858,1362359
Maine,137,1924,1362359
Maine,138,1480,1362359
Maine,139,1325,1362359
Maine,140,930,1362359
Maine,141,854,1362359
Maine,142,492,1362359
Maine,143,1218,1362359
Maine,144,1206,1362359
Maine,145,1219,1362359
Maine,146,1110,1362359
Maine,147,1047,1362359
Maine,148,1290,1362359
Maine,149,1296,1362359
Maine,150,1176,1362359
Maine,151,1084,1362359
Maine,152,1138,1362359
Maine,153,1250,1362359
Maine,154,237,1362359
Maine,155,950,1362359
Maine,156,1692,1362359
Maine,157,1370,1362359
Maine,158,973,1362359
Maine,159,894,1362359
Maryland,1,39,6177224
Maryland,2,251,6177224
Maryland,3,1125,6177224
Maryland,4,2630,6177224
Maryland,5,4891,6177224
Maryland,6,4814,6177224
Maryland,7,5824,6177224
Maryland,8,6935,6177224
Maryland,9,6974,6177224
Maryland,10,6399,6177224
Maryland,11,7872,6177224
Maryland,12,6281,6177224
Maryland,13,4989,6177224
Maryland,14,3629,6177224
Maryland,15,2549,6177224
Maryland,16,2635,6177224
Maryland,17,2660,6177224
Maryland,18,3627,6177224
Maryland,19,5127,6177224
Maryland,20,6185,6177224
Maryland,21,6269,6177224
Maryland,22,5116,6177224
Maryland,23,4455,6177224
Maryland,24,3892,6177224
Maryland,25,3574,6177224
Maryland,26,4636,6177224
Maryland,27,3769,6177224
Maryland,28,3921,6177224
Maryland,29,3303,6177224
Maryland,30,3906,6177224
Maryland,31,4080,6177224
Maryland,32,4286,6177224
Maryland,33,4691,6177224
Maryland,34,6143,6177224
Maryland,35,8347,6177224
Maryland,36,12217,6177224
Maryland,37,16099,6177224
Maryland,38,14570,6177224
Maryland,39,18937,6177224
Maryland,40,19568,6177224
Maryland,41,16130,6177224
Maryland,42,16097,6177224
Maryland,43,18528,6177224
Maryland,44,21904,6177224
Maryland,45,18543,6177224
Maryland,46,14936,6177224
Maryland,47,12459,6177224
Maryland,48,8920,6177224
Maryland,49,7153,6177224
Maryland,50,5263,6177224
Maryland,51,5736,6177224
Maryland,52,5333,6177224
Maryland,53,6023,6177224
Maryland,54,6650,6177224
Maryland,55,8370,6177224
Maryland,56,9114,6177224
Maryland,57,9527,6177224
Maryland,58,8945,6177224
Maryland,59,7155,6177224
Maryland,60,5700,6177224
Maryland,61,3891,6177224
Maryland,62,2816,6177224
Maryland,63,2303,6177224
Maryland,64,1395,6177224
Maryland,65,767,6177224
Maryland,66,672,6177224
Maryland,67,451,6177224
Maryland,68,402,6177224
Maryland,69,453,6177224
Maryland,70,631,6177224
Maryland,71,1071,6177224
Maryland,72,1871,6177224
Maryland,73,3338,6177224
Maryland,74,5013,6177224
Maryland,75,6164,6177224
Maryland,76,7176,6177224
Maryland,77,8032,6177224
Maryland,78,8138,6177224
Maryland,79,7586,6177224
Maryland,80,8593,6177224
Maryland,81,8529,6177224
Maryland,82,8565,6177224
Maryland,83,7700,6177224
Maryland,84,6238,6177224
Maryland,85,5330,6177224
Maryland,86,5123,6177224
Maryland,87,4919,6177224
Maryland,88,5706,6177224
Maryland,89,6510,6177224
Maryland,90,6048,6177224
Maryland,91,7780,6177224
Maryland,92,0,6177224
Maryland,93,28541,6177224
Maryland,94,47570,6177224
Maryland,95,82665,6177224
Maryland,96,89177,6177224
Maryland,97,65595,6177224
Maryland,98,32108,6177224
Maryland,99,16969,6177224
Maryland,100,10050,6177224
Maryland,101,5404,6177224
Maryland,102,27407,6177224
Maryland,103,4144,6177224
Maryland,104,2483,6177224
Maryland,105,2022,6177224
Maryland,106,2132,6177224
Maryland,107,2019,6177224
Maryland,108,2462,6177224
Maryland,109,3575,6177224
Maryland,110,3380,6177224
Maryland,111,5574,6177224
Maryland,112,6850,6177224
Maryland,113,8847,6177224
Maryland,114,12926,6177224
Maryland,115,15660,6177224
Maryland,116,13219,6177224
Maryland,117,14847,6177224
Maryland,118,11008,6177224
Maryland,119,8118,6177224
Maryland,120,10325,6177224
Maryland,121,8595,6177224
Maryland,122,11045,6177224
Maryland,123,11224,6177224
Maryland,124,11196,6177224
Maryland,125,11429,6177224
Maryland,126,10753,6177224
Maryland,127,10918,6177224
Maryland,128,7437,6177224
Maryland,129,7968,6177224
Maryland,130,5934,6177224
Maryland,131,7554,6177224
Maryland,132,6631,6177224
Maryland,133,6013,6177224
Maryland,134,5113,6177224
Maryland,135,3821,6177224
Maryland,136,4931,6177224
Maryland,137,4361,6177224
Maryland,138,4604,6177224
Maryland,139,4888,6177224
Maryland,140,3855,6177224
Maryland,141,4806,6177224
Maryland,142,2799,6177224
Maryland,143,6947,6177224
Maryland,144,6360,6177224
Maryland,145,6986,6177224
Maryland,146,6198,6177224
Maryland,147,6838,6177224
Maryland,148,8923,6177224
Maryland,149,5936,6177224
Maryland,150,5980,6177224
Maryland,151,5621,6177224
Maryland,152,4473,6177224
Maryland,153,4392,6177224
Maryland,154,3312,6177224
Maryland,155,3825,6177224
Maryland,156,2891,6177224
Maryland,157,2489,6177224
Maryland,158,2194,6177224
Maryland,159,1384,6177224
Massachusetts,1,197,7029917
Massachusetts,2,580,7029917
Massachusetts,3,4975,7029917
Massachusetts,4,8085,7029917
Massachusetts,5,13030,7029917
Massachusetts,6,12776,7029917
Massachusetts,7,16819,7029917
Massachusetts,8,12625,7029917
Massachusetts,9,9375,7029917
Massachusetts,10,8590,7029917
Massachusetts,11,6219,7029917
Massachusetts,12,7534,7029917
Massachusetts,13,2821,7029917
Massachusetts,14,2064,7029917
Massachusetts,15,1520,7029917
Massachusetts,16,1558,7029917
Massachusetts,17,1369,7029917
Massachusetts,18,1690,7029917
Massachusetts,19,1962,7029917
Massachusetts,20,2137,7029917
Massachusetts,21,2731,7029917
Massachusetts,22,2658,7029917
Massachusetts,23,2526,7029917
Massachusetts,24,2181,7029917
Massachusetts,25,2511,7029917
Massachusetts,26,0,7029917
Massachusetts,27,2289,7029917
Massachusetts,28,2716,7029917
Massachusetts,29,3276,7029917
Massachusetts,30,4390,7029917
Massachusetts,31,4201,7029917
Massachusetts,32,4825,7029917
Massachusetts,33,7289,7029917
Massachusetts,34,8772,7029917
Massachusetts,35,12178,7029917
Massachusetts,36,17712,7029917
Massachusetts,37,18184,7029917
Massachusetts,38,17509,7029917
Massachusetts,39,33193,7029917
Massachusetts,40,34906,7029917
Massachusetts,41,33143,7029917
Massachusetts,42,29560,7029917
Massachusetts,43,35648,7029917
Massachusetts,44,44460,7029917
Massachusetts,45,36399,7029917
Massachusetts,46,30247,7029917
Massachusetts,47,22735,7029917
Massachusetts,48,18880,7029917
Massachusetts,49,14047,7029917
Massachusetts,50,11196,7029917
Massachusetts,51,11997,7029917
Massachusetts,52,9801,7029917
Massachusetts,53,11120,7029917
Massachusetts,54,12410,7029917
Massachusetts,55,15157,7029917
Massachusetts,56,15189,7029917
Massachusetts,57,14881,7029917
Massachusetts,58,12873,7029917
Massachusetts,59,9691,7029917
Massachusetts,60,8070,7029917
Massachusetts,61,6137,7029917
Massachusetts,62,4466,7029917
Massachusetts,63,3032,7029917
Massachusetts,64,1575,7029917
Massachusetts,65,1250,7029917
Massachusetts,66,738,7029917
Massachusetts,67,510,7029917
Massachusetts,68,367,7029917
Massachusetts,69,328,7029917
Massachusetts,70,1024,7029917
Massachusetts,71,1875,7029917
Massachusetts,72,3415,7029917
Massachusetts,73,5433,7029917
Massachusetts,74,7162,7029917
Massachusetts,75,8532,7029917
Massachusetts,76,9574,7029917
Massachusetts,77,10941,7029917
Massachusetts,78,7490,7029917
Massachusetts,79,16523,7029917
Massachusetts,80,13436,7029917
Massachusetts,81,11639,7029917
Massachusetts,82,9768,7029917
Massachusetts,83,6535,7029917
Massachusetts,84,12817,7029917
Massachusetts,85,9742,7029917
Massachusetts,86,9186,7029917
Massachusetts,87,10576,7029917
Massachusetts,88,13321,7029917
Massachusetts,89,18747,7029917
Massachusetts,90,17621,7029917
Massachusetts,91,31968,7029917
Massachusetts,92,33798,7029917
Massachusetts,93,38421,7029917
Massachusetts,94,49628,7029917
Massachusetts,95,104394,7029917
Massachusetts,96,170939,7029917
Massachusetts,97,81640,7029917
Massachusetts,98,136736,7029917
Massachusetts,99,48575,7029917
Massachusetts,100,25934,7029917
Massachusetts,101,15301,7029917
Massachusetts,102,8377,7029917
Massachusetts,103,10086,7029917
Massachusetts,104,6327,7029917
Massachusetts,105,5074,7029917
Massachusetts,106,5027,7029917
Massachusetts,107,7081,7029917
Massachusetts,108,8656,7029917
Massachusetts,109,10710,7029917
Massachusetts,110,10202,7029917
Massachusetts,111,19611,7029917
Massachusetts,112,19874,7029917
Massachusetts,113,25262,7029917
Massachusetts,114,31955,7029917
Massachusetts,115,27584,7029917
Massachusetts,116,14422,7029917
Massachusetts,117,21957,7029917
Massachusetts,118,13461,7029917
Massachusetts,119,7224,7029917
Massachusetts,120,13734,7029917
Massachusetts,121,7090,7029917
Massachusetts,122,9904,7029917
Massachusetts,123,7872,7029917
Massachusetts,124,11525,7029917
Massachusetts,125,11075,7029917
Massachusetts,126,10584,7029917
Massachusetts,127,9882,7029917
Massachusetts,128,9069,7029917
Massachusetts,129,8796,7029917
Massachusetts,130,8742,7029917
Massachusetts,131,7339,7029917
Massachusetts,132,9004,7029917
Massachusetts,133,10267,7029917
Massachusetts,134,10340,7029917
Massachusetts,135,9942,7029917
Massachusetts,136,8964,7029917
Massachusetts,137,8377,7029917
Massachusetts,138,8413,7029917
Massachusetts,139,6200,7029917
Massachusetts,140,6400,7029917
Massachusetts,141,5215,7029917
Massachusetts,142,5266,7029917
Massachusetts,143,5830,7029917
Massachusetts,144,8694,7029917
Massachusetts,145,9857,7029917
Massachusetts,146,10867,7029917
Massachusetts,147,9919,7029917
Massachusetts,148,11949,7029917
Massachusetts,149,11192,7029917
Massachusetts,150,8399,7029917
Massachusetts,151,7156,7029917
Massachusetts,152,7164,7029917
Massachusetts,153,5566,7029917
Massachusetts,154,5478,7029917
Massachusetts,155,5080,7029917
Massachusetts,156,4092,7029917
Massachusetts,157,3375,7029917
Massachusetts,158,3273,7029917
Massachusetts,159,2540,7029917
Michigan,1,54,10077331
Michigan,2,1270,10077331
Michigan,3,5184,10077331
Michigan,4,10621,10077331
Michigan,5,8361,10077331
Michigan,6,6439,10077331
Michigan,7,6528,10077331
Michigan,8,5539,10077331
Michigan,9,3530,10077331
Michigan,10,4327,10077331
Michigan,11,2963,10077331
Michigan,12,3619,10077331
Michigan,13,6476,10077331
Michigan,14,1391,10077331
Michigan,15,1842,10077331
Michigan,16,2212,10077331
Michigan,17,3047,10077331
Michigan,18,3951,10077331
Michigan,19,5132,10077331
Michigan,20,4843,10077331
Michigan,21,5174,10077331
Michigan,22,4969,10077331
Michigan,23,5400,10077331
Michigan,24,4944,10077331
Michigan,25,5347,10077331
Michigan,26,5225,10077331
Michigan,27,5888,10077331
Michigan,28,5379,10077331
Michigan,29,6127,10077331
Michigan,30,6975,10077331
Michigan,31,8527,10077331
Michigan,32,12771,10077331
Michigan,33,15569,10077331
Michigan,34,24511,10077331
Michigan,35,34001,10077331
Michigan,36,50407,10077331
Michigan,37,51680,10077331
Michigan,38,47879,10077331
Michigan,39,47359,10077331
Michigan,40,36277,10077331
Michigan,41,28250,10077331
Michigan,42,18800,10077331
Michigan,43,22370,10077331
Michigan,44,24073,10077331
Michigan,45,17971,10077331
Michigan,46,14579,10077331
Michigan,47,12743,10077331
Michigan,48,11213,10077331
Michigan,49,7753,10077331
Michigan,50,7610,10077331
Michigan,51,9402,10077331
Michigan,52,10863,10077331
Michigan,53,15322,10077331
Michigan,54,23076,10077331
Michigan,55,35756,10077331
Michigan,56,46998,10077331
Michigan,57,50907,10077331
Michigan,58,51697,10077331
Michigan,59,35895,10077331
Michigan,60,26811,10077331
Michigan,61,19229,10077331
Michigan,62,13946,10077331
Michigan,63,8910,10077331
Michigan,64,4287,10077331
Michigan,65,3441,10077331
Michigan,66,2197,10077331
Michigan,67,1135,10077331
Michigan,68,1096,10077331
Michigan,69,907,10077331
Michigan,70,1388,10077331
Michigan,71,1696,10077331
Michigan,72,2936,10077331
Michigan,73,4784,10077331
Michigan,74,10361,10077331
Michigan,75,10744,10077331
Michigan,76,12410,10077331
Michigan,77,15291,10077331
Michigan,78,10673,10077331
Michigan,79,23945,10077331
Michigan,80,22630,10077331
Michigan,81,23462,10077331
Michigan,82,27802,10077331
Michigan,83,29496,10077331
Michigan,84,30147,10077331
Michigan,85,26487,10077331
Michigan,86,29860,10077331
Michigan,87,34165,10077331
Michigan,88,50216,10077331
Michigan,89,57069,10077331
Michigan,90,47751,10077331
Michigan,91,59959,10077331
Michigan,92,50033,10077331
Michigan,93,43991,10077331
Michigan,94,51042,10077331
Michigan,95,93847,10077331
Michigan,96,128642,10077331
Michigan,97,78969,10077331
Michigan,98,183878,10077331
Michigan,99,90039,10077331
Michigan,100,47681,10077331
Michigan,101,25068,10077331
Michigan,102,12094,10077331
Michigan,103,17241,10077331
Michigan,104,7263,10077331
Michigan,105,5613,10077331
Michigan,106,6807,10077331
Michigan,107,5373,10077331
Michigan,108,3369,10077331
Michigan,109,4320,10077331
Michigan,110,13473,10077331
Michigan,111,10474,10077331
Michigan,112,14482,10077331
Michigan,113,18945,10077331
Michigan,114,27705,10077331
Michigan,115,29267,10077331
Michigan,116,25968,10077331
Michigan,117,19535,10077331
Michigan,118,18453,10077331
Michigan,119,15578,10077331
Michigan,120,10681,10077331
Michigan,121,14353,10077331
Michigan,122,13102,10077331
Michigan,123,16681,10077331
Michigan,124,16445,10077331
Michigan,125,19653,10077331
Michigan,126,20173,10077331
Michigan,127,16137,10077331
Michigan,128,23165,10077331
Michigan,129,19414,10077331
Michigan,130,19158,10077331
Michigan,131,15854,10077331
Michigan,132,18375,10077331
Michigan,133,16901,10077331
Michigan,134,14678,10077331
Michigan,135,12880,10077331
Michigan,136,12548,10077331
Michigan,137,12414,10077331
Michigan,138,12167,10077331
Michigan,139,11651,10077331
Michigan,140,9992,10077331
Michigan,141,12860,10077331
Michigan,142,8933,10077331
Michigan,143,8831,10077331
Michigan,144,2989,10077331
Michigan,145,12987,10077331
Michigan,146,14287,10077331
Michigan,147,10798,10077331
Michigan,148,9720,10077331
Michigan,149,9870,10077331
Michigan,150,9587,10077331
Michigan,151,6554,10077331
Michigan,152,6009,10077331
Michigan,153,5788,10077331
Michigan,154,6859,10077331
Michigan,155,6537,10077331
Michigan,156,7487,10077331
Michigan,157,6877,10077331
Michigan,158,7430,10077331
Michigan,159,5973,10077331
Minnesota,1,54,5706494
Minnesota,2,181,5706494
Minnesota,3,341,5706494
Minnesota,4,410,5706494
Minnesota,5,664,5706494
Minnesota,6,820,5706494
Minnesota,7,1346,5706494
Minnesota,8,3418,5706494
Minnesota,9,4564,5706494
Minnesota,10,4574,5706494
Minnesota,11,4952,5706494
Minnesota,12,3894,5706494
Minnesota,13,3017,5706494
Minnesota,14,2489,5706494
Minnesota,15,2535,5706494
Minnesota,16,2637,5706494
Minnesota,17,2710,5706494
Minnesota,18,4204,5706494
Minnesota,19,4337,5706494
Minnesota,20,4696,5706494
Minnesota,21,4757,5706494
Minnesota,22,4957,5706494
Minnesota,23,4205,5706494
Minnesota,24,4582,5706494
Minnesota,25,5569,5706494
Minnesota,26,5364,5706494
Minnesota,27,3724,5706494
Minnesota,28,5993,5706494
Minnesota,29,6696,5706494
Minnesota,30,7162,5706494
Minnesota,31,8640,5706494
Minnesota,32,11000,5706494
Minnesota,33,10933,5706494
Minnesota,34,18249,5706494
Minnesota,35,31168,5706494
Minnesota,36,46232,5706494
Minnesota,37,45482,5706494
Minnesota,38,42266,5706494
Minnesota,39,37389,5706494
Minnesota,40,25689,5706494
Minnesota,41,17470,5706494
Minnesota,42,10827,5706494
Minnesota,43,13550,5706494
Minnesota,44,13873,5706494
Minnesota,45,9797,5706494
Minnesota,46,8434,5706494
Minnesota,47,6745,5706494
Minnesota,48,6154,5706494
Minnesota,49,5487,5706494
Minnesota,50,5422,5706494
Minnesota,51,5639,5706494
Minnesota,52,5253,5706494
Minnesota,53,7735,5706494
Minnesota,54,8158,5706494
Minnesota,55,10242,5706494
Minnesota,56,11042,5706494
Minnesota,57,16396,5706494
Minnesota,58,13619,5706494
Minnesota,59,11775,5706494
Minnesota,60,10915,5706494
Minnesota,61,8612,5706494
Minnesota,62,6064,5706494
Minnesota,63,4218,5706494
Minnesota,64,2150,5706494
Minnesota,65,1496,5706494
Minnesota,66,996,5706494
Minnesota,67,732,5706494
Minnesota,68,610,5706494
Minnesota,69,442,5706494
Minnesota,70,824,5706494
Minnesota,71,1300,5706494
Minnesota,72,2026,5706494
Minnesota,73,3515,5706494
Minnesota,74,5581,5706494
Minnesota,75,7404,5706494
Minnesota,76,8912,5706494
Minnesota,77,10872,5706494
Minnesota,78,9324,5706494
Minnesota,79,13758,5706494
Minnesota,80,14894,5706494
Minnesota,81,15896,5706494
Minnesota,82,18371,5706494
Minnesota,83,20526,5706494
Minnesota,84,19420,5706494
Minnesota,85,14975,5706494
Minnesota,86,24757,5706494
Minnesota,87,21255,5706494
Minnesota,88,27648,5706494
Minnesota,89,29030,5706494
Minnesota,90,23822,5706494
Minnesota,91,33286,5706494
Minnesota,92,27400,5706494
Minnesota,93,22239,5706494
Minnesota,94,17707,5706494
Minnesota,95,28631,5706494
Minnesota,96,46042,5706494
Minnesota,97,63218,5706494
Minnesota,98,91198,5706494
Minnesota,99,92319,5706494
Minnesota,100,43131,5706494
Minnesota,101,27857,5706494
Minnesota,102,11941,5706494
Minnesota,103,8924,5706494
Minnesota,104,5128,5706494
Minnesota,105,3660,5706494
Minnesota,106,2698,5706494
Minnesota,107,2712,5706494
Minnesota,108,2832,5706494
Minnesota,109,3352,5706494
Minnesota,110,4678,5706494
Minnesota,111,6461,5706494
Minnesota,112,9271,5706494
Minnesota,113,12347,5706494
Minnesota,114,15022,5706494
Minnesota,115,13392,5706494
Minnesota,116,9983,5706494
Minnesota,117,12894,5706494
Minnesota,118,10824,5706494
Minnesota,119,8620,5706494
Minnesota,120,10899,5706494
Minnesota,121,4632,5706494
Minnesota,122,8326,5706494
Minnesota,123,9521,5706494
Minnesota,124,9500,5706494
Minnesota,125,10056,5706494
Minnesota,126,10442,5706494
Minnesota,127,10240,5706494
Minnesota,128,9948,5706494
Minnesota,129,9625,5706494
Minnesota,130,8394,5706494
Minnesota,131,6440,5706494
Minnesota,132,6346,5706494
Minnesota,133,6678,5706494
Minnesota,134,6120,5706494
Minnesota,135,5968,5706494
Minnesota,136,5386,5706494
Minnesota,137,4765,5706494
Minnesota,138,5132,5706494
Minnesota,139,5038,5706494
Minnesota,140,5200,5706494
Minnesota,141,5115,5706494
Minnesota,142,6567,5706494
Minnesota,143,5222,5706494
Minnesota,144,6359,5706494
Minnesota,145,5744,5706494
Minnesota,146,5879,5706494
Minnesota,147,5721,5706494
Minnesota,148,4718,5706494
Minnesota,149,3494,5706494
Minnesota,150,2646,5706494
Minnesota,151,5341,5706494
Minnesota,152,4307,5706494
Minnesota,153,4494,5706494
Minnesota,154,4967,5706494
Minnesota,155,3257,5706494
Minnesota,156,5147,5706494
Minnesota,157,3602,5706494
Minnesota,158,2785,5706494
Minnesota,159,2612,5706494
Mississippi,1,12,2961279
Mississippi,2,237,2961279
Mississippi,3,599,2961279
Mississippi,4,890,2961279
Mississippi,5,1204,2961279
Mississippi,6,1570,2961279
Mississippi,7,1582,2961279
Mississippi,8,1783,2961279
Mississippi,9,1797,2961279
Mississippi,10,1758,2961279
Mississippi,11,2026,2961279
Mississippi,12,2294,2961279
Mississippi,13,2016,2961279
Mississippi,14,2031,2961279
Mississippi,15,2488,2961279
Mississippi,16,4281,2961279
Mississippi,17,4689,2961279
Mississippi,18,5423,2961279
Mississippi,19,7209,2961279
Mississippi,20,9068,2961279
Mississippi,21,8168,2961279
Mississippi,22,6524,2961279
Mississippi,23,4763,2961279
Mississippi,24,5993,2961279
Mississippi,25,4545,2961279
Mississippi,26,4180,2961279
Mississippi,27,2888,2961279
Mississippi,28,3538,2961279
Mississippi,29,3493,2961279
Mississippi,30,3654,2961279
Mississippi,31,4525,2961279
Mississippi,32,5364,2961279
Mississippi,33,5171,2961279
Mississippi,34,5102,2961279
Mississippi,35,6340,2961279
Mississippi,36,7693,2961279
Mississippi,37,8981,2961279
Mississippi,38,9391,2961279
Mississippi,39,12924,2961279
Mississippi,40,14901,2961279
Mississippi,41,14405,2961279
Mississippi,42,12589,2961279
Mississippi,43,15588,2961279
Mississippi,44,16632,2961279
Mississippi,45,13623,2961279
Mississippi,46,11214,2961279
Mississippi,47,10560,2961279
Mississippi,48,6607,2961279
Mississippi,49,5667,2961279
Mississippi,50,2894,2961279
Mississippi,51,4120,2961279
Mississippi,52,2657,2961279
Mississippi,53,3230,2961279
Mississippi,54,2051,2961279
Mississippi,55,1763,2961279
Mississippi,56,1463,2961279
Mississippi,57,1361,2961279
Mississippi,58,1704,2961279
Mississippi,59,1764,2961279
Mississippi,60,1413,2961279
Mississippi,61,1275,2961279
Mississippi,62,1351,2961279
Mississippi,63,1728,2961279
Mississippi,64,959,2961279
Mississippi,65,808,2961279
Mississippi,66,860,2961279
Mississippi,67,726,2961279
Mississippi,68,1031,2961279
Mississippi,69,1048,2961279
Mississippi,70,2667,2961279
Mississippi,71,4277,2961279
Mississippi,72,7658,2961279
Mississippi,73,11708,2961279
Mississippi,74,16565,2961279
Mississippi,75,23925,2961279
Mississippi,76,24512,2961279
Mississippi,77,22113,2961279
Mississippi,78,17033,2961279
Mississippi,79,11431,2961279
Mississippi,80,12025,2961279
Mississippi,81,8575,2961279
Mississippi,82,6102,2961279
Mississippi,83,4535,2961279
Mississippi,84,3248,2961279
Mississippi,85,3092,2961279
Mississippi,86,3159,2961279
Mississippi,87,2305,2961279
Mississippi,88,2159,2961279
Mississippi,89,2660,2961279
Mississippi,90,1687,2961279
Mississippi,91,2864,2961279
Mississippi,92,3365,2961279
Mississippi,93,4038,2961279
Mississippi,94,8671,2961279
Mississippi,95,28702,2961279
Mississippi,96,41769,2961279
Mississippi,97,31597,2961279
Mississippi,98,59465,2961279
Mississippi,99,33325,2961279
Mississippi,100,41039,2961279
Mississippi,101,12979,2961279
Mississippi,102,4092,2961279
Mississippi,103,4412,2961279
Mississippi,104,1877,2961279
Mississippi,105,1133,2961279
Mississippi,106,685,2961279
Mississippi,107,590,2961279
Mississippi,108,939,2961279
Mississippi,109,660,2961279
Mississippi,110,672,2961279
Mississippi,111,344,2961279
Mississippi,112,1082,2961279
Mississippi,113,1686,2961279
Mississippi,114,2874,2961279
Mississippi,115,2558,2961279
Mississippi,116,1798,2961279
Mississippi,117,4995,2961279
Mississippi,118,4739,2961279
Mississippi,119,4087,2961279
Mississippi,120,10407,2961279
Mississippi,121,5691,2961279
Mississippi,122,12129,2961279
Mississippi,123,10466,2961279
Mississippi,124,10114,2961279
Mississippi,125,8318,2961279
Mississippi,126,8278,2961279
Mississippi,127,8710,2961279
Mississippi,128,6116,2961279
Mississippi,129,4017,2961279
Mississippi,130,8144,2961279
Mississippi,131,5825,2961279
Mississippi,132,3619,2961279
Mississippi,133,3103,2961279
Mississippi,134,1869,2961279
Mississippi,135,1614,2961279
Mississippi,136,1359,2961279
Mississippi,137,1269,2961279
Mississippi,138,1358,2961279
Mississippi,139,1336,2961279
Mississippi,140,1369,2961279
Mississippi,141,1044,2961279
Mississippi,142,1375,2961279
Mississippi,143,1834,2961279
Mississippi,144,3379,2961279
Mississippi,145,3255,2961279
Mississippi,146,4413,2961279
Mississippi,147,4075,2961279
Mississippi,148,5778,2961279
Mississippi,149,0,2961279
Mississippi,150,9662,2961279
Mississippi,151,3902,2961279
Mississippi,152,3303,2961279
Mississippi,153,3230,2961279
Mississippi,154,3594,2961279
Mississippi,155,2491,2961279
Mississippi,156,2177,2961279
Mississippi,157,1474,2961279
Mississippi,158,1211,2961279
Mississippi,159,1068,2961279
Missouri,1,9,6154913
Missouri,2,174,6154913
Missouri,3,866,6154913
Missouri,4,1673,6154913
Missouri,5,1666,6154913
Missouri,6,1419,6154913
Missouri,7,1364,6154913
Missouri,8,1605,6154913
Missouri,9,1249,6154913
Missouri,10,1200,6154913
Missouri,11,1071,6154913
Missouri,12,1227,6154913
Missouri,13,1636,6154913
Missouri,14,1553,6154913
Missouri,15,2021,6154913
Missouri,16,3015,6154913
Missouri,17,3102,6154913
Missouri,18,4931,6154913
Missouri,19,6263,6154913
Missouri,20,8769,6154913
Missouri,21,8863,6154913
Missouri,22,7206,6154913
Missouri,23,9006,6154913
Missouri,24,7366,6154913
Missouri,25,9074,6154913
Missouri,26,9467,6154913
Missouri,27,10262,6154913
Missouri,28,10757,6154913
Missouri,29,11080,6154913
Missouri,30,9403,6154913
Missouri,31,12163,6154913
Missouri,32,14789,6154913
Missouri,33,13484,6154913
Missouri,34,18205,6154913
Missouri,35,25936,6154913
Missouri,36,34068,6154913
Missouri,37,32366,6154913
Missouri,38,26673,6154913
Missouri,39,27263,6154913
Missouri,40,25266,6154913
Missouri,41,23002,6154913
Missouri,42,16681,6154913
Missouri,43,22552,6154913
Missouri,44,29748,6154913
Missouri,45,14910,6154913
Missouri,46,15462,6154913
Missouri,47,11361,6154913
Missouri,48,9150,6154913
Missouri,49,5494,6154913
Missouri,50,5180,6154913
Missouri,51,4156,6154913
Missouri,52,49159,6154913
Missouri,53,4194,6154913
Missouri,54,4151,6154913
Missouri,55,4909,6154913
Missouri,56,3988,6154913
Missouri,57,4420,6154913
Missouri,58,0,6154913
Missouri,59,4515,6154913
Missouri,60,5057,6154913
Missouri,61,3489,6154913
Missouri,62,2783,6154913
Missouri,63,3044,6154913
Missouri,64,3068,6154913
Missouri,65,2825,6154913
Missouri,66,3964,6154913
Missouri,67,4602,6154913
Missouri,68,5705,6154913
Missouri,69,6721,6154913
Missouri,70,9610,6154913
Missouri,71,14717,6154913
Missouri,72,17094,6154913
Missouri,73,18596,6154913
Missouri,74,19994,6154913
Missouri,75,19509,6154913
Missouri,76,17532,6154913
Missouri,77,16805,6154913
Missouri,78,15204,6154913
Missouri,79,16329,6154913
Missouri,80,14284,6154913
Missouri,81,12457,6154913
Missouri,82,11026,6154913
Missouri,83,8990,6154913
Missouri,84,7565,6154913
Missouri,85,6941,6154913
Missouri,86,6818,6154913
Missouri,87,7956,6154913
Missouri,88,9812,6154913
Missouri,89,18326,6154913
Missouri,90,10789,6154913
Missouri,91,19440,6154913
Missouri,92,18678,6154913
Missouri,93,21064,6154913
Missouri,94,22769,6154913
Missouri,95,47857,6154913
Missouri,96,74984,6154913
Missouri,97,69050,6154913
Missouri,98,97776,6154913
Missouri,99,54590,6154913
Missouri,100,29240,6154913
Missouri,101,22096,6154913
Missouri,102,7429,6154913
Missouri,103,8703,6154913
Missouri,104,4089,6154913
Missouri,105,3400,6154913
Missouri,106,2810,6154913
Missouri,107,2972,6154913
Missouri,108,1970,6154913
Missouri,109,1274,6154913
Missouri,110,1064,6154913
Missouri,111,1565,6154913
Missouri,112,3005,6154913
Missouri,113,11842,6154913
Missouri,114,6648,6154913
Missouri,115,7749,6154913
Missouri,116,7819,6154913
Missouri,117,10772,6154913
Missouri,118,11084,6154913
Missouri,119,9714,6154913
Missouri,120,13553,6154913
Missouri,121,11457,6154913
Missouri,122,14902,6154913
Missouri,123,14877,6154913
Missouri,124,14518,6154913
Missouri,125,13730,6154913
Missouri,126,11544,6154913
Missouri,127,9094,6154913
Missouri,128,11576,6154913
Missouri,129,9649,6154913
Missouri,130,9737,6154913
Missouri,131,9930,6154913
Missouri,132,8979,6154913
Missouri,133,7851,6154913
Missouri,134,5694,6154913
Missouri,135,4719,6154913
Missouri,136,4260,6154913
Missouri,137,5055,6154913
Missouri,138,1835,6154913
Missouri,139,5857,6154913
Missouri,140,4942,6154913
Missouri,141,5029,6154913
Missouri,142,4764,6154913
Missouri,143,7252,6154913
Missouri,144,7956,6154913
Missouri,145,8203,6154913
Missouri,146,7456,6154913
Missouri,147,7199,6154913
Missouri,148,7017,6154913
Missouri,149,5349,6154913
Missouri,150,5103,6154913
Missouri,151,4087,6154913
Missouri,152,3790,6154913
Missouri,153,4027,6154913
Missouri,154,4178,6154913
Missouri,155,4232,6154913
Missouri,156,3699,6154913
Missouri,157,3758,6154913
Missouri,158,3033,6154913
Missouri,159,2442,6154913
Montana,1,8,1084225
Montana,2,37,1084225
Montana,3,132,1084225
Montana,4,142,1084225
Montana,5,75,1084225
Montana,6,39,1084225
Montana,7,16,1084225
Montana,8,7,1084225
Montana,9,3,1084225
Montana,10,11,1084225
Montana,11,9,1084225
Montana,12,40,1084225
Montana,13,29,1084225
Montana,14,61,1084225
Montana,15,125,1084225
Montana,16,185,1084225
Montana,17,330,1084225
Montana,18,659,1084225
Montana,19,732,1084225
Montana,20,766,1084225
Montana,21,843,1084225
Montana,22,783,1084225
Montana,23,778,1084225
Montana,24,700,1084225
Montana,25,930,1084225
Montana,26,900,1084225
Montana,27,824,1084225
Montana,28,1345,1084225
Montana,29,2029,1084225
Montana,30,2589,1084225
Montana,31,4078,1084225
Montana,32,4298,1084225
Montana,33,5077,1084225
Montana,34,5737,1084225
Montana,35,5801,1084225
Montana,36,7983,1084225
Montana,37,8327,1084225
Montana,38,5828,1084225
Montana,39,6395,1084225
Montana,40,4705,1084225
Montana,41,4100,1084225
Montana,42,2624,1084225
Montana,43,2673,1084225
Montana,44,4004,1084225
Montana,45,2827,1084225
Montana,46,2321,1084225
Montana,47,2241,1084225
Montana,48,1847,1084225
Montana,49,1582,1084225
Montana,50,1354,1084225
Montana,51,1186,1084225
Montana,52,978,1084225
Montana,53,962,1084225
Montana,54,1172,1084225
Montana,55,1066,1084225
Montana,56,980,1084225
Montana,57,1087,1084225
Montana,58,955,1084225
Montana,59,912,1084225
Montana,60,982,1084225
Montana,61,842,1084225
Montana,62,774,1084225
Montana,63,504,1084225
Montana,64,599,1084225
Montana,65,560,1084225
Montana,66,471,1084225
Montana,67,374,1084225
Montana,68,351,1084225
Montana,69,297,1084225
Montana,70,452,1084225
Montana,71,418,1084225
Montana,72,665,1084225
Montana,73,1230,1084225
Montana,74,1636,1084225
Montana,75,2054,1084225
Montana,76,2639,1084225
Montana,77,3377,1084225
Montana,78,3155,1084225
Montana,79,5452,1084225
Montana,80,6420,1084225
Montana,81,5957,1084225
Montana,82,6204,1084225
Montana,83,5211,1084225
Montana,84,7270,1084225
Montana,85,6049,1084225
Montana,86,5001,1084225
Montana,87,4377,1084225
Montana,88,3831,1084225
Montana,89,3329,1084225
Montana,90,1923,1084225
Montana,91,2169,1084225
Montana,92,1316,1084225
Montana,93,1017,1084225
Montana,94,1127,1084225
Montana,95,2509,1084225
Montana,96,6410,1084225
Montana,97,7413,1084225
Montana,98,15209,1084225
Montana,99,15129,1084225
Montana,100,9681,1084225
Montana,101,5818,1084225
Montana,102,3792,1084225
Montana,103,4640,1084225
Montana,104,4571,1084225
Montana,105,583,1084225
Montana,106,409,1084225
Montana,107,273,1084225
Montana,108,225,1084225
Montana,109,241,1084225
Montana,110,282,1084225
Montana,111,367,1084225
Montana,112,564,1084225
Montana,113,487,1084225
Montana,114,643,1084225
Montana,115,1115,1084225
Montana,116,1216,1084225
Montana,117,1633,1084225
Montana,118,1893,1084225
Montana,119,2066,1084225
Montana,120,2013,1084225
Montana,121,2020,1084225
Montana,122,2268,1084225
Montana,123,2702,1084225
Montana,124,2286,1084225
Montana,125,2221,1084225
Montana,126,2105,1084225
Montana,127,1862,1084225
Montana,128,1788,1084225
Montana,129,1715,1084225
Montana,130,1365,1084225
Montana,131,1167,1084225
Montana,132,1320,1084225
Montana,133,1429,1084225
Montana,134,1267,1084225
Montana,135,998,1084225
Montana,136,1131,1084225
Montana,137,942,1084225
Montana,138,743,1084225
Montana,139,866,1084225
Montana,140,827,1084225
Montana,141,877,1084225
Montana,142,979,1084225
Montana,143,927,1084225
Montana,144,1122,1084225
Montana,145,1113,1084225
Montana,146,915,1084225
Montana,147,808,1084225
Montana,148,966,1084225
Montana,149,689,1084225
Montana,150,579,1084225
Montana,151,522,1084225
Montana,152,631,1084225
Montana,153,810,1084225
Montana,154,563,1084225
Montana,155,956,1084225
Montana,156,676,1084225
Montana,157,587,1084225
Montana,158,651,1084225
Montana,159,0,1084225
Nebraska,1,33,1961504
Nebraska,2,40,1961504
Nebraska,3,112,1961504
Nebraska,4,253,1961504
Nebraska,5,432,1961504
Nebraska,6,776,1961504
Nebraska,7,1841,1961504
Nebraska,8,2636,1961504
Nebraska,9,2452,1961504
Nebraska,10,2050,1961504
Nebraska,11,1729,1961504
Nebraska,12,1991,1961504
Nebraska,13,1407,1961504
Nebraska,14,1108,1961504
Nebraska,15,1097,1961504
Nebraska,16,1107,1961504
Nebraska,17,988,1961504
Nebraska,18,1392,1961504
Nebraska,19,1403,1961504
Nebraska,20,2052,1961504
Nebraska,21,2057,1961504
Nebraska,22,1740,1961504
Nebraska,23,1867,1961504
Nebraska,24,1484,1961504
Nebraska,25,2240,1961504
Nebraska,26,1688,1961504
Nebraska,27,2667,1961504
Nebraska,28,2746,1961504
Nebraska,29,3190,1961504
Nebraska,30,3681,1961504
Nebraska,31,4580,1961504
Nebraska,32,5978,1961504
Nebraska,33,5875,1961504
Nebraska,34,8213,1961504
Nebraska,35,12646,1961504
Nebraska,36,16156,1961504
Nebraska,37,14727,1961504
Nebraska,38,12609,1961504
Nebraska,39,12875,1961504
Nebraska,40,8404,1961504
Nebraska,41,7797,1961504
Nebraska,42,5784,1961504
Nebraska,43,6875,1961504
Nebraska,44,6877,1961504
Nebraska,45,5573,1961504
Nebraska,46,5622,1961504
Nebraska,47,3262,1961504
Nebraska,48,2845,1961504
Nebraska,49,2804,1961504
Nebraska,50,1858,1961504
Nebraska,51,1937,1961504
Nebraska,52,1990,1961504
Nebraska,53,1894,1961504
Nebraska,54,1684,1961504
Nebraska,55,1729,1961504
Nebraska,56,3105,1961504
Nebraska,57,2393,1961504
Nebraska,58,2262,1961504
Nebraska,59,2219,1961504
Nebraska,60,1393,1961504
Nebraska,61,1275,1961504
Nebraska,62,1012,1961504
Nebraska,63,542,1961504
Nebraska,64,622,1961504
Nebraska,65,324,1961504
Nebraska,66,216,1961504
Nebraska,67,211,1961504
Nebraska,68,223,1961504
Nebraska,69,204,1961504
Nebraska,70,517,1961504
Nebraska,71,796,1961504
Nebraska,72,1061,1961504
Nebraska,73,1767,1961504
Nebraska,74,2377,1961504
Nebraska,75,3048,1961504
Nebraska,76,3885,1961504
Nebraska,77,4813,1961504
Nebraska,78,5862,1961504
Nebraska,79,4808,1961504
Nebraska,80,5417,1961504
Nebraska,81,4578,1961504
Nebraska,82,4598,1961504
Nebraska,83,4490,1961504
Nebraska,84,3946,1961504
Nebraska,85,4019,1961504
Nebraska,86,4448,1961504
Nebraska,87,5510,1961504
Nebraska,88,6420,1961504
Nebraska,89,6007,1961504
Nebraska,90,5163,1961504
Nebraska,91,7629,1961504
Nebraska,92,6464,1961504
Nebraska,93,5381,1961504
Nebraska,94,3223,1961504
Nebraska,95,13311,1961504
Nebraska,96,19249,1961504
Nebraska,97,28386,1961504
Nebraska,98,29396,1961504
Nebraska,99,17903,1961504
Nebraska,100,8129,1961504
Nebraska,101,3619,1961504
Nebraska,102,1827,1961504
Nebraska,103,22627,1961504
Nebraska,104,953,1961504
Nebraska,105,471,1961504
Nebraska,106,288,1961504
Nebraska,107,563,1961504
Nebraska,108,20,1961504
Nebraska,109,360,1961504
Nebraska,110,429,1961504
Nebraska,111,781,1961504
Nebraska,112,758,1961504
Nebraska,113,654,1961504
Nebraska,114,1500,1961504
Nebraska,115,1780,1961504
Nebraska,116,1671,1961504
Nebraska,117,2354,1961504
Nebraska,118,3240,1961504
Nebraska,119,2681,1961504
Nebraska,120,3069,1961504
Nebraska,121,3474,1961504
Nebraska,122,3535,1961504
Nebraska,123,4030,1961504
Nebraska,124,3599,1961504
Nebraska,125,4120,1961504
Nebraska,126,3726,1961504
Nebraska,127,2907,1961504
Nebraska,128,2680,1961504
Nebraska,129,2818,1961504
Nebraska,130,2936,1961504
Nebraska,131,2121,1961504
Nebraska,132,1772,1961504
Nebraska,133,1424,1961504
Nebraska,134,1224,1961504
Nebraska,135,1028,1961504
Nebraska,136,895,1961504
Nebraska,137,956,1961504
Nebraska,138,0,1961504
Nebraska,139,1317,1961504
Nebraska,140,2133,1961504
Nebraska,141,2050,1961504
Nebraska,142,2131,1961504
Nebraska,143,2442,1961504
Nebraska,144,3435,1961504
Nebraska,145,3722,1961504
Nebraska,146,2584,1961504
Nebraska,147,1694,1961504
Nebraska,148,1541,1961504
Nebraska,149,1274,1961504
Nebraska,150,1005,1961504
Nebraska,151,803,1961504
Nebraska,152,919,1961504
Nebraska,153,1151,1961504
Nebraska,154,1211,1961504
Nebraska,155,1504,1961504
Nebraska,156,1553,1961504
Nebraska,157,1525,1961504
Nebraska,158,1504,1961504
Nebraska,159,198,1961504
Nevada,1,45,3104614
Nevada,2,220,3104614
Nevada,3,779,3104614
Nevada,4,927,3104614
Nevada,5,1065,3104614
Nevada,6,794,3104614
Nevada,7,878,3104614
Nevada,8,919,3104614
Nevada,9,525,3104614
Nevada,10,907,3104614
Nevada,11,900,3104614
Nevada,12,742,3104614
Nevada,13,1114,3104614
Nevada,14,1501,3104614
Nevada,15,2259,3104614
Nevada,16,4396,3104614
Nevada,17,4959,3104614
Nevada,18,5667,3104614
Nevada,19,8208,3104614
Nevada,20,7075,3104614
Nevada,21,7356,3104614
Nevada,22,5786,3104614
Nevada,23,5000,3104614
Nevada,24,4051,3104614
Nevada,25,3245,3104614
Nevada,26,2730,3104614
Nevada,27,1841,3104614
Nevada,28,2230,3104614
Nevada,29,3194,3104614
Nevada,30,3231,3104614
Nevada,31,3889,3104614
Nevada,32,4545,3104614
Nevada,33,5352,3104614
Nevada,34,5913,3104614
Nevada,35,9080,3104614
Nevada,36,11118,3104614
Nevada,37,14231,3104614
Nevada,38,16054,3104614
Nevada,39,18433,3104614
Nevada,40,18646,3104614
Nevada,41,16390,3104614
Nevada,42,12458,3104614
Nevada,43,14671,3104614
Nevada,44,17147,3104614
Nevada,45,12396,3104614
Nevada,46,9139,3104614
Nevada,47,7222,3104614
Nevada,48,5451,3104614
Nevada,49,4085,3104614
Nevada,50,2434,3104614
Nevada,51,2849,3104614
Nevada,52,2410,3104614
Nevada,53,3060,3104614
Nevada,54,1843,3104614
Nevada,55,1932,3104614
Nevada,56,2069,3104614
Nevada,57,2982,3104614
Nevada,58,2590,3104614
Nevada,59,2747,3104614
Nevada,60,2559,3104614
Nevada,61,2541,3104614
Nevada,62,2301,3104614
Nevada,63,1676,3104614
Nevada,64,991,3104614
Nevada,65,2271,3104614
Nevada,66,1560,3104614
Nevada,67,1936,3104614
Nevada,68,3014,3104614
Nevada,69,2234,3104614
Nevada,70,4982,3104614
Nevada,71,5418,3104614
Nevada,72,6280,3104614
Nevada,73,7489,3104614
Nevada,74,7652,3104614
Nevada,75,7065,3104614
Nevada,76,8117,3104614
Nevada,77,7592,3104614
Nevada,78,5237,3104614
Nevada,79,10256,3104614
Nevada,80,7466,3104614
Nevada,81,6160,3104614
Nevada,82,5723,3104614
Nevada,83,13893,3104614
Nevada,84,4327,3104614
Nevada,85,4753,3104614
Nevada,86,4327,3104614
Nevada,87,5539,3104614
Nevada,88,4577,3104614
Nevada,89,4784,3104614
Nevada,90,3343,3104614
Nevada,91,5011,3104614
Nevada,92,5008,3104614
Nevada,93,5639,3104614
Nevada,94,7977,3104614
Nevada,95,20966,3104614
Nevada,96,32498,3104614
Nevada,97,25927,3104614
Nevada,98,57574,3104614
Nevada,99,26555,3104614
Nevada,100,11144,3104614
Nevada,101,7144,3104614
Nevada,102,2159,3104614
Nevada,103,6421,3104614
Nevada,104,2099,3104614
Nevada,105,2189,3104614
Nevada,106,23195,3104614
Nevada,107,1155,3104614
Nevada,108,1101,3104614
Nevada,109,1147,3104614
Nevada,110,1254,3104614
Nevada,111,1462,3104614
Nevada,112,2083,3104614
Nevada,113,2682,3104614
Nevada,114,2789,3104614
Nevada,115,5744,3104614
Nevada,116,4355,3104614
Nevada,117,9171,3104614
Nevada,118,8598,3104614
Nevada,119,6812,3104614
Nevada,120,8669,3104614
Nevada,121,5570,3104614
Nevada,122,10139,3104614
Nevada,123,8692,3104614
Nevada,124,5468,3104614
Nevada,125,28360,3104614
Nevada,126,5729,3104614
Nevada,127,3136,3104614
Nevada,128,2096,3104614
Nevada,129,2085,3104614
Nevada,130,2210,3104614
Nevada,131,1842,3104614
Nevada,132,1850,3104614
Nevada,133,933,3104614
Nevada,134,875,3104614
Nevada,135,1083,3104614
Nevada,136,1290,3104614
Nevada,137,144,3104614
Nevada,138,2757,3104614
Nevada,139,1741,3104614
Nevada,140,2771,3104614
Nevada,141,2064,3104614
Nevada,142,2209,3104614
Nevada,143,2660,3104614
Nevada,144,4224,3104614
Nevada,145,3014,3104614
Nevada,146,2473,3104614
Nevada,147,2001,3104614
Nevada,148,0,3104614
Nevada,149,4117,3104614
Nevada,150,1263,3104614
Nevada,151,1419,3104614
Nevada,152,1272,3104614
Nevada,153,1236,3104614
Nevada,154,1271,3104614
Nevada,155,1107,3104614
Nevada,156,1180,3104614
Nevada,157,1143,3104614
Nevada,158,1576,3104614
Nevada,159,1112,3104614
New Hampshire,1,17,1377529
New Hampshire,2,84,1377529
New Hampshire,3,213,1377529
New Hampshire,4,401,1377529
New Hampshire,5,305,1377529
New Hampshire,6,427,1377529
New Hampshire,7,491,1377529
New Hampshire,8,650,1377529
New Hampshire,9,572,1377529
New Hampshire,10,492,1377529
New Hampshire,11,545,1377529
New Hampshire,12,488,1377529
New Hampshire,13,394,1377529
New Hampshire,14,266,1377529
New Hampshire,15,213,1377529
New Hampshire,16,202,1377529
New Hampshire,17,154,1377529
New Hampshire,18,154,1377529
New Hampshire,19,181,1377529
New Hampshire,20,192,1377529
New Hampshire,21,219,1377529
New Hampshire,22,180,1377529
New Hampshire,23,164,1377529
New Hampshire,24,130,1377529
New Hampshire,25,141,1377529
New Hampshire,26,201,1377529
New Hampshire,27,238,1377529
New Hampshire,28,238,1377529
New Hampshire,29,256,1377529
New Hampshire,30,472,1377529
New Hampshire,31,528,1377529
New Hampshire,32,538,1377529
New Hampshire,33,651,1377529
New Hampshire,34,923,1377529
New Hampshire,35,1379,1377529
New Hampshire,36,2330,1377529
New Hampshire,37,3013,1377529
New Hampshire,38,2952,1377529
New Hampshire,39,4822,1377529
New Hampshire,40,6059,1377529
New Hampshire,41,5513,1377529
New Hampshire,42,4282,1377529
New Hampshire,43,5658,1377529
New Hampshire,44,4979,1377529
New Hampshire,45,5557,1377529
New Hampshire,46,4904,1377529
New Hampshire,47,3290,1377529
New Hampshire,48,2441,1377529
New Hampshire,49,2518,1377529
New Hampshire,50,2648,1377529
New Hampshire,51,1923,1377529
New Hampshire,52,1472,1377529
New Hampshire,53,1753,1377529
New Hampshire,54,1937,1377529
New Hampshire,55,2590,1377529
New Hampshire,56,2785,1377529
New Hampshire,57,3104,1377529
New Hampshire,58,2554,1377529
New Hampshire,59,2152,1377529
New Hampshire,60,1571,1377529
New Hampshire,61,1295,1377529
New Hampshire,62,973,1377529
New Hampshire,63,575,1377529
New Hampshire,64,377,1377529
New Hampshire,65,215,1377529
New Hampshire,66,202,1377529
New Hampshire,67,186,1377529
New Hampshire,68,126,1377529
New Hampshire,69,100,1377529
New Hampshire,70,215,1377529
New Hampshire,71,196,1377529
New Hampshire,72,320,1377529
New Hampshire,73,700,1377529
New Hampshire,74,1131,1377529
New Hampshire,75,1345,1377529
New Hampshire,76,1840,1377529
New Hampshire,77,2172,1377529
New Hampshire,78,1239,1377529
New Hampshire,79,3613,1377529
New Hampshire,80,3075,1377529
New Hampshire,81,3305,1377529
New Hampshire,82,3348,1377529
New Hampshire,83,3689,1377529
New Hampshire,84,3920,1377529
New Hampshire,85,2778,1377529
New Hampshire,86,4334,1377529
New Hampshire,87,4542,1377529
New Hampshire,88,5517,1377529
New Hampshire,89,7100,1377529
New Hampshire,90,6353,1377529
New Hampshire,91,8932,1377529
New Hampshire,92,8880,1377529
New Hampshire,93,8579,1377529
New Hampshire,94,7792,1377529
New Hampshire,95,9279,1377529
New Hampshire,96,19850,1377529
New Hampshire,97,12299,1377529
New Hampshire,98,29242,1377529
New Hampshire,99,11716,1377529
New Hampshire,100,7324,1377529
New Hampshire,101,4011,1377529
New Hampshire,102,5506,1377529
New Hampshire,103,4665,1377529
New Hampshire,104,1289,1377529
New Hampshire,105,860,1377529
New Hampshire,106,797,1377529
New Hampshire,107,873,1377529
New Hampshire,108,829,1377529
New Hampshire,109,1355,1377529
New Hampshire,110,1828,1377529
New Hampshire,111,2253,1377529
New Hampshire,112,2698,1377529
New Hampshire,113,3389,1377529
New Hampshire,114,4142,1377529
New Hampshire,115,3836,1377529
New Hampshire,116,1862,1377529
New Hampshire,117,2985,1377529
New Hampshire,118,1476,1377529
New Hampshire,119,1282,1377529
New Hampshire,120,1380,1377529
New Hampshire,121,868,1377529
New Hampshire,122,2009,1377529
New Hampshire,123,1482,1377529
New Hampshire,124,590,1377529
New Hampshire,125,2419,1377529
New Hampshire,126,1377,1377529
New Hampshire,127,1327,1377529
New Hampshire,128,892,1377529
New Hampshire,129,1154,1377529
New Hampshire,130,753,1377529
New Hampshire,131,1673,1377529
New Hampshire,132,919,1377529
New Hampshire,133,2107,1377529
New Hampshire,134,1356,1377529
New Hampshire,135,1051,1377529
New Hampshire,136,2398,1377529
New Hampshire,137,1604,1377529
New Hampshire,138,1278,1377529
New Hampshire,139,1249,1377529
New Hampshire,140,950,1377529
New Hampshire,141,823,1377529
New Hampshire,142,783,1377529
New Hampshire,143,1230,1377529
New Hampshire,144,1236,1377529
New Hampshire,145,1609,1377529
New Hampshire,146,1027,1377529
New Hampshire,147,1426,1377529
New Hampshire,148,2386,1377529
New Hampshire,149,996,1377529
New Hampshire,150,1555,1377529
New Hampshire,151,439,1377529
New Hampshire,152,949,1377529
New Hampshire,153,1116,1377529
New Hampshire,154,939,1377529
New Hampshire,155,1505,1377529
New Hampshire,156,662,1377529
New Hampshire,157,781,1377529
New Hampshire,158,572,1377529
New Hampshire,159,247,1377529
New Jersey,1,176,9288994
New Jersey,2,2668,9288994
New Jersey,3,13792,9288994
New Jersey,4,24454,9288994
New Jersey,5,23494,9288994
New Jersey,6,24222,9288994
New Jersey,7,22382,9288994
New Jersey,8,17081,9288994
New Jersey,9,11676,9288994
New Jersey,10,8094,9288994
New Jersey,11,7053,9288994
New Jersey,12,5826,9288994
New Jersey,13,3579,9288994
New Jersey,14,2606,9288994
New Jersey,15,2312,9288994
New Jersey,16,3711,9288994
New Jersey,17,2341,9288994
New Jersey,18,2002,9288994
New Jersey,19,1468,9288994
New Jersey,20,2795,9288994
New Jersey,21,2757,9288994
New Jersey,22,2395,9288994
New Jersey,23,2722,9288994
New Jersey,24,1942,9288994
New Jersey,25,2192,9288994
New Jersey,26,2433,9288994
New Jersey,27,2584,9288994
New Jersey,28,3188,9288994
New Jersey,29,3953,9288994
New Jersey,30,4602,9288994
New Jersey,31,5385,9288994
New Jersey,32,7109,9288994
New Jersey,33,8479,9288994
New Jersey,34,11317,9288994
New Jersey,35,15663,9288994
New Jersey,36,24841,9288994
New Jersey,37,28106,9288994
New Jersey,38,27733,9288994
New Jersey,39,34282,9288994
New Jersey,40,33901,9288994
New Jersey,41,30355,9288994
New Jersey,42,28239,9288994
New Jersey,43,79245,9288994
New Jersey,44,45010,9288994
New Jersey,45,40909,9288994
New Jersey,46,35877,9288994
New Jersey,47,33395,9288994
New Jersey,48,24381,9288994
New Jersey,49,22705,9288994
New Jersey,50,21677,9288994
New Jersey,51,23387,9288994
New Jersey,52,22420,9288994
New Jersey,53,25930,9288994
New Jersey,54,28191,9288994
New Jersey,55,31234,9288994
New Jersey,56,29755,9288994
New Jersey,57,25940,9288994
New Jersey,58,25070,9288994
New Jersey,59,7850,9288994
New Jersey,60,12106,9288994
New Jersey,61,7054,9288994
New Jersey,62,3061,9288994
New Jersey,63,3083,9288994
New Jersey,64,2142,9288994
New Jersey,65,1780,9288994
New Jersey,66,1682,9288994
New Jersey,67,1529,9288994
New Jersey,68,1654,9288994
New Jersey,69,1334,9288994
New Jersey,70,1975,9288994
New Jersey,71,2957,9288994
New Jersey,72,4990,9288994
New Jersey,73,6926,9288994
New Jersey,74,8924,9288994
New Jersey,75,12155,9288994
New Jersey,76,13692,9288994
New Jersey,77,13908,9288994
New Jersey,78,14601,9288994
New Jersey,79,14612,9288994
New Jersey,80,15800,9288994
New Jersey,81,13507,9288994
New Jersey,82,12520,9288994
New Jersey,83,11649,9288994
New Jersey,84,9524,9288994
New Jersey,85,8388,9288994
New Jersey,86,9299,9288994
New Jersey,87,8583,9288994
New Jersey,88,11447,9288994
New Jersey,89,13743,9288994
New Jersey,90,15943,9288994
New Jersey,91,26263,9288994
New Jersey,92,31005,9288994
New Jersey,93,46090,9288994
New Jersey,94,100835,9288994
New Jersey,95,191192,9288994
New Jersey,96,221894,9288994
New Jersey,97,136847,9288994
New Jersey,98,68956,9288994
New Jersey,99,39320,9288994
New Jersey,100,20298,9288994
New Jersey,101,14131,9288994
New Jersey,102,12536,9288994
New Jersey,103,8694,9288994
New Jersey,104,7924,9288994
New Jersey,105,6389,9288994
New Jersey,106,6952,9288994
New Jersey,107,7183,9288994
New Jersey,108,8682,9288994
New Jersey,109,12159,9288994
New Jersey,110,14168,9288994
New Jersey,111,15262,9288994
New Jersey,112,20772,9288994
New Jersey,113,24083,9288994
New Jersey,114,34436,9288994
New Jersey,115,34007,9288994
New Jersey,116,32639,9288994
New Jersey,117,25230,9288994
New Jersey,118,21109,9288994
New Jersey,119,19287,9288994
New Jersey,120,20271,9288994
New Jersey,121,22352,9288994
New Jersey,122,22229,9288994
New Jersey,123,25366,9288994
New Jersey,124,26301,9288994
New Jersey,125,24895,9288994
New Jersey,126,22038,9288994
New Jersey,127,19196,9288994
New Jersey,128,15678,9288994
New Jersey,129,17261,9288994
New Jersey,130,11722,9288994
New Jersey,131,12629,9288994
New Jersey,132,15443,9288994
New Jersey,133,16829,9288994
New Jersey,134,15641,9288994
New Jersey,135,13506,9288994
New Jersey,136,12251,9288994
New Jersey,137,11730,9288994
New Jersey,138,14094,9288994
New Jersey,139,12234,9288994
New Jersey,140,10545,9288994
New Jersey,141,11786,9288994
New Jersey,142,10910,9288994
New Jersey,143,16136,9288994
New Jersey,144,17618,9288994
New Jersey,145,18669,9288994
New Jersey,146,12993,9288994
New Jersey,147,18101,9288994
New Jersey,148,30801,9288994
New Jersey,149,9868,9288994
New Jersey,150,19421,9288994
New Jersey,151,15375,9288994
New Jersey,152,11691,9288994
New Jersey,153,11619,9288994
New Jersey,154,6764,9288994
New Jersey,155,9108,9288994
New Jersey,156,5357,9288994
New Jersey,157,4558,9288994
New Jersey,158,4252,9288994
New Jersey,159,1794,9288994
New Mexico,1,21,2117522
New Mexico,2,62,2117522
New Mexico,3,199,2117522
New Mexico,4,404,2117522
New Mexico,5,659,2117522
New Mexico,6,626,2117522
New Mexico,7,854,2117522
New Mexico,8,1205,2117522
New Mexico,9,1039,2117522
New Mexico,10,1027,2117522
New Mexico,11,930,2117522
New Mexico,12,774,2117522
New Mexico,13,1262,2117522
New Mexico,14,783,2117522
New Mexico,15,849,2117522
New Mexico,16,1288,2117522
New Mexico,17,1525,2117522
New Mexico,18,1784,2117522
New Mexico,19,1924,2117522
New Mexico,20,2287,2117522
New Mexico,21,1628,2117522
New Mexico,22,1314,2117522
New Mexico,23,1056,2117522
New Mexico,24,969,2117522
New Mexico,25,883,2117522
New Mexico,26,792,2117522
New Mexico,27,698,2117522
New Mexico,28,841,2117522
New Mexico,29,1302,2117522
New Mexico,30,1647,2117522
New Mexico,31,2730,2117522
New Mexico,32,3940,2117522
New Mexico,33,5284,2117522
New Mexico,34,5518,2117522
New Mexico,35,8185,2117522
New Mexico,36,9165,2117522
New Mexico,37,18694,2117522
New Mexico,38,12947,2117522
New Mexico,39,12852,2117522
New Mexico,40,11352,2117522
New Mexico,41,9509,2117522
New Mexico,42,7851,2117522
New Mexico,43,8656,2117522
New Mexico,44,9772,2117522
New Mexico,45,7176,2117522
New Mexico,46,5433,2117522
New Mexico,47,4854,2117522
New Mexico,48,3317,2117522
New Mexico,49,2894,2117522
New Mexico,50,2262,2117522
New Mexico,51,2274,2117522
New Mexico,52,1743,2117522
New Mexico,53,1448,2117522
New Mexico,54,1405,2117522
New Mexico,55,1337,2117522
New Mexico,56,1365,2117522
New Mexico,57,1392,2117522
New Mexico,58,1491,2117522
New Mexico,59,1366,2117522
New Mexico,60,1528,2117522
New Mexico,61,1529,2117522
New Mexico,62,1285,2117522
New Mexico,63,1035,2117522
New Mexico,64,600,2117522
New Mexico,65,865,2117522
New Mexico,66,585,2117522
New Mexico,67,690,2117522
New Mexico,68,477,2117522
New Mexico,69,277,2117522
New Mexico,70,836,2117522
New Mexico,71,1015,2117522
New Mexico,72,1552,2117522
New Mexico,73,2374,2117522
New Mexico,74,3606,2117522
New Mexico,75,5242,2117522
New Mexico,76,5654,2117522
New Mexico,77,5791,2117522
New Mexico,78,3605,2117522
New Mexico,79,6273,2117522
New Mexico,80,4566,2117522
New Mexico,81,4545,2117522
New Mexico,82,4803,2117522
New Mexico,83,3366,2117522
New Mexico,84,6689,2117522
New Mexico,85,5580,2117522
New Mexico,86,6623,2117522
New Mexico,87,8251,2117522
New Mexico,88,9681,2117522
New Mexico,89,9812,2117522
New Mexico,90,7560,2117522
New Mexico,91,11172,2117522
New Mexico,92,7927,2117522
New Mexico,93,7656,2117522
New Mexico,94,5769,2117522
New Mexico,95,11817,2117522
New Mexico,96,20883,2117522
New Mexico,97,20576,2117522
New Mexico,98,53677,2117522
New Mexico,99,27471,2117522
New Mexico,100,14281,2117522
New Mexico,101,9255,2117522
New Mexico,102,5240,2117522
New Mexico,103,2571,2117522
New Mexico,104,2560,2117522
New Mexico,105,1560,2117522
New Mexico,106,995,2117522
New Mexico,107,977,2117522
New Mexico,108,944,2117522
New Mexico,109,792,2117522
New Mexico,110,1026,2117522
New Mexico,111,1144,2117522
New Mexico,112,1425,2117522
New Mexico,113,1787,2117522
New Mexico,114,2517,2117522
New Mexico,115,3611,2117522
New Mexico,116,3095,2117522
New Mexico,117,7064,2117522
New Mexico,118,6420,2117522
New Mexico,119,4263,2117522
New Mexico,120,9315,2117522
New Mexico,121,3749,2117522
New Mexico,122,8661,2117522
New Mexico,123,6654,2117522
New Mexico,124,6718,2117522
New Mexico,125,6315,2117522
New Mexico,126,5369,2117522
New Mexico,127,4535,2117522
New Mexico,128,2560,2117522
New Mexico,129,3634,2117522
New Mexico,130,1707,2117522
New Mexico,131,2523,2117522
New Mexico,132,1456,2117522
New Mexico,133,1544,2117522
New Mexico,134,1569,2117522
New Mexico,135,1068,2117522
New Mexico,136,2607,2117522
New Mexico,137,2325,2117522
New Mexico,138,3005,2117522
New Mexico,139,3745,2117522
New Mexico,140,4421,2117522
New Mexico,141,4850,2117522
New Mexico,142,3559,2117522
New Mexico,143,4757,2117522
New Mexico,144,3710,2117522
New Mexico,145,2434,2117522
New Mexico,146,1421,2117522
New Mexico,147,1916,2117522
New Mexico,148,2263,2117522
New Mexico,149,982,2117522
New Mexico,150,1362,2117522
New Mexico,151,1045,2117522
New Mexico,152,1034,2117522
New Mexico,153,898,2117522
New Mexico,154,866,2117522
New Mexico,155,1603,2117522
New Mexico,156,1192,2117522
New Mexico,157,1221,2117522
New Mexico,158,1275,2117522
New Mexico,159,744,2117522
New York,1,950,20201249
New York,2,19949,20201249
New York,3,46605,20201249
New York,4,65885,20201249
New York,5,64584,20201249
New York,6,53635,20201249
New York,7,45383,20201249
New York,8,27366,20201249
New York,9,17910,20201249
New York,10,14011,20201249
New York,11,11347,20201249
New York,12,8895,20201249
New York,13,7071,20201249
New York,14,5128,20201249
New York,15,4538,20201249
New York,16,4427,20201249
New York,17,4654,20201249
New York,18,4624,20201249
New York,19,5072,20201249
New York,20,5022,20201249
New York,21,4494,20201249
New York,22,4496,20201249
New York,23,4590,20201249
New York,24,4230,20201249
New York,25,4614,20201249
New York,26,5271,20201249
New York,27,4907,20201249
New York,28,5529,20201249
New York,29,5989,20201249
New York,30,9068,20201249
New York,31,9801,20201249
New York,32,9970,20201249
New York,33,11378,20201249
New York,34,14721,20201249
New York,35,20819,20201249
New York,36,31517,20201249
New York,37,38428,20201249
New York,38,45870,20201249
New York,39,66243,20201249
New York,40,70824,20201249
New York,41,71041,20201249
New York,42,77854,20201249
New York,43,96686,20201249
New York,44,114632,20201249
New York,45,106200,20201249
New York,46,91696,20201249
New York,47,81172,20201249
New York,48,60357,20201249
New York,49,57212,20201249
New York,50,51561,20201249
New York,51,52334,20201249
New York,52,49788,20201249
New York,53,48391,20201249
New York,54,39195,20201249
New York,55,70228,20201249
New York,56,52696,20201249
New York,57,49709,20201249
New York,58,41486,20201249
New York,59,30272,20201249
New York,60,23142,20201249
New York,61,16797,20201249
New York,62,12764,20201249
New York,63,9465,20201249
New York,64,6140,20201249
New York,65,3989,20201249
New York,66,3290,20201249
New York,67,2434,20201249
New York,68,2282,20201249
New York,69,2357,20201249
New York,70,4222,20201249
New York,71,6456,20201249
New York,72,10939,20201249
New York,73,16641,20201249
New York,74,22953,20201249
New York,75,31371,20201249
New York,76,31616,20201249
New York,77,33151,20201249
New York,78,32792,20201249
New York,79,33251,20201249
New York,80,36456,20201249
New York,81,34459,20201249
New York,82,34053,20201249
New York,83,35132,20201249
New York,84,31189,20201249
New York,85,26773,20201249
New York,86,27186,20201249
New York,87,29735,20201249
New York,88,38632,20201249
New York,89,46473,20201249
New York,90,43503,20201249
New York,91,65538,20201249
New York,92,71007,20201249
New York,93,118415,20201249
New York,94,237965,20201249
New York,95,463149,20201249
New York,96,516703,20201249
New York,97,339628,20201249
New York,98,164462,20201249
New York,99,90697,20201249
New York,100,49998,20201249
New York,101,33211,20201249
New York,102,21495,20201249
New York,103,14259,20201249
New York,104,12777,20201249
New York,105,11470,20201249
New York,106,15418,20201249
New York,107,20429,20201249
New York,108,24953,20201249
New York,109,34045,20201249
New York,110,41360,20201249
New York,111,45213,20201249
New York,112,52253,20201249
New York,113,66221,20201249
New York,114,69265,20201249
New York,115,67477,20201249
New York,116,34957,20201249
New York,117,62524,20201249
New York,118,40047,20201249
New York,119,25959,20201249
New York,120,47036,20201249
New York,121,31463,20201249
New York,122,56972,20201249
New York,123,53986,20201249
New York,124,51288,20201249
New York,125,47428,20201249
New York,126,43053,20201249
New York,127,36244,20201249
New York,128,27700,20201249
New York,129,31375,20201249
New York,130,22523,20201249
New York,131,32646,20201249
New York,132,32029,20201249
New York,133,34436,20201249
New York,134,31829,20201249
New York,135,23451,20201249
New York,136,35926,20201249
New York,137,28620,20201249
New York,138,31118,20201249
New York,139,31572,20201249
New York,140,29706,20201249
New York,141,29245,20201249
New York,142,25777,20201249
New York,143,47148,20201249
New York,144,44835,20201249
New York,145,45861,20201249
New York,146,34307,20201249
New York,147,38210,20201249
New York,148,50437,20201249
New York,149,24478,20201249
New York,150,36277,20201249
New York,151,25333,20201249
New York,152,21785,20201249
New York,153,17878,20201249
New York,154,14273,20201249
New York,155,16370,20201249
New York,156,10943,20201249
New York,157,8930,20201249
New York,158,6737,20201249
New York,159,3952,20201249
North Carolina,1,34,10439388
North Carolina,2,268,10439388
North Carolina,3,1001,10439388
North Carolina,4,1567,10439388
North Carolina,5,1918,10439388
North Carolina,6,1976,10439388
North Carolina,7,2271,10439388
North Carolina,8,2836,10439388
North Carolina,9,3198,10439388
North Carolina,10,4052,10439388
North Carolina,11,4876,10439388
North Carolina,12,5371,10439388
North Carolina,13,7213,10439388
North Carolina,14,8676,10439388
North Carolina,15,8583,10439388
North Carolina,16,9852,10439388
North Carolina,17,11241,10439388
North Carolina,18,12720,10439388
North Carolina,19,13523,10439388
North Carolina,20,13436,10439388
North Carolina,21,12136,10439388
North Carolina,22,10258,10439388
North Carolina,23,8936,10439388
North Carolina,24,10985,10439388
North Carolina,25,11062,10439388
North Carolina,26,10223,10439388
North Carolina,27,8235,10439388
North Carolina,28,8646,10439388
North Carolina,29,13404,10439388
North Carolina,30,11548,10439388
North Carolina,31,13014,10439388
North Carolina,32,14492,10439388
North Carolina,33,14608,10439388
North Carolina,34,16318,10439388
North Carolina,35,16628,10439388
North Carolina,36,20209,10439388
North Carolina,37,24358,10439388
North Carolina,38,25296,10439388
North Carolina,39,34828,10439388
North Carolina,40,41925,10439388
North Carolina,41,42792,10439388
North Carolina,42,37477,10439388
North Carolina,43,50028,10439388
North Carolina,44,59327,10439388
North Carolina,45,43163,10439388
North Carolina,46,49646,10439388
North Carolina,47,39204,10439388
North Carolina,48,36521,10439388
North Carolina,49,25813,10439388
North Carolina,50,20392,10439388
North Carolina,51,16796,10439388
North Carolina,52,13086,10439388
North Carolina,53,11036,10439388
North Carolina,54,12301,10439388
North Carolina,55,12723,10439388
North Carolina,56,11662,10439388
North Carolina,57,12475,10439388
North Carolina,58,14207,10439388
North Carolina,59,12608,10439388
North Carolina,60,11874,10439388
North Carolina,61,9795,10439388
North Carolina,62,7873,10439388
North Carolina,63,6138,10439388
North Carolina,64,3235,10439388
North Carolina,65,4765,10439388
North Carolina,66,2972,10439388
North Carolina,67,2013,10439388
North Carolina,68,2497,10439388
North Carolina,69,1277,10439388
North Carolina,70,4866,10439388
North Carolina,71,6699,10439388
North Carolina,72,11190,10439388
North Carolina,73,19032,10439388
North Carolina,74,29945,10439388
North Carolina,75,35480,10439388
North Carolina,76,39585,10439388
North Carolina,77,47709,10439388
North Carolina,78,29370,10439388
North Carolina,79,65895,10439388
North Carolina,80,43355,10439388
North Carolina,81,36056,10439388
North Carolina,82,28635,10439388
North Carolina,83,23629,10439388
North Carolina,84,19099,10439388
North Carolina,85,15371,10439388
North Carolina,86,13224,10439388
North Carolina,87,10738,10439388
North Carolina,88,12927,10439388
North Carolina,89,14304,10439388
North Carolina,90,11825,10439388
North Carolina,91,18998,10439388
North Carolina,92,22047,10439388
North Carolina,93,24282,10439388
North Carolina,94,8096,10439388
North Carolina,95,124932,10439388
North Carolina,96,153884,10439388
North Carolina,97,114497,10439388
North Carolina,98,285172,10439388
North Carolina,99,135047,10439388
North Carolina,100,73272,10439388
North Carolina,101,46681,10439388
North Carolina,102,29294,10439388
North Carolina,103,20783,10439388
North Carolina,104,12636,10439388
North Carolina,105,9525,10439388
North Carolina,106,7678,10439388
North Carolina,107,7324,10439388
North Carolina,108,5735,10439388
North Carolina,109,1637,10439388
North Carolina,110,5286,10439388
North Carolina,111,8592,10439388
North Carolina,112,11884,10439388
North Carolina,113,14013,10439388
North Carolina,114,18262,10439388
North Carolina,115,24114,10439388
North Carolina,116,28318,10439388
North Carolina,117,28565,10439388
North Carolina,118,26460,10439388
North Carolina,119,23965,10439388
North Carolina,120,19474,10439388
North Carolina,121,23537,10439388
North Carolina,122,25402,10439388
North Carolina,123,26295,10439388
North Carolina,124,29584,10439388
North Carolina,125,34265,10439388
North Carolina,126,32726,10439388
North Carolina,127,31215,10439388
North Carolina,128,27136,10439388
North Carolina,129,23959,10439388
North Carolina,130,21898,10439388
North Carolina,131,20481,10439388
North Carolina,132,21189,10439388
North Carolina,133,20284,10439388
North Carolina,134,16091,10439388
North Carolina,135,11971,10439388
North Carolina,136,10021,10439388
North Carolina,137,0,10439388
North Carolina,138,16582,10439388
North Carolina,139,8735,10439388
North Carolina,140,9365,10439388
North Carolina,141,6795,10439388
North Carolina,142,6166,10439388
North Carolina,143,6842,10439388
North Carolina,144,11605,10439388
North Carolina,145,13190,10439388
North Carolina,146,16676,10439388
North Carolina,147,0,10439388
North Carolina,148,42982,10439388
North Carolina,149,22624,10439388
North Carolina,150,15741,10439388
North Carolina,151,14381,10439388
North Carolina,152,13247,10439388
North Carolina,153,12470,10439388
North Carolina,154,11714,10439388
North Carolina,155,9627,10439388
North Carolina,156,7626,10439388
North Carolina,157,5418,10439388
North Carolina,158,4677,10439388
North Carolina,159,4411,10439388
North Dakota,1,1,779094
North Dakota,2,31,779094
North Dakota,3,77,779094
North Dakota,4,116,779094
North Dakota,5,106,779094
North Dakota,6,296,779094
North Dakota,7,315,779094
North Dakota,8,283,779094
North Dakota,9,293,779094
North Dakota,10,413,779094
North Dakota,11,526,779094
North Dakota,12,171,779094
North Dakota,13,255,779094
North Dakota,14,221,779094
North Dakota,15,215,779094
North Dakota,16,229,779094
North Dakota,17,310,779094
North Dakota,18,588,779094
North Dakota,19,684,779094
North Dakota,20,860,779094
North Dakota,21,799,779094
North Dakota,22,928,779094
North Dakota,23,934,779094
North Dakota,24,1353,779094
North Dakota,25,1816,779094
North Dakota,26,1985,779094
North Dakota,27,2029,779094
North Dakota,28,2413,779094
North Dakota,29,2739,779094
North Dakota,30,2879,779094
North Dakota,31,3877,779094
North Dakota,32,4900,779094
North Dakota,33,5604,779094
North Dakota,34,7774,779094
North Dakota,35,9443,779094
North Dakota,36,9428,779094
North Dakota,37,8512,779094
North Dakota,38,5855,779094
North Dakota,39,4090,779094
North Dakota,40,4725,779094
North Dakota,41,2054,779094
North Dakota,42,1438,779094
North Dakota,43,1682,779094
North Dakota,44,1591,779094
North Dakota,45,1118,779094
North Dakota,46,943,779094
North Dakota,47,809,779094
North Dakota,48,502,779094
North Dakota,49,463,779094
North Dakota,50,669,779094
North Dakota,51,540,779094
North Dakota,52,567,779094
North Dakota,53,583,779094
North Dakota,54,700,779094
North Dakota,55,939,779094
North Dakota,56,1074,779094
North Dakota,57,1094,779094
North Dakota,58,997,779094
North Dakota,59,1004,779094
North Dakota,60,954,779094
North Dakota,61,762,779094
North Dakota,62,609,779094
North Dakota,63,498,779094
North Dakota,64,312,779094
North Dakota,65,271,779094
North Dakota,66,225,779094
North Dakota,67,131,779094
North Dakota,68,95,779094
North Dakota,69,79,779094
North Dakota,70,113,779094
North Dakota,71,161,779094
North Dakota,72,246,779094
North Dakota,73,434,779094
North Dakota,74,663,779094
North Dakota,75,1042,779094
North Dakota,76,1511,779094
North Dakota,77,2063,779094
North Dakota,78,2715,779094
North Dakota,79,3044,779094
North Dakota,80,3282,779094
North Dakota,81,3674,779094
North Dakota,82,4372,779094
North Dakota,83,4119,779094
North Dakota,84,3502,779094
North Dakota,85,3321,779094
North Dakota,86,3549,779094
North Dakota,87,3449,779094
North Dakota,88,3340,779094
North Dakota,89,3368,779094
North Dakota,90,2747,779094
North Dakota,91,3359,779094
North Dakota,92,2462,779094
North Dakota,93,2276,779094
North Dakota,94,2002,779094
North Dakota,95,3555,779094
North Dakota,96,7913,779094
North Dakota,97,13286,779094
North Dakota,98,14743,779094
North Dakota,99,12680,779094
North Dakota,100,7101,779094
North Dakota,101,4130,779094
North Dakota,102,1957,779094
North Dakota,103,1098,779094
North Dakota,104,731,779094
North Dakota,105,446,779094
North Dakota,106,212,779094
North Dakota,107,233,779094
North Dakota,108,188,779094
North Dakota,109,247,779094
North Dakota,110,273,779094
North Dakota,111,330,779094
North Dakota,112,414,779094
North Dakota,113,612,779094
North Dakota,114,723,779094
North Dakota,115,883,779094
North Dakota,116,933,779094
North Dakota,117,1198,779094
North Dakota,118,1068,779094
North Dakota,119,1252,779094
North Dakota,120,1165,779094
North Dakota,121,1358,779094
North Dakota,122,1557,779094
North Dakota,123,1801,779094
North Dakota,124,1799,779094
North Dakota,125,1855,779094
North Dakota,126,1939,779094
North Dakota,127,1775,779094
North Dakota,128,1509,779094
North Dakota,129,1576,779094
North Dakota,130,1180,779094
North Dakota,131,963,779094
North Dakota,132,1014,779094
North Dakota,133,1020,779094
North Dakota,134,999,779094
North Dakota,135,982,779094
North Dakota,136,797,779094
North Dakota,137,828,779094
North Dakota,138,899,779094
North Dakota,139,967,779094
North Dakota,140,922,779094
North Dakota,141,809,779094
North Dakota,142,764,779094
North Dakota,143,1092,779094
North Dakota,144,1033,779094
North Dakota,145,931,779094
North Dakota,146,713,779094
North Dakota,147,540,779094
North Dakota,148,509,779094
North Dakota,149,612,779094
North Dakota,150,466,779094
North Dakota,151,770,779094
North Dakota,152,840,779094
North Dakota,153,847,779094
North Dakota,154,753,779094
North Dakota,155,867,779094
North Dakota,156,703,779094
North Dakota,157,644,779094
North Dakota,158,512,779094
North Dakota,159,0,779094
Northern Mariana Islands,129,70,779094
Northern Mariana Islands,130,0,779094
Northern Mariana Islands,131,35,779094
Northern Mariana Islands,132,0,779094
Northern Mariana Islands,133,16,779094
Northern Mariana Islands,134,0,779094
Northern Mariana Islands,135,0,779094
Northern Mariana Islands,136,0,779094
Northern Mariana Islands,137,0,779094
Northern Mariana Islands,138,0,779094
Northern Mariana Islands,139,41,779094
Northern Mariana Islands,140,0,779094
Northern Mariana Islands,141,0,779094
Northern Mariana Islands,142,0,779094
Northern Mariana Islands,143,0,779094
Northern Mariana Islands,144,15,779094
Northern Mariana Islands,145,9,779094
Northern Mariana Islands,146,0,779094
Northern Mariana Islands,147,0,779094
Northern Mariana Islands,148,159,779094
Northern Mariana Islands,149,0,779094
Northern Mariana Islands,150,0,779094
Northern Mariana Islands,151,0,779094
Northern Mariana Islands,152,0,779094
Northern Mariana Islands,153,0,779094
Northern Mariana Islands,154,0,779094
Northern Mariana Islands,155,0,779094
Northern Mariana Islands,156,0,779094
Northern Mariana Islands,157,0,779094
Northern Mariana Islands,158,0,779094
Northern Mariana Islands,159,0,779094
Ohio,1,50,11799448
Ohio,2,394,11799448
Ohio,3,1489,11799448
Ohio,4,2517,11799448
Ohio,5,2525,11799448
Ohio,6,5944,11799448
Ohio,7,3406,11799448
Ohio,8,4149,11799448
Ohio,9,4311,11799448
Ohio,10,3670,11799448
Ohio,11,4022,11799448
Ohio,12,3507,11799448
Ohio,13,2853,11799448
Ohio,14,2739,11799448
Ohio,15,3961,11799448
Ohio,16,5509,11799448
Ohio,17,6910,11799448
Ohio,18,8897,11799448
Ohio,19,9315,11799448
Ohio,20,9009,11799448
Ohio,21,8786,11799448
Ohio,22,7768,11799448
Ohio,23,7331,11799448
Ohio,24,6589,11799448
Ohio,25,7506,11799448
Ohio,26,8179,11799448
Ohio,27,7148,11799448
Ohio,28,6681,11799448
Ohio,29,6637,11799448
Ohio,30,8162,11799448
Ohio,31,10215,11799448
Ohio,32,13445,11799448
Ohio,33,16607,11799448
Ohio,34,21678,11799448
Ohio,35,33065,11799448
Ohio,36,50390,11799448
Ohio,37,57940,11799448
Ohio,38,57759,11799448
Ohio,39,63234,11799448
Ohio,40,86305,11799448
Ohio,41,58752,11799448
Ohio,42,45690,11799448
Ohio,43,52379,11799448
Ohio,44,57534,11799448
Ohio,45,46109,11799448
Ohio,46,37590,11799448
Ohio,47,30423,11799448
Ohio,48,23064,11799448
Ohio,49,19122,11799448
Ohio,50,14113,11799448
Ohio,51,13496,11799448
Ohio,52,10852,11799448
Ohio,53,10614,11799448
Ohio,54,10855,11799448
Ohio,55,11924,11799448
Ohio,56,13810,11799448
Ohio,57,14460,11799448
Ohio,58,13418,11799448
Ohio,59,10895,11799448
Ohio,60,10297,11799448
Ohio,61,8323,11799448
Ohio,62,7301,11799448
Ohio,63,6244,11799448
Ohio,64,4067,11799448
Ohio,65,2969,11799448
Ohio,66,2322,11799448
Ohio,67,1800,11799448
Ohio,68,1822,11799448
Ohio,69,1652,11799448
Ohio,70,1992,11799448
Ohio,71,3278,11799448
Ohio,72,4878,11799448
Ohio,73,8382,11799448
Ohio,74,12570,11799448
Ohio,75,17974,11799448
Ohio,76,22188,11799448
Ohio,77,31225,11799448
Ohio,78,42156,11799448
Ohio,79,47051,11799448
Ohio,80,47911,11799448
Ohio,81,41592,11799448
Ohio,82,40261,11799448
Ohio,83,36310,11799448
Ohio,84,29218,11799448
Ohio,85,24684,11799448
Ohio,86,23619,11799448
Ohio,87,27531,11799448
Ohio,88,33096,11799448
Ohio,89,38822,11799448
Ohio,90,36235,11799448
Ohio,91,52453,11799448
Ohio,92,51104,11799448
Ohio,93,68193,11799448
Ohio,94,84778,11799448
Ohio,95,132663,11799448
Ohio,96,134607,11799448
Ohio,97,196375,11799448
Ohio,98,112304,11799448
Ohio,99,64456,11799448
Ohio,100,32314,11799448
Ohio,101,20929,11799448
Ohio,102,12031,11799448
Ohio,103,8261,11799448
Ohio,104,5989,11799448
Ohio,105,3906,11799448
Ohio,106,2195,11799448
Ohio,107,3668,11799448
Ohio,108,3103,11799448
Ohio,109,3828,11799448
Ohio,110,4808,11799448
Ohio,111,6890,11799448
Ohio,112,8731,11799448
Ohio,113,11013,11799448
Ohio,114,15970,11799448
Ohio,115,19536,11799448
Ohio,116,19546,11799448
Ohio,117,17530,11799448
Ohio,118,18247,11799448
Ohio,119,16169,11799448
Ohio,120,16159,11799448
Ohio,121,17225,11799448
Ohio,122,18838,11799448
Ohio,123,24465,11799448
Ohio,124,26610,11799448
Ohio,125,29876,11799448
Ohio,126,27785,11799448
Ohio,127,26016,11799448
Ohio,128,24067,11799448
Ohio,129,23436,11799448
Ohio,130,25280,11799448
Ohio,131,21731,11799448
Ohio,132,20552,11799448
Ohio,133,14536,11799448
Ohio,134,12101,11799448
Ohio,135,9997,11799448
Ohio,136,8535,11799448
Ohio,137,11097,11799448
Ohio,138,11663,11799448
Ohio,139,12262,11799448
Ohio,140,10865,11799448
Ohio,141,10170,11799448
Ohio,142,9424,11799448
Ohio,143,16091,11799448
Ohio,144,16061,11799448
Ohio,145,16719,11799448
Ohio,146,17891,11799448
Ohio,147,13047,11799448
Ohio,148,13895,11799448
Ohio,149,10188,11799448
Ohio,150,7961,11799448
Ohio,151,8155,11799448
Ohio,152,8260,11799448
Ohio,153,8833,11799448
Ohio,154,8999,11799448
Ohio,155,9136,11799448
Ohio,156,9325,11799448
Ohio,157,8332,11799448
Ohio,158,7586,11799448
Ohio,159,7016,11799448
Oklahoma,1,10,3959353
Oklahoma,2,71,3959353
Oklahoma,3,400,3959353
Oklahoma,4,845,3959353
Oklahoma,5,743,3959353
Oklahoma,6,611,3959353
Oklahoma,7,600,3959353
Oklahoma,8,764,3959353
Oklahoma,9,569,3959353
Oklahoma,10,785,3959353
Oklahoma,11,692,3959353
Oklahoma,12,483,3959353
Oklahoma,13,633,3959353
Oklahoma,14,1211,3959353
Oklahoma,15,2316,3959353
Oklahoma,16,2439,3959353
Oklahoma,17,3190,3959353
Oklahoma,18,4383,3959353
Oklahoma,19,4688,3959353
Oklahoma,20,7096,3959353
Oklahoma,21,6057,3959353
Oklahoma,22,5376,3959353
Oklahoma,23,4749,3959353
Oklahoma,24,4811,3959353
Oklahoma,25,5211,3959353
Oklahoma,26,5487,3959353
Oklahoma,27,6003,3959353
Oklahoma,28,7685,3959353
Oklahoma,29,7286,3959353
Oklahoma,30,6788,3959353
Oklahoma,31,8202,3959353
Oklahoma,32,7889,3959353
Oklahoma,33,9326,3959353
Oklahoma,34,7796,3959353
Oklahoma,35,13260,3959353
Oklahoma,36,18402,3959353
Oklahoma,37,21017,3959353
Oklahoma,38,19871,3959353
Oklahoma,39,20644,3959353
Oklahoma,40,21378,3959353
Oklahoma,41,23667,3959353
Oklahoma,42,19153,3959353
Oklahoma,43,24184,3959353
Oklahoma,44,28476,3959353
Oklahoma,45,21569,3959353
Oklahoma,46,18037,3959353
Oklahoma,47,16015,3959353
Oklahoma,48,14126,3959353
Oklahoma,49,9278,3959353
Oklahoma,50,5581,3959353
Oklahoma,51,5035,3959353
Oklahoma,52,4274,3959353
Oklahoma,53,3631,3959353
Oklahoma,54,2657,3959353
Oklahoma,55,2403,3959353
Oklahoma,56,2169,3959353
Oklahoma,57,3751,3959353
Oklahoma,58,1877,3959353
Oklahoma,59,1628,3959353
Oklahoma,60,1594,3959353
Oklahoma,61,1443,3959353
Oklahoma,62,963,3959353
Oklahoma,63,1010,3959353
Oklahoma,64,884,3959353
Oklahoma,65,718,3959353
Oklahoma,66,994,3959353
Oklahoma,67,1102,3959353
Oklahoma,68,1504,3959353
Oklahoma,69,993,3959353
Oklahoma,70,3410,3959353
Oklahoma,71,4840,3959353
Oklahoma,72,8112,3959353
Oklahoma,73,11387,3959353
Oklahoma,74,14079,3959353
Oklahoma,75,15490,3959353
Oklahoma,76,14793,3959353
Oklahoma,77,19645,3959353
Oklahoma,78,10611,3959353
Oklahoma,79,23842,3959353
Oklahoma,80,13380,3959353
Oklahoma,81,11665,3959353
Oklahoma,82,9319,3959353
Oklahoma,83,8613,3959353
Oklahoma,84,7774,3959353
Oklahoma,85,4277,3959353
Oklahoma,86,5632,3959353
Oklahoma,87,4652,3959353
Oklahoma,88,5508,3959353
Oklahoma,89,5777,3959353
Oklahoma,90,4751,3959353
Oklahoma,91,8718,3959353
Oklahoma,92,8961,3959353
Oklahoma,93,5517,3959353
Oklahoma,94,8354,3959353
Oklahoma,95,19261,3959353
Oklahoma,96,47800,3959353
Oklahoma,97,74492,3959353
Oklahoma,98,74920,3959353
Oklahoma,99,62851,3959353
Oklahoma,100,20869,3959353
Oklahoma,101,11346,3959353
Oklahoma,102,4158,3959353
Oklahoma,103,8308,3959353
Oklahoma,104,2876,3959353
Oklahoma,105,3192,3959353
Oklahoma,106,2314,3959353
Oklahoma,107,2543,3959353
Oklahoma,108,1919,3959353
Oklahoma,109,1694,3959353
Oklahoma,110,1596,3959353
Oklahoma,111,1686,3959353
Oklahoma,112,1567,3959353
Oklahoma,113,1655,3959353
Oklahoma,114,2231,3959353
Oklahoma,115,2348,3959353
Oklahoma,116,1772,3959353
Oklahoma,117,4570,3959353
Oklahoma,118,4739,3959353
Oklahoma,119,3495,3959353
Oklahoma,120,8943,3959353
Oklahoma,121,5615,3959353
Oklahoma,122,8564,3959353
Oklahoma,123,15717,3959353
Oklahoma,124,12080,3959353
Oklahoma,125,12075,3959353
Oklahoma,126,12488,3959353
Oklahoma,127,10134,3959353
Oklahoma,128,6063,3959353
Oklahoma,129,10333,3959353
Oklahoma,130,7115,3959353
Oklahoma,131,10647,3959353
Oklahoma,132,6307,3959353
Oklahoma,133,4460,3959353
Oklahoma,134,3407,3959353
Oklahoma,135,1814,3959353
Oklahoma,136,3896,3959353
Oklahoma,137,973,3959353
Oklahoma,138,2797,3959353
Oklahoma,139,2894,3959353
Oklahoma,140,3349,3959353
Oklahoma,141,3266,3959353
Oklahoma,142,1995,3959353
Oklahoma,143,6177,3959353
Oklahoma,144,6205,3959353
Oklahoma,145,5579,3959353
Oklahoma,146,6340,3959353
Oklahoma,147,5892,3959353
Oklahoma,148,5660,3959353
Oklahoma,149,5637,3959353
Oklahoma,150,4475,3959353
Oklahoma,151,4691,3959353
Oklahoma,152,4435,3959353
Oklahoma,153,3384,3959353
Oklahoma,154,3256,3959353
Oklahoma,155,2899,3959353
Oklahoma,156,2928,3959353
Oklahoma,157,3551,3959353
Oklahoma,158,2863,3959353
Oklahoma,159,2040,3959353
Oregon,1,46,4237256
Oregon,2,145,4237256
Oregon,3,416,4237256
Oregon,4,525,4237256
Oregon,5,452,4237256
Oregon,6,372,4237256
Oregon,7,398,4237256
Oregon,8,405,4237256
Oregon,9,527,4237256
Oregon,10,401,4237256
Oregon,11,262,4237256
Oregon,12,354,4237256
Oregon,13,624,4237256
Oregon,14,904,4237256
Oregon,15,1284,4237256
Oregon,16,1394,4237256
Oregon,17,1904,4237256
Oregon,18,2098,4237256
Oregon,19,2396,4237256
Oregon,20,2215,4237256
Oregon,21,2273,4237256
Oregon,22,2093,4237256
Oregon,23,1973,4237256
Oregon,24,1713,4237256
Oregon,25,1549,4237256
Oregon,26,1468,4237256
Oregon,27,1297,4237256
Oregon,28,1511,4237256
Oregon,29,1996,4237256
Oregon,30,2061,4237256
Oregon,31,2416,4237256
Oregon,32,2327,4237256
Oregon,33,2655,4237256
Oregon,34,3524,4237256
Oregon,35,5177,4237256
Oregon,36,6491,4237256
Oregon,37,8688,4237256
Oregon,38,9120,4237256
Oregon,39,10349,4237256
Oregon,40,9239,4237256
Oregon,41,8838,4237256
Oregon,42,6423,4237256
Oregon,43,8170,4237256
Oregon,44,8134,4237256
Oregon,45,7244,4237256
Oregon,46,4736,4237256
Oregon,47,4786,4237256
Oregon,48,4046,4237256
Oregon,49,3045,4237256
Oregon,50,2675,4237256
Oregon,51,2734,4237256
Oregon,52,1738,4237256
Oregon,53,2261,4237256
Oregon,54,1928,4237256
Oregon,55,2456,4237256
Oregon,56,2963,4237256
Oregon,57,3718,4237256
Oregon,58,4743,4237256
Oregon,59,5733,4237256
Oregon,60,5510,4237256
Oregon,61,4914,4237256
Oregon,62,4167,4237256
Oregon,63,3042,4237256
Oregon,64,2515,4237256
Oregon,65,1850,4237256
Oregon,66,1743,4237256
Oregon,67,1700,4237256
Oregon,68,1456,4237256
Oregon,69,772,4237256
Oregon,70,1712,4237256
Oregon,71,1961,4237256
Oregon,72,3098,4237256
Oregon,73,5946,4237256
Oregon,74,8304,4237256
Oregon,75,12740,4237256
Oregon,76,14801,4237256
Oregon,77,16252,4237256
Oregon,78,9977,4237256
Oregon,79,17631,4237256
Oregon,80,11657,4237256
Oregon,81,11410,4237256
Oregon,82,10400,4237256
Oregon,83,9022,4237256
Oregon,84,8033,4237256
Oregon,85,7707,4237256
Oregon,86,7877,4237256
Oregon,87,6643,4237256
Oregon,88,5838,4237256
Oregon,89,5699,4237256
Oregon,90,4276,4237256
Oregon,91,6435,4237256
Oregon,92,5063,4237256
Oregon,93,5589,4237256
Oregon,94,6987,4237256
Oregon,95,16791,4237256
Oregon,96,47272,4237256
Oregon,97,35188,4237256
Oregon,98,76879,4237256
Oregon,99,43606,4237256
Oregon,100,28374,4237256
Oregon,101,16991,4237256
Oregon,102,6712,4237256
Oregon,103,7976,4237256
Oregon,104,3846,4237256
Oregon,105,2185,4237256
Oregon,106,1769,4237256
Oregon,107,1403,4237256
Oregon,108,1988,4237256
Oregon,109,2392,4237256
Oregon,110,3588,4237256
Oregon,111,5314,4237256
Oregon,112,6922,4237256
Oregon,113,9046,4237256
Oregon,114,9398,4237256
Oregon,115,11796,4237256
Oregon,116,7228,4237256
Oregon,117,13622,4237256
Oregon,118,10606,4237256
Oregon,119,6249,4237256
Oregon,120,14697,4237256
Oregon,121,7073,4237256
Oregon,122,13549,4237256
Oregon,123,9753,4237256
Oregon,124,8978,4237256
Oregon,125,7620,4237256
Oregon,126,7783,4237256
Oregon,127,6029,4237256
Oregon,128,3927,4237256
Oregon,129,4511,4237256
Oregon,130,2842,4237256
Oregon,131,4907,4237256
Oregon,132,1416,4237256
Oregon,133,4544,4237256
Oregon,134,4269,4237256
Oregon,135,4237,4237256
Oregon,136,3306,4237256
Oregon,137,3563,4237256
Oregon,138,2306,4237256
Oregon,139,2505,4237256
Oregon,140,3116,4237256
Oregon,141,3355,4237256
Oregon,142,3554,4237256
Oregon,143,3914,4237256
Oregon,144,4495,4237256
Oregon,145,3981,4237256
Oregon,146,3613,4237256
Oregon,147,2582,4237256
Oregon,148,2818,4237256
Oregon,149,2501,4237256
Oregon,150,2105,4237256
Oregon,151,2174,4237256
Oregon,152,2564,4237256
Oregon,153,2612,4237256
Oregon,154,2693,4237256
Oregon,155,2623,4237256
Oregon,156,2130,4237256
Oregon,157,2042,4237256
Oregon,158,1721,4237256
Oregon,159,1870,4237256
Pennsylvania,1,81,13002700
Pennsylvania,2,563,13002700
Pennsylvania,3,3512,13002700
Pennsylvania,4,8919,13002700
Pennsylvania,5,11220,13002700
Pennsylvania,6,9710,13002700
Pennsylvania,7,9723,13002700
Pennsylvania,8,9264,13002700
Pennsylvania,9,7565,13002700
Pennsylvania,10,6119,13002700
Pennsylvania,11,5680,13002700
Pennsylvania,12,4378,13002700
Pennsylvania,13,3698,13002700
Pennsylvania,14,3255,13002700
Pennsylvania,15,2979,13002700
Pennsylvania,16,3887,13002700
Pennsylvania,17,4634,13002700
Pennsylvania,18,5191,13002700
Pennsylvania,19,6120,13002700
Pennsylvania,20,6497,13002700
Pennsylvania,21,5942,13002700
Pennsylvania,22,5332,13002700
Pennsylvania,23,5417,13002700
Pennsylvania,24,4560,13002700
Pennsylvania,25,4594,13002700
Pennsylvania,26,5818,13002700
Pennsylvania,27,5386,13002700
Pennsylvania,28,5685,13002700
Pennsylvania,29,5913,13002700
Pennsylvania,30,7484,13002700
Pennsylvania,31,8718,13002700
Pennsylvania,32,10598,13002700
Pennsylvania,33,12806,13002700
Pennsylvania,34,15995,13002700
Pennsylvania,35,22481,13002700
Pennsylvania,36,35533,13002700
Pennsylvania,37,44993,13002700
Pennsylvania,38,46721,13002700
Pennsylvania,39,65439,13002700
Pennsylvania,40,73012,13002700
Pennsylvania,41,63991,13002700
Pennsylvania,42,50012,13002700
Pennsylvania,43,51344,13002700
Pennsylvania,44,61198,13002700
Pennsylvania,45,44523,13002700
Pennsylvania,46,37175,13002700
Pennsylvania,47,38246,13002700
Pennsylvania,48,26768,13002700
Pennsylvania,49,22566,13002700
Pennsylvania,50,18780,13002700
Pennsylvania,51,18283,13002700
Pennsylvania,52,17029,13002700
Pennsylvania,53,17435,13002700
Pennsylvania,54,20850,13002700
Pennsylvania,55,26962,13002700
Pennsylvania,56,30065,13002700
Pennsylvania,57,30349,13002700
Pennsylvania,58,33474,13002700
Pennsylvania,59,26747,13002700
Pennsylvania,60,22333,13002700
Pennsylvania,61,16096,13002700
Pennsylvania,62,12331,13002700
Pennsylvania,63,9391,13002700
Pennsylvania,64,5385,13002700
Pennsylvania,65,3936,13002700
Pennsylvania,66,2659,13002700
Pennsylvania,67,1766,13002700
Pennsylvania,68,1177,13002700
Pennsylvania,69,1199,13002700
Pennsylvania,70,1394,13002700
Pennsylvania,71,2464,13002700
Pennsylvania,72,3977,13002700
Pennsylvania,73,6911,13002700
Pennsylvania,74,10486,13002700
Pennsylvania,75,13965,13002700
Pennsylvania,76,17648,13002700
Pennsylvania,77,22782,13002700
Pennsylvania,78,25065,13002700
Pennsylvania,79,28535,13002700
Pennsylvania,80,32214,13002700
Pennsylvania,81,32116,13002700
Pennsylvania,82,34319,13002700
Pennsylvania,83,32868,13002700
Pennsylvania,84,31096,13002700
Pennsylvania,85,27389,13002700
Pennsylvania,86,24218,13002700
Pennsylvania,87,32126,13002700
Pennsylvania,88,51220,13002700
Pennsylvania,89,43488,13002700
Pennsylvania,90,39381,13002700
Pennsylvania,91,51964,13002700
Pennsylvania,92,60019,13002700
Pennsylvania,93,51377,13002700
Pennsylvania,94,71053,13002700
Pennsylvania,95,135452,13002700
Pennsylvania,96,194070,13002700
Pennsylvania,97,179377,13002700
Pennsylvania,98,107365,13002700
Pennsylvania,99,79650,13002700
Pennsylvania,100,46410,13002700
Pennsylvania,101,18905,13002700
Pennsylvania,102,17349,13002700
Pennsylvania,103,13280,13002700
Pennsylvania,104,6942,13002700
Pennsylvania,105,5710,13002700
Pennsylvania,106,5106,13002700
Pennsylvania,107,4145,13002700
Pennsylvania,108,4362,13002700
Pennsylvania,109,6059,13002700
Pennsylvania,110,8958,13002700
Pennsylvania,111,10536,13002700
Pennsylvania,112,13890,13002700
Pennsylvania,113,6643,13002700
Pennsylvania,114,22280,13002700
Pennsylvania,115,35660,13002700
Pennsylvania,116,25524,13002700
Pennsylvania,117,27991,13002700
Pennsylvania,118,19446,13002700
Pennsylvania,119,14354,13002700
Pennsylvania,120,18058,13002700
Pennsylvania,121,13168,13002700
Pennsylvania,122,18778,13002700
Pennsylvania,123,19884,13002700
Pennsylvania,124,20535,13002700
Pennsylvania,125,24695,13002700
Pennsylvania,126,22179,13002700
Pennsylvania,127,22509,13002700
Pennsylvania,128,12637,13002700
Pennsylvania,129,17390,13002700
Pennsylvania,130,19185,13002700
Pennsylvania,131,16665,13002700
Pennsylvania,132,19295,13002700
Pennsylvania,133,17510,13002700
Pennsylvania,134,14525,13002700
Pennsylvania,135,12751,13002700
Pennsylvania,136,13177,13002700
Pennsylvania,137,12291,13002700
Pennsylvania,138,12352,13002700
Pennsylvania,139,13101,13002700
Pennsylvania,140,12025,13002700
Pennsylvania,141,9991,13002700
Pennsylvania,142,10078,13002700
Pennsylvania,143,11059,13002700
Pennsylvania,144,13870,13002700
Pennsylvania,145,13945,13002700
Pennsylvania,146,14495,13002700
Pennsylvania,147,12895,13002700
Pennsylvania,148,16430,13002700
Pennsylvania,149,14567,13002700
Pennsylvania,150,11216,13002700
Pennsylvania,151,10841,13002700
Pennsylvania,152,9443,13002700
Pennsylvania,153,11874,13002700
Pennsylvania,154,10903,13002700
Pennsylvania,155,10423,13002700
Pennsylvania,156,8433,13002700
Pennsylvania,157,6876,13002700
Pennsylvania,158,6083,13002700
Pennsylvania,159,5198,13002700
Puerto Rico,129,14352,13002700
Puerto Rico,130,11946,13002700
Puerto Rico,131,9419,13002700
Puerto Rico,132,5124,13002700
Puerto Rico,133,4018,13002700
Puerto Rico,134,7086,13002700
Puerto Rico,135,4794,13002700
Puerto Rico,136,5337,13002700
Puerto Rico,137,6428,13002700
Puerto Rico,138,6603,13002700
Puerto Rico,139,6688,13002700
Puerto Rico,140,5964,13002700
Puerto Rico,141,7491,13002700
Puerto Rico,142,5589,13002700
Puerto Rico,143,11389,13002700
Puerto Rico,144,9637,13002700
Puerto Rico,145,10210,13002700
Puerto Rico,146,7155,13002700
Puerto Rico,147,7744,13002700
Puerto Rico,148,8016,13002700
Puerto Rico,149,8323,13002700
Puerto Rico,150,6518,13002700
Puerto Rico,151,6455,13002700
Puerto Rico,152,4376,13002700
Puerto Rico,153,4179,13002700
Puerto Rico,154,3465,13002700
Puerto Rico,155,2611,13002700
Puerto Rico,156,2375,13002700
Puerto Rico,157,1770,13002700
Puerto Rico,158,2712,13002700
Puerto Rico,159,1023,13002700
Rhode Island,1,21,1097379
Rhode Island,2,85,1097379
Rhode Island,3,302,1097379
Rhode Island,4,674,1097379
Rhode Island,5,1894,1097379
Rhode Island,6,2114,1097379
Rhode Island,7,2618,1097379
Rhode Island,8,1944,1097379
Rhode Island,9,1798,1097379
Rhode Island,10,1345,1097379
Rhode Island,11,1270,1097379
Rhode Island,12,926,1097379
Rhode Island,13,651,1097379
Rhode Island,14,451,1097379
Rhode Island,15,366,1097379
Rhode Island,16,305,1097379
Rhode Island,17,227,1097379
Rhode Island,18,496,1097379
Rhode Island,19,417,1097379
Rhode Island,20,611,1097379
Rhode Island,21,731,1097379
Rhode Island,22,688,1097379
Rhode Island,23,638,1097379
Rhode Island,24,730,1097379
Rhode Island,25,647,1097379
Rhode Island,26,294,1097379
Rhode Island,27,887,1097379
Rhode Island,28,802,1097379
Rhode Island,29,492,1097379
Rhode Island,30,995,1097379
Rhode Island,31,875,1097379
Rhode Island,32,2053,1097379
Rhode Island,33,2677,1097379
Rhode Island,34,3096,1097379
Rhode Island,35,3889,1097379
Rhode Island,36,5914,1097379
Rhode Island,37,6650,1097379
Rhode Island,38,6150,1097379
Rhode Island,39,9095,1097379
Rhode Island,40,8253,1097379
Rhode Island,41,6160,1097379
Rhode Island,42,5371,1097379
Rhode Island,43,7106,1097379
Rhode Island,44,7899,1097379
Rhode Island,45,3836,1097379
Rhode Island,46,7311,1097379
Rhode Island,47,4202,1097379
Rhode Island,48,3148,1097379
Rhode Island,49,2683,1097379
Rhode Island,50,2193,1097379
Rhode Island,51,2608,1097379
Rhode Island,52,2393,1097379
Rhode Island,53,2506,1097379
Rhode Island,54,2552,1097379
Rhode Island,55,2380,1097379
Rhode Island,56,2754,1097379
Rhode Island,57,1924,1097379
Rhode Island,58,3869,1097379
Rhode Island,59,1994,1097379
Rhode Island,60,1709,1097379
Rhode Island,61,1279,1097379
Rhode Island,62,700,1097379
Rhode Island,63,792,1097379
Rhode Island,64,303,1097379
Rhode Island,65,331,1097379
Rhode Island,66,199,1097379
Rhode Island,67,156,1097379
Rhode Island,68,138,1097379
Rhode Island,69,76,1097379
Rhode Island,70,176,1097379
Rhode Island,71,284,1097379
Rhode Island,72,594,1097379
Rhode Island,73,1093,1097379
Rhode Island,74,1035,1097379
Rhode Island,75,2458,1097379
Rhode Island,76,2046,1097379
Rhode Island,77,1996,1097379
Rhode Island,78,1417,1097379
Rhode Island,79,3069,1097379
Rhode Island,80,2539,1097379
Rhode Island,81,2101,1097379
Rhode Island,82,1906,1097379
Rhode Island,83,1213,1097379
Rhode Island,84,2482,1097379
Rhode Island,85,1409,1097379
Rhode Island,86,1502,1097379
Rhode Island,87,1872,1097379
Rhode Island,88,2385,1097379
Rhode Island,89,3311,1097379
Rhode Island,90,3444,1097379
Rhode Island,91,5974,1097379
Rhode Island,92,6759,1097379
Rhode Island,93,9007,1097379
Rhode Island,94,4513,1097379
Rhode Island,95,13868,1097379
Rhode Island,96,48735,1097379
Rhode Island,97,33869,1097379
Rhode Island,98,19261,1097379
Rhode Island,99,10818,1097379
Rhode Island,100,5720,1097379
Rhode Island,101,3295,1097379
Rhode Island,102,1823,1097379
Rhode Island,103,1308,1097379
Rhode Island,104,1211,1097379
Rhode Island,105,1073,1097379
Rhode Island,106,1261,1097379
Rhode Island,107,1124,1097379
Rhode Island,108,1406,1097379
Rhode Island,109,2184,1097379
Rhode Island,110,2556,1097379
Rhode Island,111,2494,1097379
Rhode Island,112,3632,1097379
Rhode Island,113,4710,1097379
Rhode Island,114,5633,1097379
Rhode Island,115,5377,1097379
Rhode Island,116,2689,1097379
Rhode Island,117,4135,1097379
Rhode Island,118,2348,1097379
Rhode Island,119,2102,1097379
Rhode Island,120,1828,1097379
Rhode Island,121,1364,1097379
Rhode Island,122,1552,1097379
Rhode Island,123,2705,1097379
Rhode Island,124,1862,1097379
Rhode Island,125,1970,1097379
Rhode Island,126,1336,1097379
Rhode Island,127,782,1097379
Rhode Island,128,1672,1097379
Rhode Island,129,1707,1097379
Rhode Island,130,1997,1097379
Rhode Island,131,1540,1097379
Rhode Island,132,1564,1097379
Rhode Island,133,1824,1097379
Rhode Island,134,1898,1097379
Rhode Island,135,1781,1097379
Rhode Island,136,1632,1097379
Rhode Island,137,1762,1097379
Rhode Island,138,1406,1097379
Rhode Island,139,1306,1097379
Rhode Island,140,1305,1097379
Rhode Island,141,1125,1097379
Rhode Island,142,1126,1097379
Rhode Island,143,1068,1097379
Rhode Island,144,1801,1097379
Rhode Island,145,1919,1097379
Rhode Island,146,1953,1097379
Rhode Island,147,0,1097379
Rhode Island,148,4561,1097379
Rhode Island,149,2353,1097379
Rhode Island,150,1998,1097379
Rhode Island,151,1654,1097379
Rhode Island,152,1630,1097379
Rhode Island,153,1321,1097379
Rhode Island,154,1094,1097379
Rhode Island,155,1000,1097379
Rhode Island,156,789,1097379
Rhode Island,157,652,1097379
Rhode Island,158,569,1097379
Rhode Island,159,522,1097379
South Carolina,1,33,5118425
South Carolina,2,266,5118425
South Carolina,3,626,5118425
South Carolina,4,1307,5118425
South Carolina,5,1207,5118425
South Carolina,6,1000,5118425
South Carolina,7,1174,5118425
South Carolina,8,1144,5118425
South Carolina,9,1035,5118425
South Carolina,10,1150,5118425
South Carolina,11,1236,5118425
South Carolina,12,1970,5118425
South Carolina,13,2652,5118425
South Carolina,14,4581,5118425
South Carolina,15,6320,5118425
South Carolina,16,8943,5118425
South Carolina,17,11736,5118425
South Carolina,18,11788,5118425
South Carolina,19,13277,5118425
South Carolina,20,10972,5118425
South Carolina,21,10534,5118425
South Carolina,22,8208,5118425
South Carolina,23,5794,5118425
South Carolina,24,5598,5118425
South Carolina,25,6441,5118425
South Carolina,26,6615,5118425
South Carolina,27,7073,5118425
South Carolina,28,5444,5118425
South Carolina,29,8331,5118425
South Carolina,30,5704,5118425
South Carolina,31,5896,5118425
South Carolina,32,6554,5118425
South Carolina,33,6892,5118425
South Carolina,34,7416,5118425
South Carolina,35,7474,5118425
South Carolina,36,10226,5118425
South Carolina,37,10935,5118425
South Carolina,38,9935,5118425
South Carolina,39,17165,5118425
South Carolina,40,20124,5118425
South Carolina,41,20957,5118425
South Carolina,42,22317,5118425
South Carolina,43,27422,5118425
South Carolina,44,32182,5118425
South Carolina,45,33810,5118425
South Carolina,46,29953,5118425
South Carolina,47,24499,5118425
South Carolina,48,22487,5118425
South Carolina,49,20615,5118425
South Carolina,50,16571,5118425
South Carolina,51,12387,5118425
South Carolina,52,8740,5118425
South Carolina,53,7472,5118425
South Carolina,54,8015,5118425
South Carolina,55,7865,5118425
South Carolina,56,6401,5118425
South Carolina,57,6958,5118425
South Carolina,58,6605,5118425
South Carolina,59,5483,5118425
South Carolina,60,5279,5118425
South Carolina,61,4138,5118425
South Carolina,62,4007,5118425
South Carolina,63,2426,5118425
South Carolina,64,1897,5118425
South Carolina,65,963,5118425
South Carolina,66,976,5118425
South Carolina,67,549,5118425
South Carolina,68,866,5118425
South Carolina,69,1345,5118425
South Carolina,70,2066,5118425
South Carolina,71,3614,5118425
South Carolina,72,6836,5118425
South Carolina,73,13470,5118425
South Carolina,74,19674,5118425
South Carolina,75,23731,5118425
South Carolina,76,28137,5118425
South Carolina,77,35196,5118425
South Carolina,78,38717,5118425
South Carolina,79,32926,5118425
South Carolina,80,27932,5118425
South Carolina,81,19928,5118425
South Carolina,82,17127,5118425
South Carolina,83,11697,5118425
South Carolina,84,8523,5118425
South Carolina,85,6091,5118425
South Carolina,86,5855,5118425
South Carolina,87,4812,5118425
South Carolina,88,4546,5118425
South Carolina,89,5111,5118425
South Carolina,90,3883,5118425
South Carolina,91,7124,5118425
South Carolina,92,7249,5118425
South Carolina,93,7929,5118425
South Carolina,94,4439,5118425
South Carolina,95,30746,5118425
South Carolina,96,118906,5118425
South Carolina,97,58899,5118425
South Carolina,98,112585,5118425
South Carolina,99,119309,5118425
South Carolina,100,36520,5118425
South Carolina,101,21007,5118425
South Carolina,102,7091,5118425
South Carolina,103,11518,5118425
South Carolina,104,2687,5118425
South Carolina,105,1285,5118425
South Carolina,106,612,5118425
South Carolina,107,1376,5118425
South Carolina,108,1025,5118425
South Carolina,109,1566,5118425
South Carolina,110,891,5118425
South Carolina,111,1496,5118425
South Carolina,112,2179,5118425
South Carolina,113,3073,5118425
South Carolina,114,4301,5118425
South Carolina,115,6082,5118425
South Carolina,116,8034,5118425
South Carolina,117,9205,5118425
South Carolina,118,9456,5118425
South Carolina,119,10348,5118425
South Carolina,120,10621,5118425
South Carolina,121,11014,5118425
South Carolina,122,13733,5118425
South Carolina,123,13446,5118425
South Carolina,124,13918,5118425
South Carolina,125,17662,5118425
South Carolina,126,15956,5118425
South Carolina,127,15987,5118425
South Carolina,128,13640,5118425
South Carolina,129,10272,5118425
South Carolina,130,13261,5118425
South Carolina,131,13359,5118425
South Carolina,132,9106,5118425
South Carolina,133,6693,5118425
South Carolina,134,4635,5118425
South Carolina,135,4207,5118425
South Carolina,136,3153,5118425
South Carolina,137,3166,5118425
South Carolina,138,3093,5118425
South Carolina,139,3467,5118425
South Carolina,140,4173,5118425
South Carolina,141,2954,5118425
South Carolina,142,3064,5118425
South Carolina,143,3028,5118425
South Carolina,144,6787,5118425
South Carolina,145,6480,5118425
South Carolina,146,8558,5118425
South Carolina,147,9855,5118425
South Carolina,148,10590,5118425
South Carolina,149,11284,5118425
South Carolina,150,8033,5118425
South Carolina,151,7053,5118425
South Carolina,152,5939,5118425
South Carolina,153,5588,5118425
South Carolina,154,4867,5118425
South Carolina,155,4207,5118425
South Carolina,156,6111,5118425
South Carolina,157,2837,5118425
South Carolina,158,1900,5118425
South Carolina,159,1990,5118425
South Dakota,1,10,886667
South Dakota,2,18,886667
South Dakota,3,72,886667
South Dakota,4,188,886667
South Dakota,5,579,886667
South Dakota,6,818,886667
South Dakota,7,561,886667
South Dakota,8,421,886667
South Dakota,9,947,886667
South Dakota,10,413,886667
South Dakota,11,559,886667
South Dakota,12,448,886667
South Dakota,13,437,886667
South Dakota,14,457,886667
South Dakota,15,398,886667
South Dakota,16,390,886667
South Dakota,17,389,886667
South Dakota,18,419,886667
South Dakota,19,419,886667
South Dakota,20,501,886667
South Dakota,21,576,886667
South Dakota,22,643,886667
South Dakota,23,697,886667
South Dakota,24,1065,886667
South Dakota,25,2084,886667
South Dakota,26,1791,886667
South Dakota,27,1501,886667
South Dakota,28,2068,886667
South Dakota,29,2869,886667
South Dakota,30,2860,886667
South Dakota,31,4327,886667
South Dakota,32,4911,886667
South Dakota,33,5905,886667
South Dakota,34,8109,886667
South Dakota,35,8461,886667
South Dakota,36,9967,886667
South Dakota,37,7570,886667
South Dakota,38,6616,886667
South Dakota,39,6036,886667
South Dakota,40,4854,886667
South Dakota,41,3720,886667
South Dakota,42,2584,886667
South Dakota,43,2985,886667
South Dakota,44,2856,886667
South Dakota,45,2160,886667
South Dakota,46,1521,886667
South Dakota,47,1135,886667
South Dakota,48,968,886667
South Dakota,49,1093,886667
South Dakota,50,958,886667
South Dakota,51,1136,886667
South Dakota,52,1126,886667
South Dakota,53,1053,886667
South Dakota,54,1323,886667
South Dakota,55,1364,886667
South Dakota,56,1181,886667
South Dakota,57,1375,886667
South Dakota,58,1297,886667
South Dakota,59,891,886667
South Dakota,60,665,886667
South Dakota,61,565,886667
South Dakota,62,376,886667
South Dakota,63,256,886667
South Dakota,64,249,886667
South Dakota,65,82,886667
South Dakota,66,83,886667
South Dakota,67,55,886667
South Dakota,68,101,886667
South Dakota,69,70,886667
South Dakota,70,59,886667
South Dakota,71,109,886667
South Dakota,72,198,886667
South Dakota,73,268,886667
South Dakota,74,376,886667
South Dakota,75,1333,886667
South Dakota,76,1701,886667
South Dakota,77,2613,886667
South Dakota,78,2616,886667
South Dakota,79,3445,886667
South Dakota,80,3102,886667
South Dakota,81,2781,886667
South Dakota,82,2656,886667
South Dakota,83,1981,886667
South Dakota,84,2530,886667
South Dakota,85,2253,886667
South Dakota,86,2282,886667
South Dakota,87,2511,886667
South Dakota,88,2692,886667
South Dakota,89,2702,886667
South Dakota,90,2077,886667
South Dakota,91,3896,886667
South Dakota,92,2820,886667
South Dakota,93,2438,886667
South Dakota,94,2165,886667
South Dakota,95,3797,886667
South Dakota,96,11111,886667
South Dakota,97,12043,886667
South Dakota,98,15406,886667
South Dakota,99,7870,886667
South Dakota,100,4421,886667
South Dakota,101,2174,886667
South Dakota,102,1953,886667
South Dakota,103,921,886667
South Dakota,104,469,886667
South Dakota,105,297,886667
South Dakota,106,197,886667
South Dakota,107,110,886667
South Dakota,108,154,886667
South Dakota,109,137,886667
South Dakota,110,124,886667
South Dakota,111,165,886667
South Dakota,112,277,886667
South Dakota,113,373,886667
South Dakota,114,450,886667
South Dakota,115,475,886667
South Dakota,116,594,886667
South Dakota,117,653,886667
South Dakota,118,969,886667
South Dakota,119,972,886667
South Dakota,120,971,886667
South Dakota,121,1254,886667
South Dakota,122,1182,886667
South Dakota,123,1569,886667
South Dakota,124,1514,886667
South Dakota,125,1498,886667
South Dakota,126,1574,886667
South Dakota,127,1372,886667
South Dakota,128,1438,886667
South Dakota,129,1585,886667
South Dakota,130,1292,886667
South Dakota,131,963,886667
South Dakota,132,1173,886667
South Dakota,133,956,886667
South Dakota,134,732,886667
South Dakota,135,842,886667
South Dakota,136,624,886667
South Dakota,137,631,886667
South Dakota,138,719,886667
South Dakota,139,832,886667
South Dakota,140,871,886667
South Dakota,141,953,886667
South Dakota,142,846,886667
South Dakota,143,1108,886667
South Dakota,144,1089,886667
South Dakota,145,923,886667
South Dakota,146,624,886667
South Dakota,147,423,886667
South Dakota,148,511,886667
South Dakota,149,523,886667
South Dakota,150,464,886667
South Dakota,151,575,886667
South Dakota,152,747,886667
South Dakota,153,996,886667
South Dakota,154,983,886667
South Dakota,155,996,886667
South Dakota,156,838,886667
South Dakota,157,641,886667
South Dakota,158,752,886667
South Dakota,159,643,886667
Tennessee,1,52,6910840
Tennessee,2,470,6910840
Tennessee,3,1199,6910840
Tennessee,4,2032,6910840
Tennessee,5,1730,6910840
Tennessee,6,1511,6910840
Tennessee,7,2745,6910840
Tennessee,8,3544,6910840
Tennessee,9,2140,6910840
Tennessee,10,2344,6910840
Tennessee,11,2766,6910840
Tennessee,12,2709,6910840
Tennessee,13,3975,6910840
Tennessee,14,3728,6910840
Tennessee,15,4310,6910840
Tennessee,16,6133,6910840
Tennessee,17,10121,6910840
Tennessee,18,12106,6910840
Tennessee,19,14329,6910840
Tennessee,20,15925,6910840
Tennessee,21,14031,6910840
Tennessee,22,13067,6910840
Tennessee,23,10775,6910840
Tennessee,24,9933,6910840
Tennessee,25,10358,6910840
Tennessee,26,10498,6910840
Tennessee,27,8967,6910840
Tennessee,28,10227,6910840
Tennessee,29,9266,6910840
Tennessee,30,9612,6910840
Tennessee,31,13642,6910840
Tennessee,32,14022,6910840
Tennessee,33,17493,6910840
Tennessee,34,14515,6910840
Tennessee,35,22471,6910840
Tennessee,36,29964,6910840
Tennessee,37,24927,6910840
Tennessee,38,28775,6910840
Tennessee,39,32911,6910840
Tennessee,40,53153,6910840
Tennessee,41,62669,6910840
Tennessee,42,37649,6910840
Tennessee,43,44407,6910840
Tennessee,44,48177,6910840
Tennessee,45,29537,6910840
Tennessee,46,21020,6910840
Tennessee,47,19504,6910840
Tennessee,48,16015,6910840
Tennessee,49,13696,6910840
Tennessee,50,7666,6910840
Tennessee,51,9075,6910840
Tennessee,52,8311,6910840
Tennessee,53,8566,6910840
Tennessee,54,8495,6910840
Tennessee,55,7825,6910840
Tennessee,56,7940,6910840
Tennessee,57,7348,6910840
Tennessee,58,11162,6910840
Tennessee,59,6990,6910840
Tennessee,60,6211,6910840
Tennessee,61,4700,6910840
Tennessee,62,4149,6910840
Tennessee,63,2890,6910840
Tennessee,64,1542,6910840
Tennessee,65,1712,6910840
Tennessee,66,2505,6910840
Tennessee,67,1125,6910840
Tennessee,68,649,6910840
Tennessee,69,650,6910840
Tennessee,70,3272,6910840
Tennessee,71,4408,6910840
Tennessee,72,8682,6910840
Tennessee,73,15413,6910840
Tennessee,74,22303,6910840
Tennessee,75,30267,6910840
Tennessee,76,41501,6910840
Tennessee,77,42888,6910840
Tennessee,78,28204,6910840
Tennessee,79,76524,6910840
Tennessee,80,35147,6910840
Tennessee,81,26159,6910840
Tennessee,82,20191,6910840
Tennessee,83,15429,6910840
Tennessee,84,11991,6910840
Tennessee,85,6393,6910840
Tennessee,86,7678,6910840
Tennessee,87,6531,6910840
Tennessee,88,10549,6910840
Tennessee,89,9164,6910840
Tennessee,90,7268,6910840
Tennessee,91,12922,6910840
Tennessee,92,12355,6910840
Tennessee,93,14062,6910840
Tennessee,94,26670,6910840
Tennessee,95,68585,6910840
Tennessee,96,61434,6910840
Tennessee,97,98237,6910840
Tennessee,98,115469,6910840
Tennessee,99,108570,6910840
Tennessee,100,77632,6910840
Tennessee,101,37714,6910840
Tennessee,102,24264,6910840
Tennessee,103,12983,6910840
Tennessee,104,7955,6910840
Tennessee,105,3634,6910840
Tennessee,106,2166,6910840
Tennessee,107,1753,6910840
Tennessee,108,1537,6910840
Tennessee,109,1734,6910840
Tennessee,110,1973,6910840
Tennessee,111,2416,6910840
Tennessee,112,3302,6910840
Tennessee,113,4046,6910840
Tennessee,114,4901,6910840
Tennessee,115,9108,6910840
Tennessee,116,8159,6910840
Tennessee,117,12162,6910840
Tennessee,118,10314,6910840
Tennessee,119,12143,6910840
Tennessee,120,16314,6910840
Tennessee,121,13490,6910840
Tennessee,122,18322,6910840
Tennessee,123,19865,6910840
Tennessee,124,18970,6910840
Tennessee,125,18572,6910840
Tennessee,126,17193,6910840
Tennessee,127,16836,6910840
Tennessee,128,15979,6910840
Tennessee,129,33051,6910840
Tennessee,130,14226,6910840
Tennessee,131,13735,6910840
Tennessee,132,8981,6910840
Tennessee,133,7059,6910840
Tennessee,134,6122,6910840
Tennessee,135,4307,6910840
Tennessee,136,6120,6910840
Tennessee,137,1348,6910840
Tennessee,138,5281,6910840
Tennessee,139,6893,6910840
Tennessee,140,7002,6910840
Tennessee,141,6347,6910840
Tennessee,142,6887,6910840
Tennessee,143,3826,6910840
Tennessee,144,9635,6910840
Tennessee,145,9091,6910840
Tennessee,146,10188,6910840
Tennessee,147,0,6910840
Tennessee,148,11431,6910840
Tennessee,149,11924,6910840
Tennessee,150,25089,6910840
Tennessee,151,8108,6910840
Tennessee,152,8605,6910840
Tennessee,153,10025,6910840
Tennessee,154,8420,6910840
Tennessee,155,7471,6910840
Tennessee,156,6190,6910840
Tennessee,157,4992,6910840
Tennessee,158,3820,6910840
Tennessee,159,3396,6910840
Texas,1,87,29145505
Texas,2,641,29145505
Texas,3,2337,29145505
Texas,4,5085,29145505
Texas,5,6337,29145505
Texas,6,5548,29145505
Texas,7,5928,29145505
Texas,8,7171,29145505
Texas,9,7854,29145505
Texas,10,8800,29145505
Texas,11,6702,29145505
Texas,12,9591,29145505
Texas,13,11245,29145505
Texas,14,14400,29145505
Texas,15,27920,29145505
Texas,16,39110,29145505
Texas,17,50594,29145505
Texas,18,64382,29145505
Texas,19,71940,29145505
Texas,20,56623,29145505
Texas,21,61246,29145505
Texas,22,53641,29145505
Texas,23,51876,29145505
Texas,24,38563,29145505
Texas,25,32696,29145505
Texas,26,25892,29145505
Texas,27,28338,29145505
Texas,28,50189,29145505
Texas,29,28943,29145505
Texas,30,32856,29145505
Texas,31,30272,29145505
Texas,32,37273,29145505
Texas,33,43160,29145505
Texas,34,48540,29145505
Texas,35,60790,29145505
Texas,36,75211,29145505
Texas,37,82053,29145505
Texas,38,78109,29145505
Texas,39,99127,29145505
Texas,40,132337,29145505
Texas,41,115361,29145505
Texas,42,101721,29145505
Texas,43,120997,29145505
Texas,44,158335,29145505
Texas,45,146774,29145505
Texas,46,131665,29145505
Texas,47,143890,29145505
Texas,48,91050,29145505
Texas,49,65913,29145505
Texas,50,35597,29145505
Texas,51,53679,29145505
Texas,52,38144,29145505
Texas,53,32266,29145505
Texas,54,25821,29145505
Texas,55,27935,29145505
Texas,56,20751,29145505
Texas,57,25262,29145505
Texas,58,22679,29145505
Texas,59,22903,29145505
Texas,60,22459,29145505
Texas,61,15805,29145505
Texas,62,13892,29145505
Texas,63,13110,29145505
Texas,64,8517,29145505
Texas,65,10532,29145505
Texas,66,13916,29145505
Texas,67,7944,29145505
Texas,68,8928,29145505
Texas,69,9884,29145505
Texas,70,13828,29145505
Texas,71,24723,29145505
Texas,72,38709,29145505
Texas,73,67543,29145505
Texas,74,99226,29145505
Texas,75,103723,29145505
Texas,76,120081,29145505
Texas,77,115317,29145505
Texas,78,118669,29145505
Texas,79,132355,29145505
Texas,80,105445,29145505
Texas,81,82911,29145505
Texas,82,63108,29145505
Texas,83,50627,29145505
Texas,84,41031,29145505
Texas,85,30567,29145505
Texas,86,26754,29145505
Texas,87,21554,29145505
Texas,88,23917,29145505
Texas,89,23779,29145505
Texas,90,18515,29145505
Texas,91,25855,29145505
Texas,92,40656,29145505
Texas,93,47097,29145505
Texas,94,88233,29145505
Texas,95,223148,29145505
Texas,96,338566,29145505
Texas,97,505370,29145505
Texas,98,382720,29145505
Texas,99,246182,29145505
Texas,100,166067,29145505
Texas,101,88445,29145505
Texas,102,54894,29145505
Texas,103,35677,29145505
Texas,104,21401,29145505
Texas,105,29719,29145505
Texas,106,19742,29145505
Texas,107,33818,29145505
Texas,108,20346,29145505
Texas,109,17604,29145505
Texas,110,14767,29145505
Texas,111,17170,29145505
Texas,112,17250,29145505
Texas,113,19371,29145505
Texas,114,23411,29145505
Texas,115,30681,29145505
Texas,116,19483,29145505
Texas,117,57267,29145505
Texas,118,47763,29145505
Texas,119,40256,29145505
Texas,120,76894,29145505
Texas,121,47310,29145505
Texas,122,105650,29145505
Texas,123,86949,29145505
Texas,124,83380,29145505
Texas,125,76998,29145505
Texas,126,73215,29145505
Texas,127,66297,29145505
Texas,128,36164,29145505
Texas,129,51726,29145505
Texas,130,39201,29145505
Texas,131,57706,29145505
Texas,132,32837,29145505
Texas,133,21790,29145505
Texas,134,17658,29145505
Texas,135,1544,29145505
Texas,136,13236,29145505
Texas,137,10559,29145505
Texas,138,11776,29145505
Texas,139,11594,29145505
Texas,140,12812,29145505
Texas,141,12447,29145505
Texas,142,14724,29145505
Texas,143,11171,29145505
Texas,144,30075,29145505
Texas,145,30008,29145505
Texas,146,30386,29145505
Texas,147,32775,29145505
Texas,148,40273,29145505
Texas,149,36003,29145505
Texas,150,28014,29145505
Texas,151,24402,29145505
Texas,152,22525,29145505
Texas,153,20188,29145505
Texas,154,18066,29145505
Texas,155,15972,29145505
Texas,156,21070,29145505
Texas,157,12384,29145505
Texas,158,87445,29145505
Texas,159,9503,29145505
Utah,1,40,3271616
Utah,2,217,3271616
Utah,3,549,3271616
Utah,4,856,3271616
Utah,5,706,3271616
Utah,6,845,3271616
Utah,7,1023,3271616
Utah,8,1090,3271616
Utah,9,1038,3271616
Utah,10,1020,3271616
Utah,11,1137,3271616
Utah,12,1505,3271616
Utah,13,2352,3271616
Utah,14,2379,3271616
Utah,15,3278,3271616
Utah,16,3783,3271616
Utah,17,3835,3271616
Utah,18,4629,3271616
Utah,19,4244,3271616
Utah,20,3913,3271616
Utah,21,3132,3271616
Utah,22,2916,3271616
Utah,23,2449,3271616
Utah,24,2515,3271616
Utah,25,2715,3271616
Utah,26,2886,3271616
Utah,27,3399,3271616
Utah,28,5953,3271616
Utah,29,7038,3271616
Utah,30,7291,3271616
Utah,31,8146,3271616
Utah,32,8693,3271616
Utah,33,10511,3271616
Utah,34,11684,3271616
Utah,35,17101,3271616
Utah,36,20911,3271616
Utah,37,23641,3271616
Utah,38,16324,3271616
Utah,39,21894,3271616
Utah,40,18234,3271616
Utah,41,16911,3271616
Utah,42,13807,3271616
Utah,43,19043,3271616
Utah,44,21869,3271616
Utah,45,17417,3271616
Utah,46,12350,3271616
Utah,47,9941,3271616
Utah,48,7912,3271616
Utah,49,6693,3271616
Utah,50,5315,3271616
Utah,51,4418,3271616
Utah,52,3617,3271616
Utah,53,3493,3271616
Utah,54,3188,3271616
Utah,55,2969,3271616
Utah,56,2759,3271616
Utah,57,2776,3271616
Utah,58,2668,3271616
Utah,59,2723,3271616
Utah,60,2564,3271616
Utah,61,2319,3271616
Utah,62,2174,3271616
Utah,63,1897,3271616
Utah,64,1545,3271616
Utah,65,1646,3271616
Utah,66,1912,3271616
Utah,67,2042,3271616
Utah,68,2435,3271616
Utah,69,1906,3271616
Utah,70,4104,3271616
Utah,71,3957,3271616
Utah,72,4516,3271616
Utah,73,6025,3271616
Utah,74,5787,3271616
Utah,75,6312,3271616
Utah,76,7568,3271616
Utah,77,8834,3271616
Utah,78,6226,3271616
Utah,79,14768,3271616
Utah,80,10188,3271616
Utah,81,9502,3271616
Utah,82,9640,3271616
Utah,83,6683,3271616
Utah,84,11998,3271616
Utah,85,10350,3271616
Utah,86,10536,3271616
Utah,87,11514,3271616
Utah,88,11441,3271616
Utah,89,10753,3271616
Utah,90,7855,3271616
Utah,91,10806,3271616
Utah,92,7944,3271616
Utah,93,6854,3271616
Utah,94,8119,3271616
Utah,95,23437,3271616
Utah,96,54431,3271616
Utah,97,44163,3271616
Utah,98,97629,3271616
Utah,99,37565,3271616
Utah,100,18254,3271616
Utah,101,10263,3271616
Utah,102,4199,3271616
Utah,103,4634,3271616
Utah,104,1942,3271616
Utah,105,1088,3271616
Utah,106,915,3271616
Utah,107,795,3271616
Utah,108,372,3271616
Utah,109,699,3271616
Utah,110,740,3271616
Utah,111,1198,3271616
Utah,112,1695,3271616
Utah,113,3228,3271616
Utah,114,3384,3271616
Utah,115,4504,3271616
Utah,116,5614,3271616
Utah,117,5728,3271616
Utah,118,7503,3271616
Utah,119,6524,3271616
Utah,120,6778,3271616
Utah,121,7396,3271616
Utah,122,6873,3271616
Utah,123,7796,3271616
Utah,124,6876,3271616
Utah,125,5866,3271616
Utah,126,5157,3271616
Utah,127,4692,3271616
Utah,128,3541,3271616
Utah,129,3143,3271616
Utah,130,2948,3271616
Utah,131,2371,3271616
Utah,132,2491,3271616
Utah,133,1921,3271616
Utah,134,1882,3271616
Utah,135,1731,3271616
Utah,136,1506,3271616
Utah,137,1706,3271616
Utah,138,2119,3271616
Utah,139,2410,3271616
Utah,140,3381,3271616
Utah,141,2791,3271616
Utah,142,4830,3271616
Utah,143,4396,3271616
Utah,144,3187,3271616
Utah,145,3253,3271616
Utah,146,2882,3271616
Utah,147,2249,3271616
Utah,148,2222,3271616
Utah,149,1955,3271616
Utah,150,1066,3271616
Utah,151,1281,3271616
Utah,152,1250,3271616
Utah,153,1367,3271616
Utah,154,1548,3271616
Utah,155,1642,3271616
Utah,156,1705,3271616
Utah,157,1496,3271616
Utah,158,1315,3271616
Utah,159,1065,3271616
Vermont,1,12,643077
Vermont,2,63,643077
Vermont,3,181,643077
Vermont,4,287,643077
Vermont,5,205,643077
Vermont,6,68,643077
Vermont,7,39,643077
Vermont,8,47,643077
Vermont,9,24,643077
Vermont,10,14,643077
Vermont,11,22,643077
Vermont,12,21,643077
Vermont,13,92,643077
Vermont,14,55,643077
Vermont,15,33,643077
Vermont,16,45,643077
Vermont,17,43,643077
Vermont,18,50,643077
Vermont,19,59,643077
Vermont,20,42,643077
Vermont,21,25,643077
Vermont,22,35,643077
Vermont,23,65,643077
Vermont,24,39,643077
Vermont,25,58,643077
Vermont,26,27,643077
Vermont,27,45,643077
Vermont,28,23,643077
Vermont,29,26,643077
Vermont,30,72,643077
Vermont,31,59,643077
Vermont,32,70,643077
Vermont,33,137,643077
Vermont,34,136,643077
Vermont,35,196,643077
Vermont,36,593,643077
Vermont,37,706,643077
Vermont,38,458,643077
Vermont,39,908,643077
Vermont,40,777,643077
Vermont,41,677,643077
Vermont,42,586,643077
Vermont,43,753,643077
Vermont,44,1205,643077
Vermont,45,1142,643077
Vermont,46,945,643077
Vermont,47,918,643077
Vermont,48,963,643077
Vermont,49,816,643077
Vermont,50,746,643077
Vermont,51,676,643077
Vermont,52,915,643077
Vermont,53,793,643077
Vermont,54,847,643077
Vermont,55,1163,643077
Vermont,56,1265,643077
Vermont,57,1024,643077
Vermont,58,821,643077
Vermont,59,505,643077
Vermont,60,541,643077
Vermont,61,383,643077
Vermont,62,371,643077
Vermont,63,215,643077
Vermont,64,93,643077
Vermont,65,62,643077
Vermont,66,49,643077
Vermont,67,37,643077
Vermont,68,34,643077
Vermont,69,17,643077
Vermont,70,70,643077
Vermont,71,90,643077
Vermont,72,169,643077
Vermont,73,290,643077
Vermont,74,533,643077
Vermont,75,469,643077
Vermont,76,1092,643077
Vermont,77,912,643077
Vermont,78,1081,643077
Vermont,79,1139,643077
Vermont,80,1500,643077
Vermont,81,1467,643077
Vermont,82,1180,643077
Vermont,83,1481,643077
Vermont,84,1627,643077
Vermont,85,1463,643077
Vermont,86,1358,643077
Vermont,87,2207,643077
Vermont,88,2477,643077
Vermont,89,2585,643077
Vermont,90,2192,643077
Vermont,91,3330,643077
Vermont,92,2953,643077
Vermont,93,2851,643077
Vermont,94,2800,643077
Vermont,95,5491,643077
Vermont,96,9447,643077
Vermont,97,13995,643077
Vermont,98,8983,643077
Vermont,99,4821,643077
Vermont,100,3006,643077
Vermont,101,2153,643077
Vermont,102,1048,643077
Vermont,103,1685,643077
Vermont,104,1043,643077
Vermont,105,799,643077
Vermont,106,1026,643077
Vermont,107,925,643077
Vermont,108,1003,643077
Vermont,109,1360,643077
Vermont,110,1832,643077
Vermont,111,1989,643077
Vermont,112,2182,643077
Vermont,113,2414,643077
Vermont,114,2315,643077
Vermont,115,602,643077
Vermont,116,1606,643077
Vermont,117,1216,643077
Vermont,118,993,643077
Vermont,119,746,643077
Vermont,120,615,643077
Vermont,121,638,643077
Vermont,122,477,643077
Vermont,123,550,643077
Vermont,124,569,643077
Vermont,125,385,643077
Vermont,126,496,643077
Vermont,127,634,643077
Vermont,128,447,643077
Vermont,129,543,643077
Vermont,130,539,643077
Vermont,131,432,643077
Vermont,132,542,643077
Vermont,133,558,643077
Vermont,134,603,643077
Vermont,135,606,643077
Vermont,136,634,643077
Vermont,137,663,643077
Vermont,138,549,643077
Vermont,139,514,643077
Vermont,140,429,643077
Vermont,141,305,643077
Vermont,142,299,643077
Vermont,143,335,643077
Vermont,144,444,643077
Vermont,145,436,643077
Vermont,146,374,643077
Vermont,147,362,643077
Vermont,148,442,643077
Vermont,149,463,643077
Vermont,150,389,643077
Vermont,151,503,643077
Vermont,152,478,643077
Vermont,153,317,643077
Vermont,154,492,643077
Vermont,155,448,643077
Vermont,156,347,643077
Vermont,157,346,643077
Vermont,158,333,643077
Vermont,159,247,643077
Virgin Islands,129,322,643077
Virgin Islands,130,149,643077
Virgin Islands,131,199,643077
Virgin Islands,132,95,643077
Virgin Islands,133,73,643077
Virgin Islands,134,16,643077
Virgin Islands,135,53,643077
Virgin Islands,136,49,643077
Virgin Islands,137,27,643077
Virgin Islands,138,28,643077
Virgin Islands,139,102,643077
Virgin Islands,140,32,643077
Virgin Islands,141,0,643077
Virgin Islands,142,0,643077
Virgin Islands,143,0,643077
Virgin Islands,144,188,643077
Virgin Islands,145,59,643077
Virgin Islands,146,42,643077
Virgin Islands,147,35,643077
Virgin Islands,148,108,643077
Virgin Islands,149,155,643077
Virgin Islands,150,330,643077
Virgin Islands,151,150,643077
Virgin Islands,152,97,643077
Virgin Islands,153,76,643077
Virgin Islands,154,20,643077
Virgin Islands,155,59,643077
Virgin Islands,156,16,643077
Virgin Islands,157,33,643077
Virgin Islands,158,25,643077
Virgin Islands,159,0,643077
Virginia,1,51,8631393
Virginia,2,203,8631393
Virginia,3,766,8631393
Virginia,4,1857,8631393
Virginia,5,2869,8631393
Virginia,6,3243,8631393
Virginia,7,4545,8631393
Virginia,8,5958,8631393
Virginia,9,5578,8631393
Virginia,10,6070,8631393
Virginia,11,6587,8631393
Virginia,12,7671,8631393
Virginia,13,5853,8631393
Virginia,14,3635,8631393
Virginia,15,3579,8631393
Virginia,16,3724,8631393
Virginia,17,3913,8631393
Virginia,18,5540,8631393
Virginia,19,6733,8631393
Virginia,20,7697,8631393
Virginia,21,7034,8631393
Virginia,22,7643,8631393
Virginia,23,6672,8631393
Virginia,24,6209,8631393
Virginia,25,6964,8631393
Virginia,26,6977,8631393
Virginia,27,7000,8631393
Virginia,28,6567,8631393
Virginia,29,5455,8631393
Virginia,30,5964,8631393
Virginia,31,7013,8631393
Virginia,32,7258,8631393
Virginia,33,7447,8631393
Virginia,34,9143,8631393
Virginia,35,10059,8631393
Virginia,36,11160,8631393
Virginia,37,16401,8631393
Virginia,38,16797,8631393
Virginia,39,21035,8631393
Virginia,40,26279,8631393
Virginia,41,25741,8631393
Virginia,42,25285,8631393
Virginia,43,31361,8631393
Virginia,44,35850,8631393
Virginia,45,43164,8631393
Virginia,46,32069,8631393
Virginia,47,29021,8631393
Virginia,48,23185,8631393
Virginia,49,20713,8631393
Virginia,50,13732,8631393
Virginia,51,11904,8631393
Virginia,52,9418,8631393
Virginia,53,9273,8631393
Virginia,54,10104,8631393
Virginia,55,10540,8631393
Virginia,56,9662,8631393
Virginia,57,10691,8631393
Virginia,58,10249,8631393
Virginia,59,7818,8631393
Virginia,60,6996,8631393
Virginia,61,5061,8631393
Virginia,62,3479,8631393
Virginia,63,2640,8631393
Virginia,64,2433,8631393
Virginia,65,1293,8631393
Virginia,66,981,8631393
Virginia,67,953,8631393
Virginia,68,1152,8631393
Virginia,69,1277,8631393
Virginia,70,1662,8631393
Virginia,71,2629,8631393
Virginia,72,4698,8631393
Virginia,73,7756,8631393
Virginia,74,11380,8631393
Virginia,75,14408,8631393
Virginia,76,17433,8631393
Virginia,77,21788,8631393
Virginia,78,23962,8631393
Virginia,79,24169,8631393
Virginia,80,25061,8631393
Virginia,81,21712,8631393
Virginia,82,19238,8631393
Virginia,83,16517,8631393
Virginia,84,14275,8631393
Virginia,85,10818,8631393
Virginia,86,9299,8631393
Virginia,87,8929,8631393
Virginia,88,9133,8631393
Virginia,89,11509,8631393
Virginia,90,9639,8631393
Virginia,91,15846,8631393
Virginia,92,17639,8631393
Virginia,93,23004,8631393
Virginia,94,44151,8631393
Virginia,95,92854,8631393
Virginia,96,118036,8631393
Virginia,97,118416,8631393
Virginia,98,84139,8631393
Virginia,99,64356,8631393
Virginia,100,38598,8631393
Virginia,101,26478,8631393
Virginia,102,17897,8631393
Virginia,103,11319,8631393
Virginia,104,8237,8631393
Virginia,105,6714,8631393
Virginia,106,6591,8631393
Virginia,107,4938,8631393
Virginia,108,5001,8631393
Virginia,109,6792,8631393
Virginia,110,7672,8631393
Virginia,111,8683,8631393
Virginia,112,11080,8631393
Virginia,113,15851,8631393
Virginia,114,19252,8631393
Virginia,115,23155,8631393
Virginia,116,21860,8631393
Virginia,117,20013,8631393
Virginia,118,18879,8631393
Virginia,119,17126,8631393
Virginia,120,17803,8631393
Virginia,121,19717,8631393
Virginia,122,19543,8631393
Virginia,123,20741,8631393
Virginia,124,21768,8631393
Virginia,125,20782,8631393
Virginia,126,19618,8631393
Virginia,127,18123,8631393
Virginia,128,11176,8631393
Virginia,129,17516,8631393
Virginia,130,16167,8631393
Virginia,131,12170,8631393
Virginia,132,11019,8631393
Virginia,133,9282,8631393
Virginia,134,7907,8631393
Virginia,135,7222,8631393
Virginia,136,7171,8631393
Virginia,137,6954,8631393
Virginia,138,7741,8631393
Virginia,139,7301,8631393
Virginia,140,6200,8631393
Virginia,141,5978,8631393
Virginia,142,6267,8631393
Virginia,143,10333,8631393
Virginia,144,11037,8631393
Virginia,145,12991,8631393
Virginia,146,15247,8631393
Virginia,147,16314,8631393
Virginia,148,15794,8631393
Virginia,149,11597,8631393
Virginia,150,10114,8631393
Virginia,151,10039,8631393
Virginia,152,8298,8631393
Virginia,153,7574,8631393
Virginia,154,6229,8631393
Virginia,155,5102,8631393
Virginia,156,3239,8631393
Virginia,157,4411,8631393
Virginia,158,2651,8631393
Virginia,159,1304,8631393
Washington,1,794,7705281
Washington,2,1307,7705281
Washington,3,3079,7705281
Washington,4,3205,7705281
Washington,5,2162,7705281
Washington,6,1708,7705281
Washington,7,1703,7705281
Washington,8,2089,7705281
Washington,9,2125,7705281
Washington,10,1584,7705281
Washington,11,1509,7705281
Washington,12,2007,7705281
Washington,13,2321,7705281
Washington,14,1984,7705281
Washington,15,2866,7705281
Washington,16,3593,7705281
Washington,17,4481,7705281
Washington,18,5021,7705281
Washington,19,6411,7705281
Washington,20,5598,7705281
Washington,21,5464,7705281
Washington,22,5214,7705281
Washington,23,4284,7705281
Washington,24,3783,7705281
Washington,25,3426,7705281
Washington,26,2767,7705281
Washington,27,3376,7705281
Washington,28,2942,7705281
Washington,29,3793,7705281
Washington,30,3606,7705281
Washington,31,4063,7705281
Washington,32,5058,7705281
Washington,33,5070,7705281
Washington,34,6394,7705281
Washington,35,9773,7705281
Washington,36,14042,7705281
Washington,37,16734,7705281
Washington,38,16839,7705281
Washington,39,19293,7705281
Washington,40,20874,7705281
Washington,41,18300,7705281
Washington,42,12905,7705281
Washington,43,17781,7705281
Washington,44,19743,7705281
Washington,45,12668,7705281
Washington,46,12750,7705281
Washington,47,11214,7705281
Washington,48,8922,7705281
Washington,49,4680,7705281
Washington,50,7004,7705281
Washington,51,5414,7705281
Washington,52,4762,7705281
Washington,53,4859,7705281
Washington,54,5383,7705281
Washington,55,6302,7705281
Washington,56,7602,7705281
Washington,57,7923,7705281
Washington,58,8288,7705281
Washington,59,10485,7705281
Washington,60,9824,7705281
Washington,61,8526,7705281
Washington,62,7705,7705281
Washington,63,6064,7705281
Washington,64,6054,7705281
Washington,65,5262,7705281
Washington,66,4016,7705281
Washington,67,3051,7705281
Washington,68,3131,7705281
Washington,69,1524,7705281
Washington,70,4240,7705281
Washington,71,4508,7705281
Washington,72,7321,7705281
Washington,73,6799,7705281
Washington,74,19015,7705281
Washington,75,19859,7705281
Washington,76,21980,7705281
Washington,77,23217,7705281
Washington,78,16479,7705281
Washington,79,31390,7705281
Washington,80,21311,7705281
Washington,81,20908,7705281
Washington,82,18860,7705281
Washington,83,16059,7705281
Washington,84,13021,7705281
Washington,85,18937,7705281
Washington,86,14422,7705281
Washington,87,12514,7705281
Washington,88,11579,7705281
Washington,89,11727,7705281
Washington,90,6983,7705281
Washington,91,11217,7705281
Washington,92,9700,7705281
Washington,93,11853,7705281
Washington,94,28080,7705281
Washington,95,47212,7705281
Washington,96,98151,7705281
Washington,97,64545,7705281
Washington,98,159203,7705281
Washington,99,130163,7705281
Washington,100,44960,7705281
Washington,101,29400,7705281
Washington,102,706,7705281
Washington,103,13871,7705281
Washington,104,8292,7705281
Washington,105,8220,7705281
Washington,106,6354,7705281
Washington,107,6379,7705281
Washington,108,5389,7705281
Washington,109,10131,7705281
Washington,110,9205,7705281
Washington,111,11651,7705281
Washington,112,20287,7705281
Washington,113,8974,7705281
Washington,114,18774,7705281
Washington,115,21426,7705281
Washington,116,14532,7705281
Washington,117,26457,7705281
Washington,118,16526,7705281
Washington,119,12162,7705281
Washington,120,25459,7705281
Washington,121,12164,7705281
Washington,122,25471,7705281
Washington,123,17028,7705281
Washington,124,16579,7705281
Washington,125,14804,7705281
Washington,126,9845,7705281
Washington,127,14006,7705281
Washington,128,6354,7705281
Washington,129,9026,7705281
Washington,130,4345,7705281
Washington,131,8856,7705281
Washington,132,7507,7705281
Washington,133,7560,7705281
Washington,134,7580,7705281
Washington,135,5772,7705281
Washington,136,4455,7705281
Washington,137,4830,7705281
Washington,138,4454,7705281
Washington,139,827,7705281
Washington,140,4518,7705281
Washington,141,4940,7705281
Washington,142,5404,7705281
Washington,143,4250,7705281
Washington,144,6736,7705281
Washington,145,6753,7705281
Washington,146,7210,7705281
Washington,147,4537,7705281
Washington,148,5525,7705281
Washington,149,5595,7705281
Washington,150,4605,7705281
Washington,151,4797,7705281
Washington,152,5575,7705281
Washington,153,5513,7705281
Washington,154,4909,7705281
Washington,155,4223,7705281
Washington,156,4495,7705281
Washington,157,0,7705281
Washington,158,8033,7705281
Washington,159,3758,7705281
West Virginia,2,16,1793716
West Virginia,3,129,1793716
West Virginia,4,202,1793716
West Virginia,5,291,1793716
West Virginia,6,270,1793716
West Virginia,7,170,1793716
West Virginia,8,147,1793716
West Virginia,9,145,1793716
West Virginia,10,132,1793716
West Virginia,11,280,1793716
West Virginia,12,246,1793716
West Virginia,13,133,1793716
West Virginia,14,161,1793716
West Virginia,15,249,1793716
West Virginia,16,298,1793716
West Virginia,17,573,1793716
West Virginia,18,871,1793716
West Virginia,19,829,1793716
West Virginia,20,912,1793716
West Virginia,21,919,1793716
West Virginia,22,781,1793716
West Virginia,23,878,1793716
West Virginia,24,680,1793716
West Virginia,25,938,1793716
West Virginia,26,1325,1793716
West Virginia,27,1245,1793716
West Virginia,28,1351,1793716
West Virginia,29,1341,1793716
West Virginia,30,1230,1793716
West Virginia,31,1539,1793716
West Virginia,32,2012,1793716
West Virginia,33,1930,1793716
West Virginia,34,3012,1793716
West Virginia,35,3570,1793716
West Virginia,36,5655,1793716
West Virginia,37,6654,1793716
West Virginia,38,6728,1793716
West Virginia,39,8286,1793716
West Virginia,40,8266,1793716
West Virginia,41,8943,1793716
West Virginia,42,8099,1793716
West Virginia,43,10450,1793716
West Virginia,44,10396,1793716
West Virginia,45,7527,1793716
West Virginia,46,6030,1793716
West Virginia,47,5586,1793716
West Virginia,48,3681,1793716
West Virginia,49,2783,1793716
West Virginia,50,1965,1793716
West Virginia,51,2194,1793716
West Virginia,52,1579,1793716
West Virginia,53,2051,1793716
West Virginia,54,2424,1793716
West Virginia,55,2889,1793716
West Virginia,56,2742,1793716
West Virginia,57,2729,1793716
West Virginia,58,2685,1793716
West Virginia,59,2524,1793716
West Virginia,60,2536,1793716
West Virginia,61,2410,1793716
West Virginia,62,2026,1793716
West Virginia,63,1711,1793716
West Virginia,64,933,1793716
West Virginia,65,1253,1793716
West Virginia,66,604,1793716
West Virginia,67,238,1793716
West Virginia,68,585,1793716
West Virginia,69,182,1793716
West Virginia,70,476,1793716
West Virginia,71,552,1793716
West Virginia,72,931,1793716
West Virginia,73,1573,1793716
West Virginia,74,2518,1793716
West Virginia,75,3280,1793716
West Virginia,76,6540,1793716
West Virginia,77,8641,1793716
West Virginia,78,10640,1793716
West Virginia,79,12406,1793716
West Virginia,80,12729,1793716
West Virginia,81,11530,1793716
West Virginia,82,9579,1793716
West Virginia,83,8351,1793716
West Virginia,84,7238,1793716
West Virginia,85,6265,1793716
West Virginia,86,5632,1793716
West Virginia,87,5548,1793716
West Virginia,88,4983,1793716
West Virginia,89,5963,1793716
West Virginia,90,4490,1793716
West Virginia,91,7335,1793716
West Virginia,92,6855,1793716
West Virginia,93,7367,1793716
West Virginia,94,6914,1793716
West Virginia,95,14841,1793716
West Virginia,96,22943,1793716
West Virginia,97,30519,1793716
West Virginia,98,31477,1793716
West Virginia,99,24506,1793716
West Virginia,100,17859,1793716
West Virginia,101,12327,1793716
West Virginia,102,7966,1793716
West Virginia,103,5188,1793716
West Virginia,104,3250,1793716
West Virginia,105,2178,1793716
West Virginia,106,1209,1793716
West Virginia,107,711,1793716
West Virginia,108,576,1793716
West Virginia,109,507,1793716
West Virginia,110,651,1793716
West Virginia,111,1035,1793716
West Virginia,112,1515,1793716
West Virginia,113,2064,1793716
West Virginia,114,3026,1793716
West Virginia,115,4549,1793716
West Virginia,116,2571,1793716
West Virginia,117,5809,1793716
West Virginia,118,3605,1793716
West Virginia,119,1719,1793716
West Virginia,120,5526,1793716
West Virginia,121,2601,1793716
West Virginia,122,6218,1793716
West Virginia,123,5480,1793716
West Virginia,124,6098,1793716
West Virginia,125,6362,1793716
West Virginia,126,6013,1793716
West Virginia,127,5938,1793716
West Virginia,128,3532,1793716
West Virginia,129,5973,1793716
West Virginia,130,4074,1793716
West Virginia,131,7553,1793716
West Virginia,132,3943,1793716
West Virginia,133,2876,1793716
West Virginia,134,2103,1793716
West Virginia,135,1215,1793716
West Virginia,136,2327,1793716
West Virginia,137,1606,1793716
West Virginia,138,1710,1793716
West Virginia,139,1840,1793716
West Virginia,140,1414,1793716
West Virginia,141,1352,1793716
West Virginia,142,1320,1793716
West Virginia,143,1892,1793716
West Virginia,144,1890,1793716
West Virginia,145,2431,1793716
West Virginia,146,1371,1793716
West Virginia,147,3107,1793716
West Virginia,148,3874,1793716
West Virginia,149,1328,1793716
West Virginia,150,2488,1793716
West Virginia,151,1874,1793716
West Virginia,152,1697,1793716
West Virginia,153,1780,1793716
West Virginia,154,1484,1793716
West Virginia,155,904,1793716
West Virginia,156,1706,1793716
West Virginia,157,1414,1793716
West Virginia,158,1412,1793716
West Virginia,159,1028,1793716
Wisconsin,1,47,5893718
Wisconsin,2,371,5893718
Wisconsin,3,851,5893718
Wisconsin,4,1171,5893718
Wisconsin,5,988,5893718
Wisconsin,6,1136,5893718
Wisconsin,7,1600,5893718
Wisconsin,8,2198,5893718
Wisconsin,9,2219,5893718
Wisconsin,10,2331,5893718
Wisconsin,11,2945,5893718
Wisconsin,12,2968,5893718
Wisconsin,13,2638,5893718
Wisconsin,14,4067,5893718
Wisconsin,15,2319,5893718
Wisconsin,16,3254,5893718
Wisconsin,17,4215,5893718
Wisconsin,18,5285,5893718
Wisconsin,19,6151,5893718
Wisconsin,20,6569,5893718
Wisconsin,21,6148,5893718
Wisconsin,22,5956,5893718
Wisconsin,23,5369,5893718
Wisconsin,24,4959,5893718
Wisconsin,25,4978,5893718
Wisconsin,26,6248,5893718
Wisconsin,27,8583,5893718
Wisconsin,28,13092,5893718
Wisconsin,29,15664,5893718
Wisconsin,30,17460,5893718
Wisconsin,31,18875,5893718
Wisconsin,32,22522,5893718
Wisconsin,33,28939,5893718
Wisconsin,34,32858,5893718
Wisconsin,35,41472,5893718
Wisconsin,36,48194,5893718
Wisconsin,37,45053,5893718
Wisconsin,38,32037,5893718
Wisconsin,39,31685,5893718
Wisconsin,40,27870,5893718
Wisconsin,41,23068,5893718
Wisconsin,42,15784,5893718
Wisconsin,43,17734,5893718
Wisconsin,44,24071,5893718
Wisconsin,45,17393,5893718
Wisconsin,46,13142,5893718
Wisconsin,47,10444,5893718
Wisconsin,48,8470,5893718
Wisconsin,49,6248,5893718
Wisconsin,50,5074,5893718
Wisconsin,51,4987,5893718
Wisconsin,52,4142,5893718
Wisconsin,53,4046,5893718
Wisconsin,54,4106,5893718
Wisconsin,55,4668,5893718
Wisconsin,56,5103,5893718
Wisconsin,57,6411,5893718
Wisconsin,58,5982,5893718
Wisconsin,59,4986,5893718
Wisconsin,60,5137,5893718
Wisconsin,61,4332,5893718
Wisconsin,62,3404,5893718
Wisconsin,63,2784,5893718
Wisconsin,64,1829,5893718
Wisconsin,65,1031,5893718
Wisconsin,66,828,5893718
Wisconsin,67,541,5893718
Wisconsin,68,578,5893718
Wisconsin,69,607,5893718
Wisconsin,70,941,5893718
Wisconsin,71,1300,5893718
Wisconsin,72,2779,5893718
Wisconsin,73,6222,5893718
Wisconsin,74,8497,5893718
Wisconsin,75,9525,5893718
Wisconsin,76,10595,5893718
Wisconsin,77,13455,5893718
Wisconsin,78,14308,5893718
Wisconsin,79,12218,5893718
Wisconsin,80,21866,5893718
Wisconsin,81,20700,5893718
Wisconsin,82,20255,5893718
Wisconsin,83,20028,5893718
Wisconsin,84,17279,5893718
Wisconsin,85,13981,5893718
Wisconsin,86,15197,5893718
Wisconsin,87,17972,5893718
Wisconsin,88,23057,5893718
Wisconsin,89,25086,5893718
Wisconsin,90,21520,5893718
Wisconsin,91,22716,5893718
Wisconsin,92,35917,5893718
Wisconsin,93,28044,5893718
Wisconsin,94,27450,5893718
Wisconsin,95,43239,5893718
Wisconsin,96,87109,5893718
Wisconsin,97,161334,5893718
Wisconsin,98,89613,5893718
Wisconsin,99,46216,5893718
Wisconsin,100,26123,5893718
Wisconsin,101,15097,5893718
Wisconsin,102,9148,5893718
Wisconsin,103,5197,5893718
Wisconsin,104,3748,5893718
Wisconsin,105,2638,5893718
Wisconsin,106,2771,5893718
Wisconsin,107,2566,5893718
Wisconsin,108,3060,5893718
Wisconsin,109,4824,5893718
Wisconsin,110,5013,5893718
Wisconsin,111,7711,5893718
Wisconsin,112,9630,5893718
Wisconsin,113,13823,5893718
Wisconsin,114,16834,5893718
Wisconsin,115,15000,5893718
Wisconsin,116,14723,5893718
Wisconsin,117,13476,5893718
Wisconsin,118,11859,5893718
Wisconsin,119,10707,5893718
Wisconsin,120,10845,5893718
Wisconsin,121,6923,5893718
Wisconsin,122,13870,5893718
Wisconsin,123,12432,5893718
Wisconsin,124,13807,5893718
Wisconsin,125,13872,5893718
Wisconsin,126,12820,5893718
Wisconsin,127,11895,5893718
Wisconsin,128,7380,5893718
Wisconsin,129,10454,5893718
Wisconsin,130,6192,5893718
Wisconsin,131,10678,5893718
Wisconsin,132,5792,5893718
Wisconsin,133,8092,5893718
Wisconsin,134,6656,5893718
Wisconsin,135,7114,5893718
Wisconsin,136,7083,5893718
Wisconsin,137,7181,5893718
Wisconsin,138,7463,5893718
Wisconsin,139,7131,5893718
Wisconsin,140,6689,5893718
Wisconsin,141,5997,5893718
Wisconsin,142,6129,5893718
Wisconsin,143,7904,5893718
Wisconsin,144,8274,5893718
Wisconsin,145,8786,5893718
Wisconsin,146,8090,5893718
Wisconsin,147,6403,5893718
Wisconsin,148,6353,5893718
Wisconsin,149,5470,5893718
Wisconsin,150,4370,5893718
Wisconsin,151,4233,5893718
Wisconsin,152,4279,5893718
Wisconsin,153,4394,5893718
Wisconsin,154,4425,5893718
Wisconsin,155,4255,5893718
Wisconsin,156,4502,5893718
Wisconsin,157,4076,5893718
Wisconsin,158,3815,5893718
Wisconsin,159,3468,5893718
Wyoming,1,10,576851
Wyoming,2,18,576851
Wyoming,3,68,576851
Wyoming,4,117,576851
Wyoming,5,160,576851
Wyoming,6,53,576851
Wyoming,7,94,576851
Wyoming,8,76,576851
Wyoming,9,73,576851
Wyoming,10,97,576851
Wyoming,11,77,576851
Wyoming,12,67,576851
Wyoming,13,50,576851
Wyoming,14,119,576851
Wyoming,15,151,576851
Wyoming,16,220,576851
Wyoming,17,225,576851
Wyoming,18,228,576851
Wyoming,19,284,576851
Wyoming,20,333,576851
Wyoming,21,328,576851
Wyoming,22,194,576851
Wyoming,23,289,576851
Wyoming,24,272,576851
Wyoming,25,239,576851
Wyoming,26,190,576851
Wyoming,27,360,576851
Wyoming,28,552,576851
Wyoming,29,810,576851
Wyoming,30,875,576851
Wyoming,31,1173,576851
Wyoming,32,1509,576851
Wyoming,33,2166,576851
Wyoming,34,2690,576851
Wyoming,35,3843,576851
Wyoming,36,5183,576851
Wyoming,37,6238,576851
Wyoming,38,3874,576851
Wyoming,39,3680,576851
Wyoming,40,2790,576851
Wyoming,41,2343,576851
Wyoming,42,1586,576851
Wyoming,43,1543,576851
Wyoming,44,2148,576851
Wyoming,45,2313,576851
Wyoming,46,1354,576851
Wyoming,47,995,576851
Wyoming,48,727,576851
Wyoming,49,352,576851
Wyoming,50,764,576851
Wyoming,51,571,576851
Wyoming,52,432,576851
Wyoming,53,424,576851
Wyoming,54,403,576851
Wyoming,55,460,576851
Wyoming,56,339,576851
Wyoming,57,459,576851
Wyoming,58,390,576851
Wyoming,59,440,576851
Wyoming,60,472,576851
Wyoming,61,474,576851
Wyoming,62,458,576851
Wyoming,63,575,576851
Wyoming,64,347,576851
Wyoming,65,629,576851
Wyoming,66,462,576851
Wyoming,67,395,576851
Wyoming,68,469,576851
Wyoming,69,346,576851
Wyoming,70,693,576851
Wyoming,71,571,576851
Wyoming,72,742,576851
Wyoming,73,1016,576851
Wyoming,74,1559,576851
Wyoming,75,1918,576851
Wyoming,76,2618,576851
Wyoming,77,3194,576851
Wyoming,78,2450,576851
Wyoming,79,4619,576851
Wyoming,80,3674,576851
Wyoming,81,3436,576851
Wyoming,82,3044,576851
Wyoming,83,3158,576851
Wyoming,84,3028,576851
Wyoming,85,2918,576851
Wyoming,86,2539,576851
Wyoming,87,2368,576851
Wyoming,88,2113,576851
Wyoming,89,1699,576851
Wyoming,90,1022,576851
Wyoming,91,1375,576851
Wyoming,92,878,576851
Wyoming,93,685,576851
Wyoming,94,862,576851
Wyoming,95,2019,576851
Wyoming,96,4876,576851
Wyoming,97,4949,576851
Wyoming,98,11405,576851
Wyoming,99,8632,576851
Wyoming,100,4217,576851
Wyoming,101,2373,576851
Wyoming,102,987,576851
Wyoming,103,1019,576851
Wyoming,104,391,576851
Wyoming,105,252,576851
Wyoming,106,163,576851
Wyoming,107,149,576851
Wyoming,108,111,576851
Wyoming,109,114,576851
Wyoming,110,0,576851
Wyoming,111,134,576851
Wyoming,112,158,576851
Wyoming,113,195,576851
Wyoming,114,286,576851
Wyoming,115,378,576851
Wyoming,116,452,576851
Wyoming,117,611,576851
Wyoming,118,1235,576851
Wyoming,119,2453,576851
Wyoming,120,1180,576851
Wyoming,121,1116,576851
Wyoming,122,1163,576851
Wyoming,123,1767,576851
Wyoming,124,1292,576851
Wyoming,125,1353,576851
Wyoming,126,1291,576851
Wyoming,127,1151,576851
Wyoming,128,1014,576851
Wyoming,129,726,576851
Wyoming,130,615,576851
Wyoming,131,462,576851
Wyoming,132,456,576851
Wyoming,133,510,576851
Wyoming,134,472,576851
Wyoming,135,437,576851
Wyoming,136,470,576851
Wyoming,137,397,576851
Wyoming,138,412,576851
Wyoming,139,422,576851
Wyoming,140,500,576851
Wyoming,141,472,576851
Wyoming,142,588,576851
Wyoming,143,499,576851
Wyoming,144,770,576851
Wyoming,145,503,576851
Wyoming,146,383,576851
Wyoming,147,266,576851
Wyoming,148,304,576851
Wyoming,149,234,576851
Wyoming,150,201,576851
Wyoming,151,188,576851
Wyoming,152,0,576851
Wyoming,153,1078,576851
Wyoming,154,254,576851
Wyoming,155,311,576851
Wyoming,156,343,576851
Wyoming,157,226,576851
Wyoming,158,255,576851
Wyoming,159,160,576851
