RespondentID,How often do you travel by plane?,Do you ever recline your seat when you fly?,Height,Do you have any children under 18?,"In a row of three seats, who should get to use the two arm rests?","In a row of two seats, who should get to use the middle arm rest?",Who should have control over the window shade?,Is itrude to move to an unsold seat on a plane?,"Generally speaking, is it rude to say more than a few words tothe stranger sitting next to you on a plane?","On a 6 hour flight from NYC to LA, how many times is it acceptable to get up if you're not in an aisle seat?","Under normal circumstances, does a person who reclines their seat during a flight have any obligation to the person sitting behind them?",Is itrude to recline your seat on a plane?,"Given the opportunity, would you eliminate the possibility of reclining seats on planes entirely?",Is it rude to ask someone to switch seats with you in order to be closer to friends?,Is itrude to ask someone to switch seats with you in order to be closer to family?,Is it rude to wake a passenger up if you are trying to go to the bathroom?,Is itrude to wake a passenger up if you are trying to walk around?,"In general, is itrude to bring a baby on a plane?","In general, is it rude to knowingly bring unruly children on a plane?",Have you ever used personal electronics during take off or landing in violation of a flight attendant's direction?,Have you ever smoked a cigarette in an airplane bathroom when it was against the rules?,Gender,Age,Household Income,Education,Location (Census Region)
3431729581,Once a year or less,Once in a while,75,No,The arm rests should be shared,The arm rests should be shared,Everyone in the row should have some say,"No, not rude at all","No, not at all rude",Three times,"Yes, they should not recline their chair if the person behind them asks them not to","Yes, somewhat rude",No,"No, not at all rude","No, not at all rude","Yes, somewhat rude","Yes, somewhat rude","Yes, somewhat rude","Yes, very rude",No,No,Male,75,69000,Bachelor degree,Pacific
3431731196,Never,"","","","","","","","","","","","","","","","","","","","",Female,36,50000,Bachelor degree,New England
3431731485,Never,"","","","","","","","","","","","","","","","","","","","",Female,69,"",Some college or Associate degree,East North Central
3431731770,Never,"","","","","","","","","","","","","","","","","","","","",Male,48,150000,Bachelor degree,Pacific
3431732652,Once a year or less,Once in a while,67,No,Other (please specify),Other (please specify),Everyone in the row should have some say,"No, not rude at all","No, not at all rude",Three times,"Yes, they should not recline their chair if the person behind them asks them not to","Yes, somewhat rude",No,"No, not at all rude","No, not at all rude","No, not at all rude","No, not at all rude","Yes, somewhat rude","Yes, very rude",No,No,Male,43,1000,Some college or Associate degree,East North Central
3431734398,A few times per month,Once in a while,73,Yes,The person in the middle seat gets both arm rests,Other (please specify),Everyone in the row should have some say,"No, not rude at all","Yes, somewhat rude",Once,"No, the person on the flight has no obligation to the person behind them","Yes, somewhat rude",Yes,"No, not at all rude","No, not at all rude","Yes, somewhat rude","Yes, somewhat rude","Yes, somewhat rude","Yes, somewhat rude",No,No,Male,35,150000,Graduate degree,Pacific
3431734973,Never,"","","","","","","","","","","","","","","","","","","","",Female,18,20000,Some college or Associate degree,West South Central
3431735911,Once a year or less,Always,63,No,Whoever puts their arm on the arm rest first,Whoever puts their arm on the arm rest first,The person in the window seat should have exclusive control,"No, not rude at all","No, not at all rude",Once,"No, the person on the flight has no obligation to the person behind them","No, not rude at all",No,"No, not at all rude","No, not at all rude","Yes, somewhat rude","Yes, very rude","Yes, very rude","Yes, very rude",Yes,No,Female,44,150000,High school degree,Middle Atlantic
3431736438,Never,"","","","","","","","","","","","","","","","","","","","",Female,33,36000,Some college or Associate degree,East South Central
3431736855,Never,"","","","","","","","","","","","","","","","","","","","",Female,37,11000,Bachelor degree,Pacific
3431736876,Once a month or less,Once in a while,64,No,The people in the aisle and window seats get both arm rests,The person by the window,The person in the window seat should have exclusive control,"No, not rude at all","No, not at all rude",Three times,"No, the person on the flight has no obligation to the person behind them","Yes, somewhat rude",Yes,"No, not at all rude","No, not at all rude","Yes, very rude","Yes, very rude","No, not at all rude","No, not at all rude",Yes,No,Female,28,"",Bachelor degree,East North Central
3431737008,Once a year or less,Never,64,No,The arm rests should be shared,The arm rests should be shared,Everyone in the row should have some say,"No, not rude at all","Yes, somewhat rude",Three times,"Yes, they should not recline their chair if the person behind them asks them not to","Yes, very rude",Yes,"No, not at all rude","No, not at all rude","No, not at all rude","No, not at all rude","No, not at all rude","Yes, somewhat rude",No,No,Female,80,88000,Graduate degree,West North Central
3431737213,Once a year or less,Usually,68,No,Whoever puts their arm on the arm rest first,Whoever puts their arm on the arm rest first,The person in the window seat should have exclusive control,"No, not rude at all","No, not at all rude",Three times,"No, the person on the flight has no obligation to the person behind them","No, not rude at all",No,"No, not at all rude","No, not at all rude","No, not at all rude","Yes, somewhat rude","No, not at all rude","Yes, somewhat rude",No,No,Male,52,150000,Graduate degree,Pacific
3431737634,Once a year or less,Once in a while,66,No,The arm rests should be shared,The arm rests should be shared,Everyone in the row should have some say,"No, not rude at all","No, not at all rude",Four times,"Yes, they should not recline their chair if the person behind them asks them not to","Yes, somewhat rude",No,"No, not at all rude","No, not at all rude","Yes, somewhat rude","Yes, somewhat rude","No, not at all rude","No, not at all rude",No,No,Female,29,"",Some college or Associate degree,West South Central
3431738966,A few times per month,Always,64,No,The arm rests should be shared,The arm rests should be shared,Everyone in the row should have some say,"No, not rude at all","Yes, somewhat rude",Four times,"No, the person on the flight has no obligation to the person behind them","No, not rude at all",No,"No, not at all rude","No, not at all rude","No, not at all rude","Yes, somewhat rude","Yes, very rude","Yes, very rude",Yes,No,Female,57,150000,Some college or Associate degree,Pacific
3431740654,Once a year or less,Once in a while,66,No,The person in the middle seat gets both arm rests,The arm rests should be shared,Everyone in the row should have some say,"No, not rude at all","No, not at all rude",Four times,"Yes, they should not recline their chair if the person behind them asks them not to","Yes, somewhat rude",No,"No, not at all rude","No, not at all rude","No, not at all rude","No, not at all rude","No, not at all rude","Yes, somewhat rude",No,No,Female,61,67000,Bachelor degree,West North Central
3431741243,Once a year or less,Never,70,No,The arm rests should be shared,The arm rests should be shared,The person in the window seat should have exclusive control,"No, not rude at all","No, not at all rude",Twice,"Yes, they should not recline their chair if the person behind them asks them not to","Yes, very rude",Yes,"No, not at all rude","No, not at all rude","Yes, very rude","Yes, very rude","Yes, very rude","Yes, very rude",No,No,Female,21,12000,Some college or Associate degree,Pacific
3431743115,Once a month or less,About half the time,72,No,The arm rests should be shared,The arm rests should be shared,The person in the window seat should have exclusive control,"No, not rude at all","No, not at all rude",Four times,"Yes, they should not recline their chair if the person behind them asks them not to","Yes, somewhat rude",Yes,"No, not at all rude","No, not at all rude","No, not at all rude","Yes, somewhat rude","No, not at all rude","Yes, very rude",No,No,Male,56,101000,Bachelor degree,West North Central
3431744015,Never,"","","","","","","","","","","","","","","","","","","","",Female,61,"",Some college or Associate degree,West South Central
3431744533,A few times per month,Once in a while,64,Yes,The arm rests should be shared,The arm rests should be shared,Everyone in the row should have some say,"No, not rude at all","No, not at all rude",Twice,"Yes, they should not recline their chair if the person behind them asks them not to","No, not rude at all",No,"No, not at all rude","No, not at all rude","No, not at all rude","Yes, somewhat rude","No, not at all rude","Yes, somewhat rude",No,No,Female,36,"",Graduate degree,Pacific
3431744747,Once a month or less,Once in a while,68,No,The arm rests should be shared,The arm rests should be shared,The person in the window seat should have exclusive control,"No, not rude at all","No, not at all rude",Four times,"Yes, they should not recline their chair if the person behind them asks them not to","Yes, somewhat rude",No,"No, not at all rude","No, not at all rude","No, not at all rude","Yes, somewhat rude","No, not at all rude","Yes, very rude",No,No,Male,76,150000,Graduate degree,Pacific
3431745079,Never,"","","","","","","","","","","","","","","","","","","","",Female,76,"",Bachelor degree,Middle Atlantic
3431746726,Once a year or less,Once in a while,64,No,The arm rests should be shared,The arm rests should be shared,The person in the window seat should have exclusive control,"No, not rude at all","No, not at all rude",Three times,"No, the person on the flight has no obligation to the person behind them","No, not rude at all",No,"No, not at all rude","No, not at all rude","Yes, somewhat rude","Yes, somewhat rude","Yes, somewhat rude","Yes, somewhat rude",No,No,Female,51,79000,Bachelor degree,Pacific
3431747718,Once a year or less,Always,62,No,The arm rests should be shared,The person in aisle,The person in the window seat should have exclusive control,"No, not rude at all","Yes, somewhat rude",Four times,"No, the person on the flight has no obligation to the person behind them","No, not rude at all",No,"No, not at all rude","No, not at all rude","Yes, very rude","Yes, very rude","Yes, somewhat rude","Yes, somewhat rude",No,No,Female,19,35000,Some college or Associate degree,Mountain
3431748698,A few times per month,Never,70,Yes,The arm rests should be shared,The arm rests should be shared,The person in the window seat should have exclusive control,"No, not rude at all","No, not at all rude",Three times,"No, the person on the flight has no obligation to the person behind them","Yes, very rude",Yes,"No, not at all rude","No, not at all rude","No, not at all rude","No, not at all rude","No, not at all rude","Yes, somewhat rude",Yes,No,Male,47,150000,Graduate degree,Mountain
3431748763,Once a year or less,Once in a while,65,No,The arm rests should be shared,The arm rests should be shared,The person in the window seat should have exclusive control,"No, not rude at all","No, not at all rude",Three times,"Yes, they should not recline their chair if the person behind them asks them not to","Yes, somewhat rude",Yes,"No, not at all rude","No, not at all rude","No, not at all rude","No, not at all rude","No, not at all rude","Yes, somewhat rude",No,No,Female,64,42000,Some college or Associate degree,Pacific
3431748816,Once a year or less,Always,62,No,The person in the middle seat gets both arm rests,The person by the window,Everyone in the row should have some say,"No, not rude at all","No, not at all rude",Four times,"No, the person on the flight has no obligation to the person behind them","Yes, somewhat rude",No,"No, not at all rude","No, not at all rude","No, not at all rude","No, not at all rude","Yes, somewhat rude","Yes, very rude",No,No,Female,53,"",Some college or Associate degree,Middle Atlantic
3431751080,Once a month or less,Usually,76,No,The arm rests should be shared,The arm rests should be shared,Everyone in the row should have some say,"No, not rude at all","No, not at all rude",Four times,"Yes, they should not recline their chair if the person behind them asks them not to","Yes, somewhat rude",No,"No, not at all rude","No, not at all rude","No, not at all rude","Yes, somewhat rude","Yes, somewhat rude","Yes, somewhat rude",Yes,No,Male,23,33000,Some college or Associate degree,East North Central
3431751153,Once a month or less,Once in a while,62,No,The arm rests should be shared,The arm rests should be shared,Everyone in the row should have some say,"No, not rude at all","No, not at all rude",Twice,"Yes, they should not recline their chair if the person behind them asks them not to","Yes, somewhat rude",No,"No, not at all rude","No, not at all rude","Yes, very rude","Yes, very rude","Yes, somewhat rude","Yes, somewhat rude",Yes,No,Female,29,17000,Graduate degree,Pacific
3431751287,Once a year or less,Always,61,No,Whoever puts their arm on the arm rest first,Whoever puts their arm on the arm rest first,The person in the window seat should have exclusive control,"No, not rude at all","No, not at all rude",Three times,"No, the person on the flight has no obligation to the person behind them","No, not rude at all",No,"Yes, somewhat rude","Yes, somewhat rude","Yes, somewhat rude","Yes, somewhat rude","Yes, somewhat rude","Yes, very rude",No,No,Female,48,6000,Graduate degree,Pacific
3431751323,Never,"","","","","","","","","","","","","","","","","","","","",Female,43,26000,Some college or Associate degree,Pacific
3431753137,Never,"","","","","","","","","","","","","","","","","","","","",Female,22,150000,Bachelor degree,New England
3431753863,Once a month or less,Once in a while,69,No,The person in the middle seat gets both arm rests,The arm rests should be shared,Everyone in the row should have some say,"No, not rude at all","No, not at all rude",Three times,"Yes, they should not recline their chair if the person behind them asks them not to","Yes, somewhat rude",Yes,"No, not at all rude","No, not at all rude","No, not at all rude","Yes, somewhat rude","No, not at all rude","Yes, somewhat rude",No,No,Female,50,"",Some college or Associate degree,Pacific
3431753976,Once a month or less,Never,64,No,The arm rests should be shared,The person by the window,The person in the window seat should have exclusive control,"No, not rude at all","Yes, somewhat rude",Three times,"No, the person on the flight has no obligation to the person behind them","Yes, somewhat rude",Yes,"No, not at all rude","No, not at all rude","Yes, somewhat rude","Yes, very rude","No, not at all rude","Yes, very rude",Yes,No,Female,52,92000,Some college or Associate degree,East North Central
3431754014,Once a year or less,Never,66,No,The arm rests should be shared,The arm rests should be shared,Everyone in the row should have some say,"Yes, somewhat rude","No, not at all rude",Three times,"Yes, they should not recline their chair if the person behind them asks them not to","Yes, somewhat rude",No,"No, not at all rude","No, not at all rude","No, not at all rude","Yes, somewhat rude","No, not at all rude","Yes, somewhat rude",No,No,Female,18,"",Some college or Associate degree,Pacific
3431754304,Once a year or less,Always,71,Yes,Whoever puts their arm on the arm rest first,Whoever puts their arm on the arm rest first,Everyone in the row should have some say,"No, not rude at all","No, not at all rude",Twice,"Yes, they should not recline their chair if the person behind them asks them not to","No, not rude at all",No,"No, not at all rude","No, not at all rude","No, not at all rude","Yes, somewhat rude","Yes, somewhat rude","Yes, very rude",Yes,No,Male,55,20000,Some college or Associate degree,Pacific
3431754605,Once a year or less,Always,71,Yes,The arm rests should be shared,The arm rests should be shared,The person in the window seat should have exclusive control,"No, not rude at all","Yes, somewhat rude",Twice,"Yes, they should not recline their chair if the person behind them asks them not to","No, not rude at all",No,"Yes, somewhat rude","No, not at all rude","No, not at all rude","Yes, somewhat rude","No, not at all rude","Yes, somewhat rude",Yes,No,Male,34,66000,Some college or Associate degree,Pacific
3431754696,Once a month or less,Once in a while,61,Yes,The arm rests should be shared,The arm rests should be shared,Everyone in the row should have some say,"No, not rude at all","Yes, somewhat rude",Four times,"No, the person on the flight has no obligation to the person behind them","Yes, somewhat rude",Yes,"Yes, somewhat rude","Yes, somewhat rude","Yes, somewhat rude","Yes, somewhat rude","Yes, somewhat rude","Yes, very rude",No,No,Female,51,"",Graduate degree,East North Central
3431755097,Never,"","","","","","","","","","","","","","","","","","","","",Female,26,27000,High school degree,East South Central
3431755117,Once a year or less,Once in a while,70,Yes,The arm rests should be shared,The arm rests should be shared,Everyone in the row should have some say,"Yes, somewhat rude","Yes, somewhat rude",Three times,"Yes, they should not recline their chair if the person behind them asks them not to","Yes, somewhat rude",No,"No, not at all rude","No, not at all rude","Yes, somewhat rude","Yes, somewhat rude","No, not at all rude","Yes, somewhat rude",No,No,Female,39,42000,Some college or Associate degree,East North Central
3431759736,Once a year or less,About half the time,68,Yes,The arm rests should be shared,The arm rests should be shared,Everyone in the row should have some say,"Yes, somewhat rude","No, not at all rude",Three times,"Yes, they should not recline their chair if the person behind them asks them not to","No, not rude at all",No,"No, not at all rude","No, not at all rude","Yes, somewhat rude","Yes, very rude","Yes, somewhat rude","Yes, very rude",No,No,Male,51,150000,Bachelor degree,West South Central
3431760331,Once a month or less,About half the time,66,No,The arm rests should be shared,The arm rests should be shared,The person in the window seat should have exclusive control,"No, not rude at all","No, not at all rude",Twice,"No, the person on the flight has no obligation to the person behind them","No, not rude at all",No,"No, not at all rude","No, not at all rude","No, not at all rude","No, not at all rude","No, not at all rude","Yes, somewhat rude",No,No,Female,78,150000,Graduate degree,West South Central
3431762195,Once a year or less,Once in a while,62,No,The arm rests should be shared,The arm rests should be shared,Everyone in the row should have some say,"No, not rude at all","No, not at all rude",Twice,"Yes, they should not recline their chair if the person behind them asks them not to","Yes, somewhat rude",Yes,"No, not at all rude","No, not at all rude","No, not at all rude","Yes, somewhat rude","No, not at all rude","Yes, somewhat rude",No,No,Female,65,82000,Graduate degree,Middle Atlantic
3431762850,Once a month or less,Once in a while,70,No,The arm rests should be shared,The arm rests should be shared,The person in the window seat should have exclusive control,"No, not rude at all","No, not at all rude",Twice,"Yes, they should not recline their chair if the person behind them asks them not to","Yes, somewhat rude",No,"No, not at all rude","No, not at all rude","No, not at all rude","Yes, somewhat rude","No, not at all rude","Yes, somewhat rude",No,No,Male,62,85000,Graduate degree,West South Central
3431763674,Once a year or less,Once in a while,66,No,The person in the middle seat gets both arm rests,Whoever puts their arm on the arm rest first,Everyone in the row should have some say,"No, not rude at all","No, not at all rude",Three times,"Yes, they should not recline their chair if the person behind them asks them not to","Yes, somewhat rude",No,"Yes, very rude","Yes, very rude","Yes, somewhat rude","Yes, somewhat rude","No, not at all rude","Yes, very rude",No,No,Female,20,39000,Bachelor degree,Mountain
3431764152,Once a year or less,Always,61,No,The arm rests should be shared,The arm rests should be shared,The person in the window seat should have exclusive control,"No, not rude at all","No, not at all rude",Twice,"No, the person on the flight has no obligation to the person behind them","No, not rude at all",No,"No, not at all rude","No, not at all rude","Yes, somewhat rude","Yes, somewhat rude","No, not at all rude","No, not at all rude",No,No,Female,66,141000,Graduate degree,West North Central
3431765507,Once a year or less,Never,67,No,Whoever puts their arm on the arm rest first,Whoever puts their arm on the arm rest first,The person in the window seat should have exclusive control,"No, not rude at all","No, not at all rude",Four times,"Yes, they should not recline their chair if the person behind them asks them not to","Yes, very rude",Yes,"No, not at all rude","No, not at all rude","No, not at all rude","No, not at all rude","Yes, very rude","Yes, very rude",No,No,Male,32,109000,Bachelor degree,Pacific
3431767197,Once a month or less,Usually,63,No,Whoever puts their arm on the arm rest first,Whoever puts their arm on the arm rest first,Everyone in the row should have some say,"No, not rude at all","No, not at all rude",Three times,"No, the person on the flight has no obligation to the person behind them","No, not rude at all",No,"No, not at all rude","No, not at all rude","Yes, somewhat rude","Yes, somewhat rude","Yes, somewhat rude","Yes, very rude",Yes,No,Female,21,37000,Bachelor degree,West North Central
3431767233,Once a month or less,About half the time,65,Yes,The person in the middle seat gets both arm rests,The person in aisle,Everyone in the row should have some say,"No, not rude at all","No, not at all rude",Three times,"No, the person on the flight has no obligation to the person behind them","No, not rude at all",No,"No, not at all rude","No, not at all rude","No, not at all rude","Yes, somewhat rude","No, not at all rude","Yes, somewhat rude",No,No,Female,38,"",Graduate degree,Pacific
3431768059,Never,"","","","","","","","","","","","","","","","","","","","",Female,78,"",Bachelor degree,East North Central
3431768949,Once a year or less,Usually,65,No,The arm rests should be shared,The arm rests should be shared,Everyone in the row should have some say,"No, not rude at all","No, not at all rude",Once,"Yes, they should not recline their chair if the person behind them asks them not to","Yes, somewhat rude",Yes,"No, not at all rude","No, not at all rude","Yes, somewhat rude","Yes, very rude","No, not at all rude","Yes, very rude",Yes,No,Female,30,"",Some college or Associate degree,South Atlantic
3431769300,Once a year or less,About half the time,65,No,The arm rests should be shared,The person by the window,Everyone in the row should have some say,"No, not rude at all","Yes, somewhat rude",Three times,"Yes, they should not recline their chair if the person behind them asks them not to","Yes, somewhat rude",Yes,"No, not at all rude","No, not at all rude","Yes, very rude","No, not at all rude","No, not at all rude","Yes, somewhat rude",No,No,Female,76,54000,Graduate degree,South Atlantic
3431769849,Once a year or less,Usually,73,No,The arm rests should be shared,The arm rests should be shared,Everyone in the row should have some say,"Yes, somewhat rude","Yes, somewhat rude",Twice,"No, the person on the flight has no obligation to the person behind them","No, not rude at all",No,"Yes, somewhat rude","Yes, somewhat rude","Yes, somewhat rude","Yes, very rude","Yes, very rude","Yes, very rude",No,No,Male,20,38000,Bachelor degree,West South Central
3431771032,Once a month or less,Once in a while,65,Yes,The person in the middle seat gets both arm rests,Whoever puts their arm on the arm rest first,Everyone in the row should have some say,"Yes, somewhat rude","No, not at all rude",Twice,"Yes, they should not recline their chair if the person behind them asks them not to","Yes, somewhat rude",No,"No, not at all rude","No, not at all rude","No, not at all rude","Yes, somewhat rude","No, not at all rude","Yes, very rude",No,No,Female,63,"",Graduate degree,West South Central
3431774571,Once a month or less,About half the time,63,No,The arm rests should be shared,The arm rests should be shared,Everyone in the row should have some say,"No, not rude at all","Yes, somewhat rude",Three times,"Yes, they should not recline their chair if the person behind them asks them not to","Yes, somewhat rude",Yes,"No, not at all rude","No, not at all rude","No, not at all rude","Yes, somewhat rude","Yes, very rude","Yes, very rude",No,No,Female,60,150000,Graduate degree,East North Central
3431774647,Once a year or less,Never,64,No,The arm rests should be shared,The arm rests should be shared,Everyone in the row should have some say,"Yes, very rude","No, not at all rude",Twice,"Yes, they should not recline their chair if the person behind them asks them not to","Yes, somewhat rude",Yes,"No, not at all rude","No, not at all rude","No, not at all rude","Yes, somewhat rude","No, not at all rude","No, not at all rude",No,No,Female,76,94000,Graduate degree,Pacific
3431774671,Once a month or less,Usually,69,Yes,The person in the middle seat gets both arm rests,Whoever puts their arm on the arm rest first,Everyone in the row should have some say,"No, not rude at all","Yes, somewhat rude",Twice,"Yes, they should not recline their chair if the person behind them asks them not to","No, not rude at all",No,"No, not at all rude","No, not at all rude","Yes, somewhat rude","Yes, very rude","No, not at all rude","Yes, somewhat rude",No,No,Female,57,117000,Graduate degree,Pacific
3431775137,A few times per month,Always,72,No,Other (please specify),Other (please specify),The person in the window seat should have exclusive control,"No, not rude at all","No, not at all rude",More than five times times,"No, the person on the flight has no obligation to the person behind them","No, not rude at all",No,"No, not at all rude","No, not at all rude","No, not at all rude","Yes, somewhat rude","Yes, very rude","Yes, very rude",Yes,No,Male,19,29000,Some college or Associate degree,East North Central
3431775668,Once a year or less,Once in a while,63,No,The arm rests should be shared,The person by the window,Everyone in the row should have some say,"No, not rude at all","No, not at all rude",Twice,"No, the person on the flight has no obligation to the person behind them","No, not rude at all",No,"No, not at all rude","No, not at all rude","No, not at all rude","No, not at all rude","No, not at all rude","Yes, somewhat rude",No,No,Female,71,"",Graduate degree,East North Central
3431776169,Once a year or less,Always,64,Yes,The arm rests should be shared,The arm rests should be shared,Everyone in the row should have some say,"No, not rude at all","No, not at all rude",Four times,"No, the person on the flight has no obligation to the person behind them","No, not rude at all",No,"No, not at all rude","No, not at all rude","No, not at all rude","No, not at all rude","No, not at all rude","No, not at all rude",No,No,Female,25,70000,Some college or Associate degree,South Atlantic
3431777715,Never,"","","","","","","","","","","","","","","","","","","","",Female,36,8000,High school degree,East North Central
3431779152,Once a year or less,Once in a while,71,No,Other (please specify),Other (please specify),Everyone in the row should have some say,"Yes, very rude","Yes, very rude",Three times,"Yes, they should not recline their chair if the person behind them asks them not to","No, not rude at all",No,"No, not at all rude","No, not at all rude","No, not at all rude","No, not at all rude","Yes, very rude","Yes, very rude",No,No,Male,38,4000,Bachelor degree,Middle Atlantic
3431780662,Once a year or less,Never,70,Yes,The arm rests should be shared,The arm rests should be shared,The person in the window seat should have exclusive control,"No, not rude at all","No, not at all rude",Three times,"Yes, they should not recline their chair if the person behind them asks them not to","Yes, very rude",Yes,"No, not at all rude","No, not at all rude","No, not at all rude","No, not at all rude","Yes, very rude","Yes, very rude",No,No,Male,32,25000,Some college or Associate degree,West North Central
3431781890,Once a month or less,Once in a while,71,No,Whoever puts their arm on the arm rest first,Whoever puts their arm on the arm rest first,Everyone in the row should have some say,"No, not rude at all","No, not at all rude",Twice,"Yes, they should not recline their chair if the person behind them asks them not to","No, not rude at all",No,"No, not at all rude","No, not at all rude","Yes, somewhat rude","Yes, somewhat rude","Yes, somewhat rude","Yes, somewhat rude",No,No,Male,65,"",Graduate degree,Pacific
3431785706,Never,"","","","","","","","","","","","","","","","","","","","",Female,62,40000,High school degree,South Atlantic
3431785714,Once a month or less,Usually,64,No,The arm rests should be shared,The arm rests should be shared,The person in the window seat should have exclusive control,"Yes, somewhat rude","No, not at all rude",Twice,"No, the person on the flight has no obligation to the person behind them","No, not rude at all",No,"No, not at all rude","No, not at all rude","No, not at all rude","Yes, very rude","Yes, somewhat rude","Yes, very rude",No,No,Female,55,91000,Graduate degree,South Atlantic
3431789766,Never,"","","","","","","","","","","","","","","","","","","","",Male,74,105000,Bachelor degree,Middle Atlantic
3431791454,Once a month or less,Never,66,No,The person in the middle seat gets both arm rests,The arm rests should be shared,Everyone in the row should have some say,"Yes, very rude","No, not at all rude",Three times,"Yes, they should not recline their chair if the person behind them asks them not to","Yes, somewhat rude",Yes,"No, not at all rude","No, not at all rude","No, not at all rude","Yes, somewhat rude","No, not at all rude","Yes, somewhat rude",No,No,Female,27,89000,Bachelor degree,Pacific
3431791611,Once a year or less,Always,68,No,The arm rests should be shared,The arm rests should be shared,Everyone in the row should have some say,"No, not rude at all","No, not at all rude",Twice,"No, the person on the flight has no obligation to the person behind them","No, not rude at all",No,"No, not at all rude","No, not at all rude","No, not at all rude","Yes, somewhat rude","No, not at all rude","Yes, very rude",No,No,Male,59,84000,Bachelor degree,Mountain
3431791820,Once a year or less,Once in a while,69,No,The arm rests should be shared,The arm rests should be shared,Everyone in the row should have some say,"Yes, somewhat rude","No, not at all rude",Twice,"Yes, they should not recline their chair if the person behind them asks them not to","Yes, somewhat rude",Yes,"No, not at all rude","No, not at all rude","No, not at all rude","No, not at all rude","No, not at all rude","Yes, somewhat rude",No,No,Female,47,"",Some college or Associate degree,Middle Atlantic
3431792084,Never,"","","","","","","","","","","","","","","","","","","","",Male,51,89000,Some college or Associate degree,West South Central
3431793142,Once a year or less,Never,63,No,The arm rests should be shared,The arm rests should be shared,Everyone in the row should have some say,"Yes, somewhat rude","No, not at all rude",More than five times times,"Yes, they should not recline their chair if the person behind them asks them not to","Yes, somewhat rude",No,"Yes, somewhat rude","Yes, somewhat rude","No, not at all rude","Yes, somewhat rude","No, not at all rude","No, not at all rude",No,No,Male,19,20000,High school degree,West North Central
3431793323,Once a year or less,Once in a while,68,No,The arm rests should be shared,Whoever puts their arm on the arm rest first,Everyone in the row should have some say,"No, not rude at all","No, not at all rude",Once,"No, the person on the flight has no obligation to the person behind them","Yes, somewhat rude",No,"Yes, somewhat rude","No, not at all rude","No, not at all rude","Yes, somewhat rude","Yes, somewhat rude","Yes, somewhat rude",No,No,Female,26,"",Some college or Associate degree,Mountain
3431794171,Once a year or less,Once in a while,64,No,The arm rests should be shared,The person by the window,Everyone in the row should have some say,"No, not rude at all","No, not at all rude",Three times,"Yes, they should not recline their chair if the person behind them asks them not to","Yes, somewhat rude",No,"No, not at all rude","No, not at all rude","Yes, somewhat rude","Yes, somewhat rude","Yes, somewhat rude","Yes, somewhat rude",No,No,Female,23,25000,High school degree,Middle Atlantic
3431794981,Once a year or less,About half the time,69,Yes,The person in the middle seat gets both arm rests,Whoever puts their arm on the arm rest first,The person in the window seat should have exclusive control,"No, not rude at all","No, not at all rude",Four times,"No, the person on the flight has no obligation to the person behind them","No, not rude at all",No,"No, not at all rude","No, not at all rude","No, not at all rude","No, not at all rude","No, not at all rude","Yes, somewhat rude",No,No,Male,53,148000,Some college or Associate degree,Middle Atlantic
3431796148,Never,"","","","","","","","","","","","","","","","","","","","",Female,63,88000,Bachelor degree,West South Central
3431797233,Never,"","","","","","","","","","","","","","","","","","","","",Male,69,0,Some college or Associate degree,New England
3431802612,Once a year or less,Always,67,No,Whoever puts their arm on the arm rest first,Whoever puts their arm on the arm rest first,Everyone in the row should have some say,"No, not rude at all","No, not at all rude",More than five times times,"No, the person on the flight has no obligation to the person behind them","No, not rude at all",No,"No, not at all rude","No, not at all rude","Yes, somewhat rude","Yes, somewhat rude","No, not at all rude","No, not at all rude",Yes,No,Female,29,"",Some college or Associate degree,Pacific
3431806310,Once a year or less,About half the time,63,Yes,The arm rests should be shared,The arm rests should be shared,Everyone in the row should have some say,"No, not rude at all","No, not at all rude",Four times,"Yes, they should not recline their chair if the person behind them asks them not to","No, not rude at all",No,"No, not at all rude","No, not at all rude","No, not at all rude","Yes, somewhat rude","No, not at all rude","Yes, somewhat rude",Yes,No,Female,18,79000,Some college or Associate degree,East North Central
3431806805,Once a month or less,Once in a while,66,No,The arm rests should be shared,The arm rests should be shared,Everyone in the row should have some say,"No, not rude at all","No, not at all rude",Four times,"No, the person on the flight has no obligation to the person behind them","No, not rude at all",Yes,"No, not at all rude","No, not at all rude","No, not at all rude","Yes, somewhat rude","Yes, somewhat rude","Yes, very rude",No,No,Female,60,"",Graduate degree,West North Central
3431809207,Once a month or less,About half the time,63,No,The arm rests should be shared,The arm rests should be shared,Everyone in the row should have some say,"No, not rude at all","No, not at all rude",Three times,"Yes, they should not recline their chair if the person behind them asks them not to","Yes, somewhat rude",No,"No, not at all rude","No, not at all rude","Yes, somewhat rude","Yes, somewhat rude","No, not at all rude","No, not at all rude",No,No,Female,59,50000,Graduate degree,Pacific
3431810107,Once a year or less,Never,68,No,The arm rests should be shared,The arm rests should be shared,Everyone in the row should have some say,"Yes, somewhat rude","Yes, somewhat rude",Twice,"Yes, they should not recline their chair if the person behind them asks them not to","Yes, very rude",Yes,"No, not at all rude","No, not at all rude","Yes, somewhat rude","Yes, somewhat rude","No, not at all rude","Yes, somewhat rude",No,No,Male,47,30000,Graduate degree,Middle Atlantic
3431811073,Once a month or less,Once in a while,66,Yes,Whoever puts their arm on the arm rest first,Whoever puts their arm on the arm rest first,The person in the window seat should have exclusive control,"No, not rude at all","No, not at all rude",Four times,"Yes, they should not recline their chair if the person behind them asks them not to","Yes, somewhat rude",No,"No, not at all rude","No, not at all rude","Yes, somewhat rude","Yes, somewhat rude","No, not at all rude","Yes, very rude",No,No,Female,37,150000,Graduate degree,Middle Atlantic
3431811871,Once a year or less,Once in a while,66,No,Other (please specify),The arm rests should be shared,The person in the window seat should have exclusive control,"No, not rude at all","Yes, somewhat rude",More than five times times,"Yes, they should not recline their chair if the person behind them asks them not to","Yes, somewhat rude",No,"No, not at all rude","No, not at all rude","Yes, somewhat rude","Yes, very rude","Yes, somewhat rude","Yes, somewhat rude",No,No,Male,21,91000,Bachelor degree,South Atlantic
3431811997,Once a year or less,About half the time,69,No,Other (please specify),The person by the window,Everyone in the row should have some say,"No, not rude at all","No, not at all rude",Three times,"Yes, they should not recline their chair if the person behind them asks them not to","Yes, somewhat rude",Yes,"No, not at all rude","No, not at all rude","Yes, somewhat rude","Yes, somewhat rude","No, not at all rude","Yes, somewhat rude",No,No,Female,50,69000,Bachelor degree,Pacific
3431812523,Once a month or less,Always,69,No,The person in the middle seat gets both arm rests,The person in aisle,The person in the window seat should have exclusive control,"Yes, somewhat rude","No, not at all rude",Four times,"No, the person on the flight has no obligation to the person behind them","No, not rude at all",No,"No, not at all rude","No, not at all rude","No, not at all rude","No, not at all rude","Yes, somewhat rude","Yes, very rude",Yes,No,Male,44,45000,Bachelor degree,Pacific
3431813221,Never,"","","","","","","","","","","","","","","","","","","","",Male,35,7000,Some college or Associate degree,East North Central
3431814033,Once a year or less,Once in a while,62,No,The arm rests should be shared,The arm rests should be shared,Everyone in the row should have some say,"No, not rude at all","No, not at all rude",Three times,"Yes, they should not recline their chair if the person behind them asks them not to","No, not rude at all",No,"No, not at all rude","No, not at all rude","Yes, somewhat rude","Yes, very rude","Yes, somewhat rude","Yes, somewhat rude",Yes,No,Male,28,50000,Some college or Associate degree,East South Central
3431815266,Once a year or less,Usually,65,No,The arm rests should be shared,The arm rests should be shared,Everyone in the row should have some say,"Yes, somewhat rude","No, not at all rude",Twice,"Yes, they should not recline their chair if the person behind them asks them not to","No, not rude at all",No,"No, not at all rude","No, not at all rude","No, not at all rude","Yes, somewhat rude","No, not at all rude","Yes, somewhat rude",Yes,No,Female,24,107000,Bachelor degree,Pacific
3431818301,Once a year or less,Always,64,No,Other (please specify),Other (please specify),The person in the window seat should have exclusive control,"No, not rude at all","No, not at all rude",More than five times times,"No, the person on the flight has no obligation to the person behind them","No, not rude at all",No,"No, not at all rude","No, not at all rude","No, not at all rude","Yes, somewhat rude","Yes, somewhat rude","Yes, very rude",Yes,No,Female,19,123000,Bachelor degree,Middle Atlantic
3431818574,Never,"","","","","","","","","","","","","","","","","","","","",Female,65,16000,Some college or Associate degree,Mountain
3431820319,Once a year or less,Usually,69,Yes,The arm rests should be shared,The arm rests should be shared,Everyone in the row should have some say,"No, not rude at all","No, not at all rude",More than five times times,"No, the person on the flight has no obligation to the person behind them","No, not rude at all",No,"No, not at all rude","No, not at all rude","No, not at all rude","Yes, very rude","No, not at all rude","Yes, somewhat rude",No,No,Male,52,143000,Graduate degree,East North Central
3431820584,Once a year or less,Never,64,No,The people in the aisle and window seats get both arm rests,The arm rests should be shared,Everyone in the row should have some say,"Yes, somewhat rude","No, not at all rude",Once,"","","","","","","","","","","","","","","",""
3431821208,Once a year or less,Usually,66,No,Whoever puts their arm on the arm rest first,Whoever puts their arm on the arm rest first,Everyone in the row should have some say,"No, not rude at all","No, not at all rude",Three times,"No, the person on the flight has no obligation to the person behind them","No, not rude at all",No,"No, not at all rude","No, not at all rude","No, not at all rude","Yes, somewhat rude","No, not at all rude","Yes, very rude",No,No,Male,72,68000,Graduate degree,Pacific
3431821681,Once a year or less,Once in a while,73,No,The arm rests should be shared,The arm rests should be shared,Everyone in the row should have some say,"No, not rude at all","No, not at all rude",Twice,"No, the person on the flight has no obligation to the person behind them","No, not rude at all",No,"No, not at all rude","No, not at all rude","No, not at all rude","Yes, somewhat rude","No, not at all rude","Yes, somewhat rude",No,No,Male,32,134000,Bachelor degree,Pacific
3431822505,Never,"","","","","","","","","","","","","","","","","","","","",Female,33,32000,Bachelor degree,West North Central
3431822775,Once a year or less,Never,65,No,The person in the middle seat gets both arm rests,The person by the window,Everyone in the row should have some say,"Yes, somewhat rude","No, not at all rude",Four times,"Yes, they should not recline their chair if the person behind them asks them not to","Yes, somewhat rude",No,"Yes, somewhat rude","Yes, somewhat rude","Yes, very rude","Yes, very rude","Yes, somewhat rude","Yes, very rude",No,No,Female,77,"",Graduate degree,East North Central
3431827807,Once a year or less,Usually,69,No,The arm rests should be shared,Whoever puts their arm on the arm rest first,The person in the window seat should have exclusive control,"No, not rude at all","Yes, somewhat rude",Four times,"No, the person on the flight has no obligation to the person behind them","No, not rude at all",No,"No, not at all rude","No, not at all rude","No, not at all rude","No, not at all rude","Yes, somewhat rude","Yes, very rude",Yes,No,Female,55,150000,Graduate degree,Middle Atlantic
3431828635,Once a year or less,Once in a while,67,No,The arm rests should be shared,The arm rests should be shared,Everyone in the row should have some say,"No, not rude at all","Yes, somewhat rude",Once,"Yes, they should not recline their chair if the person behind them asks them not to","No, not rude at all",No,"No, not at all rude","No, not at all rude","No, not at all rude","Yes, somewhat rude","No, not at all rude","Yes, somewhat rude",No,No,Male,29,21000,Some college or Associate degree,West South Central
3431832795,Once a month or less,Once in a while,64,No,The arm rests should be shared,The arm rests should be shared,Everyone in the row should have some say,"No, not rude at all","No, not at all rude",Four times,"Yes, they should not recline their chair if the person behind them asks them not to","Yes, somewhat rude",No,"No, not at all rude","No, not at all rude","No, not at all rude","No, not at all rude","No, not at all rude","Yes, very rude",No,No,Female,74,150000,Graduate degree,West South Central
3431837048,Once a year or less,Usually,70,No,The arm rests should be shared,The arm rests should be shared,The person in the window seat should have exclusive control,"Yes, somewhat rude","No, not at all rude",Three times,"Yes, they should not recline their chair if the person behind them asks them not to","No, not rude at all",No,"No, not at all rude","No, not at all rude","No, not at all rude","Yes, somewhat rude","No, not at all rude","Yes, very rude",Yes,No,Male,23,13000,Some college or Associate degree,West North Central
3431837847,Once a year or less,Once in a while,69,No,The arm rests should be shared,The arm rests should be shared,Everyone in the row should have some say,"No, not rude at all","No, not at all rude",Once,"Yes, they should not recline their chair if the person behind them asks them not to","Yes, somewhat rude",Yes,"No, not at all rude","No, not at all rude","Yes, somewhat rude","Yes, very rude","No, not at all rude","Yes, somewhat rude",No,No,Male,61,123000,Graduate degree,West South Central
3431838216,Once a year or less,Once in a while,66,Yes,The arm rests should be shared,The arm rests should be shared,The person in the window seat should have exclusive control,"No, not rude at all","No, not at all rude",Twice,"No, the person on the flight has no obligation to the person behind them","No, not rude at all",No,"No, not at all rude","No, not at all rude","No, not at all rude","Yes, somewhat rude","No, not at all rude","No, not at all rude",No,No,Female,19,0,Some college or Associate degree,East North Central
3431840082,Once a year or less,Usually,68,Yes,The arm rests should be shared,The arm rests should be shared,The person in the window seat should have exclusive control,"No, not rude at all","Yes, somewhat rude",Three times,"Yes, they should not recline their chair if the person behind them asks them not to","No, not rude at all",No,"No, not at all rude","No, not at all rude","No, not at all rude","Yes, somewhat rude","No, not at all rude","Yes, somewhat rude",No,No,Male,57,73000,Some college or Associate degree,Middle Atlantic
3431844008,A few times per month,Once in a while,69,No,The arm rests should be shared,The arm rests should be shared,Everyone in the row should have some say,"Yes, very rude","No, not at all rude",More than five times times,"Yes, they should not recline their chair if the person behind them asks them not to","Yes, very rude",No,"No, not at all rude","No, not at all rude","No, not at all rude","No, not at all rude","No, not at all rude","Yes, very rude",No,No,Male,57,150000,Graduate degree,Pacific
3431844950,Once a month or less,About half the time,70,No,The person in the middle seat gets both arm rests,Whoever puts their arm on the arm rest first,The person in the window seat should have exclusive control,"No, not rude at all","No, not at all rude",Three times,"No, the person on the flight has no obligation to the person behind them","No, not rude at all",No,"No, not at all rude","No, not at all rude","No, not at all rude","Yes, somewhat rude","No, not at all rude","Yes, somewhat rude",Yes,No,Male,26,81000,Bachelor degree,Pacific
3431845651,Once a year or less,Usually,66,No,The arm rests should be shared,The arm rests should be shared,Everyone in the row should have some say,"No, not rude at all","No, not at all rude",Three times,"Yes, they should not recline their chair if the person behind them asks them not to","No, not rude at all",No,"No, not at all rude","No, not at all rude","No, not at all rude","Yes, somewhat rude","No, not at all rude","Yes, very rude",No,No,Female,80,130000,Graduate degree,Pacific
3431846827,Once a year or less,Always,61,No,Other (please specify),The arm rests should be shared,Everyone in the row should have some say,"Yes, somewhat rude","No, not at all rude",Four times,"Yes, they should not recline their chair if the person behind them asks them not to","No, not rude at all",No,"Yes, somewhat rude","Yes, somewhat rude","Yes, somewhat rude","Yes, somewhat rude","No, not at all rude","Yes, somewhat rude",No,No,Female,23,"",Bachelor degree,Pacific
3431848412,Once a year or less,Usually,67,No,The person in the middle seat gets both arm rests,The arm rests should be shared,Everyone in the row should have some say,"No, not rude at all","No, not at all rude",Four times,"Yes, they should not recline their chair if the person behind them asks them not to","Yes, somewhat rude",No,"No, not at all rude","No, not at all rude","No, not at all rude","No, not at all rude","No, not at all rude","Yes, somewhat rude",No,No,Female,56,100000,Some college or Associate degree,Pacific
3431851037,Never,"","","","","","","","","","","","","","","","","","","","",Male,53,121000,Some college or Associate degree,Pacific
3431853237,Once a year or less,Never,62,No,Whoever puts their arm on the arm rest first,Whoever puts their arm on the arm rest first,Everyone in the row should have some say,"No, not rude at all","No, not at all rude",Twice,"Yes, they should not recline their chair if the person behind them asks them not to","Yes, somewhat rude",Yes,"Yes, somewhat rude","No, not at all rude","Yes, somewhat rude","Yes, very rude","Yes, somewhat rude","Yes, very rude",No,No,Female,25,"",Some college or Associate degree,Pacific
3431856354,Once a year or less,About half the time,71,No,The arm rests should be shared,The arm rests should be shared,Everyone in the row should have some say,"No, not rude at all","No, not at all rude",Twice,"Yes, they should not recline their chair if the person behind them asks them not to","No, not rude at all",No,"No, not at all rude","No, not at all rude","Yes, somewhat rude","Yes, somewhat rude","Yes, somewhat rude","Yes, very rude",No,No,Male,55,85000,Bachelor degree,New England
3431857651,Once a year or less,Once in a while,67,Yes,The arm rests should be shared,The arm rests should be shared,Everyone in the row should have some say,"No, not rude at all","No, not at all rude",Three times,"Yes, they should not recline their chair if the person behind them asks them not to","No, not rude at all",No,"No, not at all rude","No, not at all rude","Yes, somewhat rude","Yes, very rude","No, not at all rude","Yes, somewhat rude",No,No,Female,42,"",Some college or Associate degree,Mountain
3431859028,Once a year or less,Usually,75,Yes,The arm rests should be shared,The arm rests should be shared,Everyone in the row should have some say,"No, not rude at all","No, not at all rude",Four times,"No, the person on the flight has no obligation to the person behind them","No, not rude at all",No,"No, not at all rude","No, not at all rude","Yes, somewhat rude","Yes, very rude","No, not at all rude","Yes, somewhat rude",Yes,No,Male,40,150000,Bachelor degree,Pacific
3431862283,Once a month or less,Once in a while,69,No,The person in the middle seat gets both arm rests,The arm rests should be shared,Everyone in the row should have some say,"No, not rude at all","No, not at all rude",Four times,"Yes, they should not recline their chair if the person behind them asks them not to","No, not rude at all",No,"No, not at all rude","No, not at all rude","No, not at all rude","No, not at all rude","No, not at all rude","Yes, very rude",No,No,Female,73,"",Graduate degree,East North Central
3431864204,Once a year or less,About half the time,63,No,The person in the middle seat gets both arm rests,Whoever puts their arm on the arm rest first,The person in the window seat should have exclusive control,"Yes, very rude","Yes, very rude",Three times,"Yes, they should not recline their chair if the person behind them asks them not to","Yes, somewhat rude",No,"No, not at all rude","No, not at all rude","No, not at all rude","Yes, somewhat rude","No, not at all rude","Yes, somewhat rude",No,No,Female,53,37000,Some college or Associate degree,Pacific
3431864594,Once a year or less,Once in a while,62,No,The arm rests should be shared,The arm rests should be shared,Everyone in the row should have some say,"No, not rude at all","Yes, somewhat rude",Four times,"Yes, they should not recline their chair if the person behind them asks them not to","Yes, somewhat rude",Yes,"No, not at all rude","No, not at all rude","No, not at all rude","No, not at all rude","No, not at all rude","Yes, very rude",No,No,Female,60,52000,Some college or Associate degree,Pacific
3431865276,Once a month or less,Once in a while,67,No,Whoever puts their arm on the arm rest first,Whoever puts their arm on the arm rest first,The person in the window seat should have exclusive control,"No, not rude at all","No, not at all rude",Once,"No, the person on the flight has no obligation to the person behind them","No, not rude at all",No,"Yes, somewhat rude","Yes, somewhat rude","Yes, somewhat rude","Yes, somewhat rude","No, not at all rude","No, not at all rude",No,No,Female,51,"",Graduate degree,East North Central
3431871050,Once a month or less,Once in a while,61,No,The people in the aisle and window seats get both arm rests,The arm rests should be shared,Everyone in the row should have some say,"No, not rude at all","No, not at all rude",Once,"Yes, they should not recline their chair if the person behind them asks them not to","Yes, somewhat rude",Yes,"No, not at all rude","No, not at all rude","Yes, somewhat rude","Yes, somewhat rude","No, not at all rude","Yes, somewhat rude",No,No,Female,27,"",High school degree,South Atlantic
3431873661,Once a month or less,"","","","","","","","","","","","","","","","","","","","","","","","",""
3431873790,Once a year or less,Always,72,No,The arm rests should be shared,The arm rests should be shared,Everyone in the row should have some say,"No, not rude at all","No, not at all rude",Three times,"No, the person on the flight has no obligation to the person behind them","No, not rude at all",No,"No, not at all rude","No, not at all rude","Yes, somewhat rude","Yes, very rude","No, not at all rude","Yes, somewhat rude",No,No,Female,21,25000,High school degree,Pacific
3431874935,Never,"","","","","","","","","","","","","","","","","","","","",Female,24,"",High school degree,Pacific
3431875832,Once a month or less,Always,72,No,The arm rests should be shared,The arm rests should be shared,Everyone in the row should have some say,"No, not rude at all","No, not at all rude",Three times,"No, the person on the flight has no obligation to the person behind them","No, not rude at all",No,"No, not at all rude","No, not at all rude","Yes, somewhat rude","Yes, very rude","No, not at all rude","Yes, somewhat rude",No,No,"","","","",""
3431878240,Once a year or less,About half the time,66,No,The arm rests should be shared,The arm rests should be shared,Everyone in the row should have some say,"No, not rude at all","Yes, very rude",Twice,"Yes, they should not recline their chair if the person behind them asks them not to","No, not rude at all",No,"No, not at all rude","No, not at all rude","No, not at all rude","Yes, somewhat rude","No, not at all rude","Yes, somewhat rude",No,No,Female,75,50000,Bachelor degree,New England
3431882220,Once a year or less,Never,69,No,The arm rests should be shared,The arm rests should be shared,The person in the window seat should have exclusive control,"Yes, somewhat rude","No, not at all rude",Twice,"Yes, they should not recline their chair if the person behind them asks them not to","Yes, very rude",Yes,"Yes, somewhat rude","Yes, somewhat rude","No, not at all rude","Yes, somewhat rude","No, not at all rude","Yes, somewhat rude",No,No,Female,21,16000,Some college or Associate degree,Pacific
3431883250,Once a year or less,Always,65,Yes,The arm rests should be shared,The arm rests should be shared,Everyone in the row should have some say,"No, not rude at all","No, not at all rude",Three times,"No, the person on the flight has no obligation to the person behind them","No, not rude at all",No,"Yes, somewhat rude","Yes, somewhat rude","Yes, somewhat rude","Yes, somewhat rude","No, not at all rude","No, not at all rude",No,No,Female,60,131000,Graduate degree,Middle Atlantic
3431885098,Once a month or less,Usually,73,No,Whoever puts their arm on the arm rest first,Whoever puts their arm on the arm rest first,Everyone in the row should have some say,"No, not rude at all","No, not at all rude",Four times,"No, the person on the flight has no obligation to the person behind them","No, not rude at all",No,"No, not at all rude","No, not at all rude","No, not at all rude","Yes, somewhat rude","Yes, very rude","Yes, very rude",No,No,Male,23,150000,Graduate degree,Pacific
3431885172,Never,"","","","","","","","","","","","","","","","","","","","",Female,49,19000,Some college or Associate degree,Pacific
3431885678,Once a year or less,Never,66,No,Other (please specify),Other (please specify),Everyone in the row should have some say,"No, not rude at all","No, not at all rude",Three times,"Yes, they should not recline their chair if the person behind them asks them not to","Yes, somewhat rude",Yes,"No, not at all rude","No, not at all rude","No, not at all rude","Yes, somewhat rude","No, not at all rude","Yes, very rude",No,No,Female,23,24000,Bachelor degree,East North Central
3431888682,Never,"","","","","","","","","","","","","","","","","","","","",Female,36,28000,High school degree,West South Central
3431888945,Once a year or less,Never,69,No,The arm rests should be shared,The arm rests should be shared,The person in the window seat should have exclusive control,"No, not rude at all","No, not at all rude",Twice,"Yes, they should not recline their chair if the person behind them asks them not to","Yes, very rude",Yes,"Yes, very rude","Yes, very rude","Yes, somewhat rude","Yes, very rude","Yes, very rude","Yes, very rude",No,No,Female,29,12000,Bachelor degree,Mountain
3431893642,Once a month or less,Always,68,Yes,Whoever puts their arm on the arm rest first,Whoever puts their arm on the arm rest first,Everyone in the row should have some say,"No, not rude at all","No, not at all rude",Three times,"No, the person on the flight has no obligation to the person behind them","No, not rude at all",No,"No, not at all rude","No, not at all rude","No, not at all rude","Yes, somewhat rude","No, not at all rude","Yes, somewhat rude",No,No,Male,30,150000,Some college or Associate degree,Pacific
3431894372,A few times per month,Once in a while,68,Yes,Whoever puts their arm on the arm rest first,Whoever puts their arm on the arm rest first,Everyone in the row should have some say,"Yes, somewhat rude","Yes, somewhat rude",It is not okay to get up during flight,"Yes, they should not recline their chair if the person behind them asks them not to","Yes, somewhat rude",No,"No, not at all rude","No, not at all rude","Yes, somewhat rude","Yes, very rude","Yes, very rude","Yes, very rude",No,No,Male,23,150000,Bachelor degree,Middle Atlantic
3431895941,Once a year or less,Always,69,Yes,The arm rests should be shared,The arm rests should be shared,The person in the window seat should have exclusive control,"No, not rude at all","No, not at all rude",It is not okay to get up during flight,"No, the person on the flight has no obligation to the person behind them","No, not rude at all",Yes,"No, not at all rude","No, not at all rude","No, not at all rude","Yes, very rude","No, not at all rude","Yes, somewhat rude",No,No,Male,50,35000,Some college or Associate degree,Pacific
3431896498,Once a year or less,Once in a while,65,No,Other (please specify),Whoever puts their arm on the arm rest first,The person in the window seat should have exclusive control,"No, not rude at all","No, not at all rude",Twice,"Yes, they should not recline their chair if the person behind them asks them not to","Yes, somewhat rude",No,"No, not at all rude","No, not at all rude","Yes, somewhat rude","Yes, very rude","Yes, very rude","Yes, very rude",No,No,Female,22,32000,Some college or Associate degree,Pacific
3431897367,Once a year or less,Once in a while,68,No,The arm rests should be shared,The arm rests should be shared,Everyone in the row should have some say,"No, not rude at all","No, not at all rude",Three times,"No, the person on the flight has no obligation to the person behind them","Yes, somewhat rude",Yes,"No, not at all rude","No, not at all rude","No, not at all rude","Yes, somewhat rude","No, not at all rude","Yes, somewhat rude",No,No,Male,69,51000,Graduate degree,Middle Atlantic
3431904312,Never,"","","","","","","","","","","","","","","","","","","","",Female,75,"",Some college or Associate degree,New England
3431906335,Never,"","","","","","","","","","","","","","","","","","","","",Female,24,59000,Bachelor degree,West North Central
3431907216,Once a year or less,Once in a while,71,No,Whoever puts their arm on the arm rest first,Whoever puts their arm on the arm rest first,The person in the window seat should have exclusive control,"No, not rude at all","No, not at all rude",Three times,"Yes, they should not recline their chair if the person behind them asks them not to","Yes, very rude",Yes,"No, not at all rude","No, not at all rude","No, not at all rude","Yes, somewhat rude","Yes, very rude","Yes, very rude",Yes,No,Male,57,150000,Graduate degree,Pacific
3431912532,Once a year or less,Once in a while,70,No,The arm rests should be shared,Whoever puts their arm on the arm rest first,Everyone in the row should have some say,"No, not rude at all","No, not at all rude",Three times,"No, the person on the flight has no obligation to the person behind them","Yes, somewhat rude",Yes,"No, not at all rude","No, not at all rude","Yes, somewhat rude","Yes, very rude","No, not at all rude","Yes, somewhat rude",No,No,Male,56,109000,Graduate degree,Mountain
3431921466,Once a year or less,About half the time,64,Yes,Whoever puts their arm on the arm rest first,Whoever puts their arm on the arm rest first,Everyone in the row should have some say,"No, not rude at all","No, not at all rude",More than five times times,"Yes, they should not recline their chair if the person behind them asks them not to","No, not rude at all",No,"No, not at all rude","No, not at all rude","No, not at all rude","Yes, somewhat rude","No, not at all rude","Yes, somewhat rude",No,No,Male,37,14000,Some college or Associate degree,New England
3431932411,Once a month or less,Always,68,No,The arm rests should be shared,The arm rests should be shared,The person in the window seat should have exclusive control,"No, not rude at all","No, not at all rude",Three times,"No, the person on the flight has no obligation to the person behind them","No, not rude at all",No,"No, not at all rude","No, not at all rude","No, not at all rude","No, not at all rude","No, not at all rude","Yes, somewhat rude",No,No,Female,44,114000,Graduate degree,South Atlantic
3431936351,Once a year or less,Never,64,No,The arm rests should be shared,The arm rests should be shared,The person in the window seat should have exclusive control,"No, not rude at all","No, not at all rude",Twice,"Yes, they should not recline their chair if the person behind them asks them not to","Yes, very rude",Yes,"Yes, very rude","Yes, somewhat rude","No, not at all rude","Yes, somewhat rude","No, not at all rude","No, not at all rude",No,No,Female,31,96000,Some college or Associate degree,Pacific
3431936484,Once a year or less,Usually,73,No,Other (please specify),The arm rests should be shared,The person in the window seat should have exclusive control,"No, not rude at all","No, not at all rude",Twice,"Yes, they should not recline their chair if the person behind them asks them not to","No, not rude at all",No,"No, not at all rude","No, not at all rude","Yes, somewhat rude","Yes, very rude","Yes, somewhat rude","Yes, very rude",Yes,No,Male,32,97000,Bachelor degree,New England
3431949818,Once a year or less,Always,68,No,The arm rests should be shared,The arm rests should be shared,The person in the window seat should have exclusive control,"No, not rude at all","No, not at all rude",Four times,"No, the person on the flight has no obligation to the person behind them","No, not rude at all",No,"No, not at all rude","No, not at all rude","No, not at all rude","No, not at all rude","No, not at all rude","Yes, somewhat rude",No,No,Female,34,150000,Graduate degree,Pacific
3431951668,Once a month or less,Always,66,No,The arm rests should be shared,The arm rests should be shared,The person in the window seat should have exclusive control,"No, not rude at all","No, not at all rude",Four times,"No, the person on the flight has no obligation to the person behind them","Yes, somewhat rude",No,"Yes, somewhat rude","Yes, somewhat rude","No, not at all rude","No, not at all rude","No, not at all rude","Yes, somewhat rude",Yes,No,Female,24,150000,Bachelor degree,Pacific
3431953153,Once a month or less,Always,72,Yes,The arm rests should be shared,The arm rests should be shared,Everyone in the row should have some say,"No, not rude at all","No, not at all rude",Twice,"Yes, they should not recline their chair if the person behind them asks them not to","No, not rude at all",No,"No, not at all rude","No, not at all rude","Yes, somewhat rude","Yes, very rude","No, not at all rude","Yes, very rude",No,No,Female,47,57000,Some college or Associate degree,West South Central
3431971431,Once a year or less,Once in a while,62,No,The arm rests should be shared,The arm rests should be shared,The person in the window seat should have exclusive control,"No, not rude at all","No, not at all rude",Twice,"No, the person on the flight has no obligation to the person behind them","Yes, somewhat rude",No,"Yes, somewhat rude","No, not at all rude","Yes, very rude","Yes, very rude","Yes, somewhat rude","Yes, somewhat rude",No,No,Male,21,70000,Bachelor degree,West South Central
3431974147,Once a year or less,Usually,61,Yes,The person in the middle seat gets both arm rests,Whoever puts their arm on the arm rest first,The person in the window seat should have exclusive control,"No, not rude at all","Yes, somewhat rude",Twice,"Yes, they should not recline their chair if the person behind them asks them not to","No, not rude at all",No,"Yes, somewhat rude","Yes, somewhat rude","Yes, somewhat rude","Yes, somewhat rude","No, not at all rude","No, not at all rude",No,No,Female,39,79000,Some college or Associate degree,Pacific
3431975254,Once a year or less,Once in a while,64,No,The person in the middle seat gets both arm rests,The arm rests should be shared,Everyone in the row should have some say,"Yes, somewhat rude","Yes, somewhat rude",Once,"Yes, they should not recline their chair if the person behind them asks them not to","Yes, somewhat rude",No,"Yes, somewhat rude","No, not at all rude","Yes, somewhat rude","Yes, somewhat rude","No, not at all rude","No, not at all rude",No,No,Female,67,92000,Graduate degree,East North Central
3431985765,Once a month or less,Once in a while,67,No,The arm rests should be shared,The arm rests should be shared,The person in the window seat should have exclusive control,"No, not rude at all","Yes, somewhat rude",Three times,"No, the person on the flight has no obligation to the person behind them","Yes, somewhat rude",No,"No, not at all rude","No, not at all rude","Yes, somewhat rude","Yes, very rude","No, not at all rude","No, not at all rude",No,No,Female,24,75000,High school degree,Pacific
3431987978,Once a year or less,Never,64,Yes,The arm rests should be shared,The arm rests should be shared,Everyone in the row should have some say,"No, not rude at all","No, not at all rude",Three times,"Yes, they should not recline their chair if the person behind them asks them not to","Yes, somewhat rude",Yes,"No, not at all rude","No, not at all rude","Yes, somewhat rude","Yes, somewhat rude","Yes, somewhat rude","Yes, somewhat rude",No,No,Female,23,37000,Some college or Associate degree,Pacific
3431991453,Never,"","","","","","","","","","","","","","","","","","","","",Female,21,"",High school degree,East North Central
3431998894,Once a year or less,Never,67,No,The arm rests should be shared,The arm rests should be shared,Everyone in the row should have some say,"No, not rude at all","No, not at all rude",Four times,"Yes, they should not recline their chair if the person behind them asks them not to","Yes, somewhat rude",No,"No, not at all rude","No, not at all rude","Yes, somewhat rude","Yes, somewhat rude","No, not at all rude","Yes, very rude",No,No,Male,67,"",Graduate degree,East North Central
3432000900,Once a year or less,Once in a while,64,No,The arm rests should be shared,The arm rests should be shared,Everyone in the row should have some say,"No, not rude at all","No, not at all rude",Twice,"Yes, they should not recline their chair if the person behind them asks them not to","No, not rude at all",No,"No, not at all rude","No, not at all rude","No, not at all rude","Yes, very rude","Yes, somewhat rude","Yes, very rude",Yes,No,Female,21,"",Some college or Associate degree,Pacific
3432002937,Never,"","","","","","","","","","","","","","","","","","","","",Male,53,150000,Graduate degree,South Atlantic
3432019714,Once a year or less,Never,65,No,The arm rests should be shared,The arm rests should be shared,The person in the window seat should have exclusive control,"No, not rude at all","No, not at all rude",Three times,"Yes, they should not recline their chair if the person behind them asks them not to","No, not rude at all",No,"No, not at all rude","No, not at all rude","No, not at all rude","Yes, somewhat rude","No, not at all rude","Yes, somewhat rude",No,No,Female,57,39000,High school degree,East South Central
3432026203,Once a year or less,Once in a while,72,Yes,The arm rests should be shared,The arm rests should be shared,Everyone in the row should have some say,"No, not rude at all","No, not at all rude",Three times,"No, the person on the flight has no obligation to the person behind them","Yes, somewhat rude",No,"No, not at all rude","No, not at all rude","No, not at all rude","No, not at all rude","No, not at all rude","Yes, somewhat rude",Yes,No,Male,41,63000,Bachelor degree,West South Central
3432042001,Once a month or less,Usually,66,No,The person in the middle seat gets both arm rests,Whoever puts their arm on the arm rest first,Everyone in the row should have some say,"No, not rude at all","No, not at all rude",Twice,"Yes, they should not recline their chair if the person behind them asks them not to","Yes, somewhat rude",No,"No, not at all rude","No, not at all rude","No, not at all rude","Yes, somewhat rude","Yes, somewhat rude","Yes, very rude",Yes,No,Female,21,76000,High school degree,Mountain
3432042471,Once a month or less,Never,64,"",The arm rests should be shared,The arm rests should be shared,Everyone in the row should have some say,"No, not rude at all","No, not at all rude",Three times,"Yes, they should not recline their chair if the person behind them asks them not to","No, not rude at all",Yes,"No, not at all rude","No, not at all rude","No, not at all rude","Yes, somewhat rude","No, not at all rude","No, not at all rude",No,No,Female,34,14000,Some college or Associate degree,South Atlantic
3432045984,Once a year or less,About half the time,69,No,The arm rests should be shared,The arm rests should be shared,Everyone in the row should have some say,"No, not rude at all","Yes, somewhat rude",Four times,"No, the person on the flight has no obligation to the person behind them","No, not rude at all",No,"No, not at all rude","No, not at all rude","No, not at all rude","Yes, very rude","No, not at all rude","Yes, very rude",No,No,Male,19,40000,Graduate degree,Pacific
3432049127,Never,"","","","","","","","","","","","","","","","","","","","",Female,29,48000,Some college or Associate degree,South Atlantic
3432050868,Once a year or less,About half the time,62,No,The arm rests should be shared,The arm rests should be shared,Everyone in the row should have some say,"No, not rude at all","Yes, somewhat rude",More than five times times,"No, the person on the flight has no obligation to the person behind them","No, not rude at all",No,"Yes, somewhat rude","Yes, somewhat rude","No, not at all rude","No, not at all rude","No, not at all rude","Yes, very rude",No,No,Female,79,35000,Some college or Associate degree,Mountain
3432055722,Once a year or less,Never,74,No,The arm rests should be shared,The person by the window,The person in the window seat should have exclusive control,"No, not rude at all","No, not at all rude",Three times,"Yes, they should not recline their chair if the person behind them asks them not to","Yes, somewhat rude",Yes,"No, not at all rude","No, not at all rude","No, not at all rude","Yes, somewhat rude","Yes, somewhat rude","Yes, very rude",No,No,Male,60,"",Bachelor degree,Middle Atlantic
3432059918,Never,"","","","","","","","","","","","","","","","","","","","",Male,58,133000,Some college or Associate degree,East North Central
3432062843,Once a month or less,Once in a while,66,No,The arm rests should be shared,Other (please specify),The person in the window seat should have exclusive control,"Yes, somewhat rude","No, not at all rude",Once,"No, the person on the flight has no obligation to the person behind them","No, not rude at all",No,"No, not at all rude","No, not at all rude","No, not at all rude","No, not at all rude","No, not at all rude","Yes, very rude",No,No,Female,57,52000,Some college or Associate degree,West South Central
3432063041,Once a year or less,About half the time,63,No,Other (please specify),Other (please specify),Everyone in the row should have some say,"No, not rude at all","No, not at all rude",Twice,"Yes, they should not recline their chair if the person behind them asks them not to","No, not rude at all",No,"Yes, somewhat rude","Yes, somewhat rude","No, not at all rude","No, not at all rude","No, not at all rude","Yes, somewhat rude",No,No,Male,75,83000,Graduate degree,East North Central
3432067639,A few times per month,Never,70,No,Other (please specify),Other (please specify),The person in the window seat should have exclusive control,"Yes, very rude","No, not at all rude",It is not okay to get up during flight,"No, the person on the flight has no obligation to the person behind them","Yes, somewhat rude",Yes,"Yes, somewhat rude","Yes, somewhat rude","Yes, very rude","Yes, very rude","Yes, very rude","Yes, very rude",No,No,Male,33,138000,Bachelor degree,South Atlantic
3432074152,Once a month or less,Always,62,No,The arm rests should be shared,The arm rests should be shared,The person in the window seat should have exclusive control,"No, not rude at all","Yes, somewhat rude",Twice,"No, the person on the flight has no obligation to the person behind them","No, not rude at all",No,"Yes, somewhat rude","No, not at all rude","No, not at all rude","Yes, somewhat rude","No, not at all rude","No, not at all rude",No,No,Female,18,51000,Graduate degree,Middle Atlantic
3432076181,A few times per month,Never,69,No,The arm rests should be shared,The arm rests should be shared,The person in the window seat should have exclusive control,"No, not rude at all","No, not at all rude",Twice,"Yes, they should not recline their chair if the person behind them asks them not to","Yes, very rude",No,"No, not at all rude","No, not at all rude","Yes, somewhat rude","Yes, very rude","Yes, somewhat rude","Yes, somewhat rude",Yes,No,Female,29,82000,Some college or Associate degree,New England
3432076946,Once a year or less,Usually,60,No,The arm rests should be shared,The arm rests should be shared,Everyone in the row should have some say,"Yes, somewhat rude","Yes, somewhat rude",Three times,"No, the person on the flight has no obligation to the person behind them","No, not rude at all",Yes,"No, not at all rude","No, not at all rude","No, not at all rude","Yes, very rude","No, not at all rude","Yes, somewhat rude",No,No,Female,19,54000,High school degree,Middle Atlantic
3432077793,Once a year or less,Never,74,No,The arm rests should be shared,The arm rests should be shared,Everyone in the row should have some say,"No, not rude at all","No, not at all rude",Three times,"Yes, they should not recline their chair if the person behind them asks them not to","Yes, very rude",No,"No, not at all rude","No, not at all rude","Yes, somewhat rude","Yes, somewhat rude","No, not at all rude","Yes, somewhat rude",No,No,Female,19,121000,Graduate degree,Pacific
3432079098,Once a month or less,Never,71,No,The arm rests should be shared,The arm rests should be shared,Everyone in the row should have some say,"No, not rude at all","No, not at all rude",Four times,"Yes, they should not recline their chair if the person behind them asks them not to","Yes, somewhat rude",No,"Yes, somewhat rude","No, not at all rude","No, not at all rude","Yes, somewhat rude","No, not at all rude","Yes, somewhat rude",No,No,Male,49,150000,Graduate degree,East North Central
3432086587,Once a year or less,Once in a while,62,Yes,The arm rests should be shared,The arm rests should be shared,Everyone in the row should have some say,"Yes, somewhat rude","Yes, somewhat rude",Three times,"Yes, they should not recline their chair if the person behind them asks them not to","Yes, somewhat rude",Yes,"No, not at all rude","No, not at all rude","Yes, somewhat rude","Yes, very rude","No, not at all rude","Yes, somewhat rude",No,No,Female,27,99000,Bachelor degree,East North Central
3432092158,Once a year or less,Usually,70,Yes,Whoever puts their arm on the arm rest first,Whoever puts their arm on the arm rest first,The person in the window seat should have exclusive control,"No, not rude at all","No, not at all rude",More than five times times,"No, the person on the flight has no obligation to the person behind them","No, not rude at all",No,"Yes, somewhat rude","Yes, somewhat rude","No, not at all rude","Yes, somewhat rude","No, not at all rude","Yes, somewhat rude",No,No,Male,31,137000,Graduate degree,New England
3432093428,Once a year or less,Usually,72,No,The arm rests should be shared,Other (please specify),The person in the window seat should have exclusive control,"Yes, somewhat rude","Yes, somewhat rude",Four times,"Yes, they should not recline their chair if the person behind them asks them not to","No, not rude at all",No,"Yes, somewhat rude","No, not at all rude","No, not at all rude","Yes, somewhat rude","No, not at all rude","Yes, somewhat rude",Yes,No,Male,18,12000,Some college or Associate degree,Mountain
3432094936,Once a year or less,Once in a while,62,No,The arm rests should be shared,The arm rests should be shared,Everyone in the row should have some say,"No, not rude at all","No, not at all rude",It is not okay to get up during flight,"Yes, they should not recline their chair if the person behind them asks them not to","Yes, somewhat rude",Yes,"No, not at all rude","No, not at all rude","Yes, somewhat rude","Yes, somewhat rude","Yes, somewhat rude","Yes, very rude",No,No,Female,65,"",Bachelor degree,New England
3432095255,Once a year or less,Always,67,No,The arm rests should be shared,The arm rests should be shared,Everyone in the row should have some say,"No, not rude at all","No, not at all rude",Twice,"Yes, they should not recline their chair if the person behind them asks them not to","No, not rude at all",Yes,"No, not at all rude","No, not at all rude","No, not at all rude","Yes, somewhat rude","No, not at all rude","Yes, somewhat rude",No,No,Male,58,78000,Some college or Associate degree,Middle Atlantic
3432099779,Never,"","","","","","","","","","","","","","","","","","","","",Male,31,"",Some college or Associate degree,East South Central
3432101827,Never,"","","","","","","","","","","","","","","","","","","","",Female,31,25000,High school degree,New England
3432102440,Once a year or less,Once in a while,64,No,The arm rests should be shared,The arm rests should be shared,The person in the window seat should have exclusive control,"No, not rude at all","No, not at all rude",Twice,"Yes, they should not recline their chair if the person behind them asks them not to","No, not rude at all",Yes,"No, not at all rude","No, not at all rude","No, not at all rude","Yes, somewhat rude","No, not at all rude","Yes, somewhat rude",Yes,No,Female,18,"",Bachelor degree,South Atlantic
3432107773,Once a year or less,Once in a while,64,Yes,The people in the aisle and window seats get both arm rests,The arm rests should be shared,Everyone in the row should have some say,"No, not rude at all","No, not at all rude",Twice,"Yes, they should not recline their chair if the person behind them asks them not to","Yes, somewhat rude",Yes,"No, not at all rude","No, not at all rude","Yes, somewhat rude","Yes, somewhat rude","No, not at all rude","Yes, very rude",No,No,Female,39,76000,Graduate degree,West North Central
3432108702,Once a year or less,Once in a while,70,Yes,The person in the middle seat gets both arm rests,The arm rests should be shared,Everyone in the row should have some say,"No, not rude at all","No, not at all rude",Twice,"No, the person on the flight has no obligation to the person behind them","No, not rude at all",No,"No, not at all rude","No, not at all rude","No, not at all rude","No, not at all rude","No, not at all rude","No, not at all rude",Yes,No,Male,52,124000,Bachelor degree,East North Central
3432109525,Once a month or less,Usually,68,No,The person in the middle seat gets both arm rests,The arm rests should be shared,The person in the window seat should have exclusive control,"No, not rude at all","No, not at all rude",Four times,"Yes, they should not recline their chair if the person behind them asks them not to","No, not rude at all",No,"No, not at all rude","No, not at all rude","No, not at all rude","No, not at all rude","No, not at all rude","Yes, somewhat rude",No,No,Female,55,145000,Some college or Associate degree,New England
3432112271,Once a year or less,Once in a while,74,No,The arm rests should be shared,The arm rests should be shared,The person in the window seat should have exclusive control,"No, not rude at all","No, not at all rude",Three times,"No, the person on the flight has no obligation to the person behind them","No, not rude at all",No,"No, not at all rude","No, not at all rude","Yes, somewhat rude","Yes, somewhat rude","No, not at all rude","Yes, very rude",Yes,No,Male,53,108000,Some college or Associate degree,Middle Atlantic
3432112874,Once a year or less,About half the time,63,No,The arm rests should be shared,Whoever puts their arm on the arm rest first,The person in the window seat should have exclusive control,"No, not rude at all","No, not at all rude",Once,"Yes, they should not recline their chair if the person behind them asks them not to","No, not rude at all",No,"No, not at all rude","No, not at all rude","Yes, somewhat rude","Yes, somewhat rude","No, not at all rude","No, not at all rude",No,No,Female,19,150000,Bachelor degree,New England
3432115440,Once a year or less,Usually,64,Yes,The arm rests should be shared,Whoever puts their arm on the arm rest first,The person in the window seat should have exclusive control,"No, not rude at all","No, not at all rude",Once,"No, the person on the flight has no obligation to the person behind them","No, not rude at all",No,"No, not at all rude","No, not at all rude","Yes, very rude","Yes, very rude","No, not at all rude","No, not at all rude",No,No,Female,42,"",Bachelor degree,East North Central
3432116227,Once a year or less,Once in a while,68,Yes,The arm rests should be shared,The arm rests should be shared,Everyone in the row should have some say,"No, not rude at all","No, not at all rude",Three times,"Yes, they should not recline their chair if the person behind them asks them not to","Yes, somewhat rude",Yes,"Yes, somewhat rude","No, not at all rude","No, not at all rude","No, not at all rude","Yes, somewhat rude","Yes, somewhat rude",No,No,Female,40,"",Bachelor degree,East North Central
3432118237,Once a year or less,Once in a while,67,No,The arm rests should be shared,The arm rests should be shared,The person in the window seat should have exclusive control,"Yes, somewhat rude","No, not at all rude",Twice,"No, the person on the flight has no obligation to the person behind them","No, not rude at all",No,"Yes, somewhat rude","Yes, somewhat rude","Yes, somewhat rude","Yes, somewhat rude","Yes, somewhat rude","Yes, very rude",No,No,Female,59,"",Bachelor degree,New England
3432118621,Once a year or less,Once in a while,72,Yes,The arm rests should be shared,The person by the window,Everyone in the row should have some say,"No, not rude at all","No, not at all rude",Three times,"No, the person on the flight has no obligation to the person behind them","No, not rude at all",No,"No, not at all rude","No, not at all rude","No, not at all rude","No, not at all rude","No, not at all rude","No, not at all rude",No,No,Male,57,74000,Bachelor degree,East North Central
3432120329,Once a year or less,Usually,60,Yes,The arm rests should be shared,The arm rests should be shared,Everyone in the row should have some say,"No, not rude at all","No, not at all rude",Four times,"No, the person on the flight has no obligation to the person behind them","No, not rude at all",No,"Yes, somewhat rude","No, not at all rude","No, not at all rude","No, not at all rude","No, not at all rude","Yes, somewhat rude",No,No,Female,60,98000,Some college or Associate degree,New England
3432120431,Once a year or less,Usually,64,No,The arm rests should be shared,The arm rests should be shared,The person in the window seat should have exclusive control,"No, not rude at all","Yes, somewhat rude",Once,"No, the person on the flight has no obligation to the person behind them","No, not rude at all",No,"No, not at all rude","No, not at all rude","No, not at all rude","Yes, very rude","Yes, very rude","Yes, very rude",No,No,Female,59,55000,Graduate degree,Middle Atlantic
3432120794,Once a year or less,Once in a while,69,No,The arm rests should be shared,The arm rests should be shared,Everyone in the row should have some say,"No, not rude at all","No, not at all rude",Three times,"Yes, they should not recline their chair if the person behind them asks them not to","No, not rude at all",Yes,"No, not at all rude","No, not at all rude","No, not at all rude","Yes, somewhat rude","No, not at all rude","Yes, very rude",No,No,Male,78,112000,Some college or Associate degree,South Atlantic
3432121736,Once a month or less,Once in a while,68,No,The arm rests should be shared,The arm rests should be shared,The person in the window seat should have exclusive control,"No, not rude at all","No, not at all rude",More than five times times,"Yes, they should not recline their chair if the person behind them asks them not to","No, not rude at all",No,"No, not at all rude","No, not at all rude","Yes, somewhat rude","Yes, somewhat rude","No, not at all rude","Yes, very rude",No,No,Female,22,120000,Bachelor degree,South Atlantic
3432130915,A few times per month,Once in a while,67,No,Whoever puts their arm on the arm rest first,The arm rests should be shared,The person in the window seat should have exclusive control,"No, not rude at all","No, not at all rude",Four times,"Yes, they should not recline their chair if the person behind them asks them not to","Yes, somewhat rude",Yes,"No, not at all rude","No, not at all rude","No, not at all rude","Yes, somewhat rude","No, not at all rude","Yes, very rude",No,No,Female,78,85000,Graduate degree,South Atlantic
3432131854,Once a year or less,Usually,66,No,The arm rests should be shared,The arm rests should be shared,Everyone in the row should have some say,"No, not rude at all","No, not at all rude",Three times,"No, the person on the flight has no obligation to the person behind them","No, not rude at all",No,"No, not at all rude","No, not at all rude","Yes, somewhat rude","No, not at all rude","No, not at all rude","No, not at all rude",No,No,Female,44,47000,Bachelor degree,South Atlantic
3432133469,Once a year or less,Never,61,No,The arm rests should be shared,The arm rests should be shared,Everyone in the row should have some say,"No, not rude at all","No, not at all rude",Twice,"Yes, they should not recline their chair if the person behind them asks them not to","Yes, somewhat rude",No,"No, not at all rude","No, not at all rude","No, not at all rude","No, not at all rude","No, not at all rude","No, not at all rude",No,No,Female,60,150000,Graduate degree,East North Central
3432137466,Once a month or less,About half the time,68,"","","","","","","","","","","","","","","","","","","","","","",""
3432141356,Once a year or less,Usually,68,No,Whoever puts their arm on the arm rest first,The person in aisle,The person in the window seat should have exclusive control,"Yes, somewhat rude","Yes, somewhat rude",Four times,"No, the person on the flight has no obligation to the person behind them","Yes, somewhat rude",Yes,"Yes, somewhat rude","Yes, somewhat rude","Yes, somewhat rude","Yes, somewhat rude","Yes, somewhat rude","No, not at all rude",Yes,No,Male,60,33000,Graduate degree,South Atlantic
3432142382,Once a month or less,About half the time,66,No,The arm rests should be shared,The arm rests should be shared,Everyone in the row should have some say,"Yes, somewhat rude","No, not at all rude",Twice,"No, the person on the flight has no obligation to the person behind them","No, not rude at all",No,"Yes, somewhat rude","Yes, somewhat rude","Yes, somewhat rude","Yes, somewhat rude","Yes, somewhat rude","Yes, very rude",No,No,Male,36,51000,Bachelor degree,West South Central
3432144315,Once a year or less,Never,64,Yes,The arm rests should be shared,The arm rests should be shared,Everyone in the row should have some say,"No, not rude at all","No, not at all rude",Twice,"Yes, they should not recline their chair if the person behind them asks them not to","Yes, very rude",Yes,"No, not at all rude","No, not at all rude","No, not at all rude","Yes, somewhat rude","No, not at all rude","Yes, somewhat rude",No,No,Female,55,37000,High school degree,East North Central
3432144332,Once a year or less,Always,65,Yes,The arm rests should be shared,The arm rests should be shared,The person in the window seat should have exclusive control,"No, not rude at all","No, not at all rude",Three times,"No, the person on the flight has no obligation to the person behind them","No, not rude at all",No,"No, not at all rude","No, not at all rude","Yes, somewhat rude","Yes, somewhat rude","No, not at all rude","No, not at all rude",No,No,Female,58,"",Bachelor degree,East North Central
3432147692,Once a month or less,Once in a while,72,No,Whoever puts their arm on the arm rest first,The arm rests should be shared,Everyone in the row should have some say,"No, not rude at all","No, not at all rude",Three times,"Yes, they should not recline their chair if the person behind them asks them not to","No, not rude at all",No,"No, not at all rude","No, not at all rude","No, not at all rude","Yes, somewhat rude","No, not at all rude","Yes, somewhat rude",No,No,Male,51,150000,Graduate degree,Pacific
3432148736,Once a year or less,Once in a while,75,No,The arm rests should be shared,The arm rests should be shared,Everyone in the row should have some say,"No, not rude at all","No, not at all rude",Twice,"Yes, they should not recline their chair if the person behind them asks them not to","No, not rude at all",No,"No, not at all rude","No, not at all rude","No, not at all rude","Yes, somewhat rude","No, not at all rude","No, not at all rude",No,No,Male,47,107000,Graduate degree,West North Central
3432152404,Never,"","","","","","","","","","","","","","","","","","","","",Female,67,78000,Some college or Associate degree,South Atlantic
3432152520,Once a year or less,Once in a while,69,No,The arm rests should be shared,The person by the window,The person in the window seat should have exclusive control,"No, not rude at all","No, not at all rude",Three times,"No, the person on the flight has no obligation to the person behind them","Yes, somewhat rude",No,"No, not at all rude","No, not at all rude","Yes, somewhat rude","Yes, somewhat rude","No, not at all rude","Yes, very rude",No,No,Male,34,"",High school degree,West South Central
3432157976,Once a year or less,Always,71,No,The person in the middle seat gets both arm rests,The person in aisle,The person in the window seat should have exclusive control,"No, not rude at all","No, not at all rude",Twice,"Yes, they should not recline their chair if the person behind them asks them not to","No, not rude at all",Yes,"Yes, somewhat rude","No, not at all rude","No, not at all rude","Yes, somewhat rude","Yes, somewhat rude","Yes, very rude",No,No,Male,55,110000,Bachelor degree,Middle Atlantic
3432160108,Once a year or less,About half the time,65,No,The arm rests should be shared,The arm rests should be shared,Everyone in the row should have some say,"No, not rude at all","Yes, very rude",Twice,"Yes, they should not recline their chair if the person behind them asks them not to","Yes, somewhat rude",No,"Yes, somewhat rude","Yes, somewhat rude","No, not at all rude","Yes, somewhat rude","Yes, very rude","Yes, very rude",No,No,Female,50,"",Some college or Associate degree,West South Central
3432163496,Once a year or less,Once in a while,69,Yes,The arm rests should be shared,The arm rests should be shared,Everyone in the row should have some say,"Yes, somewhat rude","No, not at all rude",Once,"No, the person on the flight has no obligation to the person behind them","No, not rude at all",No,"Yes, somewhat rude","Yes, somewhat rude","No, not at all rude","Yes, somewhat rude","Yes, somewhat rude","Yes, very rude",No,No,Female,34,74000,Some college or Associate degree,West South Central
3432167201,Once a year or less,Usually,69,No,The arm rests should be shared,The arm rests should be shared,The person in the window seat should have exclusive control,"No, not rude at all","No, not at all rude",Four times,"No, the person on the flight has no obligation to the person behind them","No, not rude at all",No,"No, not at all rude","No, not at all rude","No, not at all rude","Yes, somewhat rude","No, not at all rude","No, not at all rude",No,No,Male,39,88000,Graduate degree,Pacific
3432169093,Never,"","","","","","","","","","","","","","","","","","","","",Female,74,"",Bachelor degree,East South Central
3432169273,Once a year or less,Usually,72,Yes,The arm rests should be shared,The arm rests should be shared,Everyone in the row should have some say,"Yes, somewhat rude","No, not at all rude",Four times,"No, the person on the flight has no obligation to the person behind them","No, not rude at all",No,"Yes, very rude","Yes, very rude","No, not at all rude","Yes, somewhat rude","No, not at all rude","Yes, somewhat rude",No,No,Male,47,74000,Some college or Associate degree,Middle Atlantic
3432171106,Once a year or less,Never,66,No,The arm rests should be shared,The arm rests should be shared,Everyone in the row should have some say,"Yes, somewhat rude","No, not at all rude",Three times,"Yes, they should not recline their chair if the person behind them asks them not to","Yes, very rude",No,"No, not at all rude","No, not at all rude","No, not at all rude","No, not at all rude","Yes, very rude","Yes, very rude",No,No,Male,58,119000,Graduate degree,South Atlantic
3432173072,Once a year or less,Never,64,No,The arm rests should be shared,The arm rests should be shared,Everyone in the row should have some say,"Yes, somewhat rude","No, not at all rude",Four times,"Yes, they should not recline their chair if the person behind them asks them not to","Yes, somewhat rude",Yes,"No, not at all rude","No, not at all rude","Yes, somewhat rude","Yes, somewhat rude","No, not at all rude","Yes, somewhat rude",No,No,Female,65,29000,Some college or Associate degree,Middle Atlantic
3432173421,Once a year or less,Always,68,No,Whoever puts their arm on the arm rest first,Whoever puts their arm on the arm rest first,The person in the window seat should have exclusive control,"No, not rude at all","No, not at all rude",Three times,"Yes, they should not recline their chair if the person behind them asks them not to","Yes, somewhat rude",No,"No, not at all rude","No, not at all rude","No, not at all rude","No, not at all rude","No, not at all rude","Yes, somewhat rude",No,No,Male,55,31000,High school degree,East North Central
3432178805,Never,"","","","","","","","","","","","","","","","","","","","",Female,60,77000,Graduate degree,Middle Atlantic
3432182171,Once a year or less,Never,66,No,The arm rests should be shared,The arm rests should be shared,The person in the window seat should have exclusive control,"No, not rude at all","Yes, very rude",Twice,"Yes, they should not recline their chair if the person behind them asks them not to","Yes, somewhat rude",Yes,"No, not at all rude","No, not at all rude","Yes, somewhat rude","Yes, very rude","Yes, very rude","Yes, very rude",Yes,No,Female,25,"",Some college or Associate degree,Middle Atlantic
3432182699,Once a year or less,Never,62,No,The arm rests should be shared,The arm rests should be shared,The person in the window seat should have exclusive control,"Yes, somewhat rude","Yes, somewhat rude",More than five times times,"Yes, they should not recline their chair if the person behind them asks them not to","Yes, somewhat rude",Yes,"Yes, somewhat rude","Yes, somewhat rude","No, not at all rude","Yes, somewhat rude","No, not at all rude","Yes, somewhat rude",No,No,Female,22,143000,Some college or Associate degree,South Atlantic
3432183076,Once a month or less,Usually,62,No,The person in the middle seat gets both arm rests,The arm rests should be shared,The person in the window seat should have exclusive control,"No, not rude at all","Yes, somewhat rude",Twice,"No, the person on the flight has no obligation to the person behind them","No, not rude at all",Yes,"Yes, somewhat rude","Yes, somewhat rude","No, not at all rude","Yes, somewhat rude","No, not at all rude","Yes, somewhat rude",Yes,No,Female,78,133000,Bachelor degree,Mountain
3432186436,Once a year or less,Never,70,Yes,The arm rests should be shared,The arm rests should be shared,The person in the window seat should have exclusive control,"No, not rude at all","No, not at all rude",Once,"No, the person on the flight has no obligation to the person behind them","No, not rude at all",No,"No, not at all rude","No, not at all rude","Yes, somewhat rude","Yes, very rude","No, not at all rude","No, not at all rude",No,No,Male,52,97000,Some college or Associate degree,Middle Atlantic
3432189783,Once a year or less,Once in a while,68,No,The arm rests should be shared,The arm rests should be shared,The person in the window seat should have exclusive control,"No, not rude at all","Yes, somewhat rude",Three times,"Yes, they should not recline their chair if the person behind them asks them not to","Yes, somewhat rude",Yes,"No, not at all rude","No, not at all rude","Yes, somewhat rude","Yes, somewhat rude","No, not at all rude","Yes, somewhat rude",No,No,Female,50,130000,Some college or Associate degree,New England
3432193153,Once a year or less,Usually,64,No,The arm rests should be shared,Whoever puts their arm on the arm rest first,Everyone in the row should have some say,"Yes, somewhat rude","No, not at all rude",Once,"No, the person on the flight has no obligation to the person behind them","No, not rude at all",Yes,"No, not at all rude","No, not at all rude","No, not at all rude","No, not at all rude","No, not at all rude","Yes, somewhat rude",No,No,Female,62,107000,Some college or Associate degree,Pacific
3432198063,Once a year or less,Never,65,No,The arm rests should be shared,The arm rests should be shared,The person in the window seat should have exclusive control,"No, not rude at all","No, not at all rude",Once,"Yes, they should not recline their chair if the person behind them asks them not to","Yes, very rude",Yes,"Yes, somewhat rude","Yes, somewhat rude","Yes, somewhat rude","Yes, somewhat rude","No, not at all rude","Yes, somewhat rude",No,No,Female,73,75000,Graduate degree,South Atlantic
3432198356,Once a year or less,Always,72,No,The arm rests should be shared,The arm rests should be shared,The person in the window seat should have exclusive control,"No, not rude at all","No, not at all rude",Three times,"No, the person on the flight has no obligation to the person behind them","No, not rude at all",No,"No, not at all rude","No, not at all rude","No, not at all rude","No, not at all rude","No, not at all rude","Yes, very rude",No,No,Male,77,52000,Some college or Associate degree,West South Central
3432200655,Once a year or less,About half the time,64,No,The arm rests should be shared,The arm rests should be shared,Everyone in the row should have some say,"No, not rude at all","No, not at all rude",Three times,"No, the person on the flight has no obligation to the person behind them","No, not rude at all",No,"No, not at all rude","No, not at all rude","No, not at all rude","Yes, somewhat rude","No, not at all rude","No, not at all rude",No,No,Female,69,"",Some college or Associate degree,South Atlantic
3432201007,Once a year or less,Once in a while,72,No,The arm rests should be shared,The arm rests should be shared,Everyone in the row should have some say,"No, not rude at all","Yes, very rude",Twice,"No, the person on the flight has no obligation to the person behind them","No, not rude at all",No,"No, not at all rude","No, not at all rude","No, not at all rude","No, not at all rude","Yes, somewhat rude","Yes, very rude",No,No,Male,63,94000,Graduate degree,New England
3432201943,Once a year or less,Usually,70,Yes,The arm rests should be shared,The arm rests should be shared,Everyone in the row should have some say,"Yes, somewhat rude","No, not at all rude",Four times,"No, the person on the flight has no obligation to the person behind them","No, not rude at all",No,"No, not at all rude","No, not at all rude","Yes, somewhat rude","Yes, somewhat rude","No, not at all rude","Yes, somewhat rude",No,No,Male,43,40000,Bachelor degree,East South Central
3432204296,Once a year or less,Always,71,Yes,The arm rests should be shared,The arm rests should be shared,Everyone in the row should have some say,"No, not rude at all","No, not at all rude",Four times,"Yes, they should not recline their chair if the person behind them asks them not to","No, not rude at all",No,"No, not at all rude","No, not at all rude","No, not at all rude","Yes, somewhat rude","No, not at all rude","Yes, somewhat rude",No,No,Male,43,65000,Some college or Associate degree,East North Central
3432206254,Once a year or less,Never,68,Yes,The arm rests should be shared,The arm rests should be shared,The person in the window seat should have exclusive control,"No, not rude at all","Yes, somewhat rude",Twice,"Yes, they should not recline their chair if the person behind them asks them not to","Yes, very rude",Yes,"No, not at all rude","No, not at all rude","No, not at all rude","Yes, somewhat rude","Yes, somewhat rude","Yes, somewhat rude",No,No,Female,49,67000,Graduate degree,East North Central
3432207045,Once a month or less,Once in a while,69,No,The arm rests should be shared,The arm rests should be shared,Everyone in the row should have some say,"No, not rude at all","No, not at all rude",Once,"Yes, they should not recline their chair if the person behind them asks them not to","No, not rude at all",No,"No, not at all rude","No, not at all rude","Yes, somewhat rude","Yes, somewhat rude","No, not at all rude","Yes, somewhat rude",Yes,No,Female,18,83000,Bachelor degree,Middle Atlantic
3432207463,A few times per month,Usually,74,No,The person in the middle seat gets both arm rests,The person by the window,The person in the window seat should have exclusive control,"No, not rude at all","Yes, somewhat rude",Three times,"No, the person on the flight has no obligation to the person behind them","No, not rude at all",No,"No, not at all rude","No, not at all rude","No, not at all rude","Yes, somewhat rude","No, not at all rude","No, not at all rude",Yes,No,Male,47,150000,Graduate degree,East North Central
3432210766,Once a year or less,Usually,62,No,The arm rests should be shared,Whoever puts their arm on the arm rest first,Everyone in the row should have some say,"No, not rude at all","No, not at all rude",Three times,"No, the person on the flight has no obligation to the person behind them","No, not rude at all",No,"No, not at all rude","No, not at all rude","No, not at all rude","No, not at all rude","No, not at all rude","Yes, very rude",No,No,Female,57,16000,Some college or Associate degree,""
3432211812,Once a year or less,Once in a while,67,Yes,The arm rests should be shared,The arm rests should be shared,Everyone in the row should have some say,"No, not rude at all","Yes, somewhat rude",Three times,"Yes, they should not recline their chair if the person behind them asks them not to","Yes, somewhat rude",No,"Yes, very rude","Yes, somewhat rude","Yes, very rude","Yes, very rude","No, not at all rude","Yes, very rude",No,No,Male,27,"",Bachelor degree,South Atlantic
3432214956,Once a year or less,Never,63,No,The arm rests should be shared,The arm rests should be shared,The person in the window seat should have exclusive control,"No, not rude at all","No, not at all rude",Once,"Yes, they should not recline their chair if the person behind them asks them not to","Yes, very rude",Yes,"No, not at all rude","No, not at all rude","Yes, somewhat rude","Yes, somewhat rude","No, not at all rude","Yes, somewhat rude",No,No,Female,72,93000,Some college or Associate degree,East South Central
3432216979,Once a year or less,Usually,66,No,Whoever puts their arm on the arm rest first,Whoever puts their arm on the arm rest first,Everyone in the row should have some say,"Yes, somewhat rude","No, not at all rude",Three times,"Yes, they should not recline their chair if the person behind them asks them not to","Yes, very rude",Yes,"Yes, somewhat rude","Yes, somewhat rude","No, not at all rude","No, not at all rude","Yes, somewhat rude","Yes, very rude",No,No,Female,65,132000,Graduate degree,Pacific
3432216980,Once a year or less,"","","","","","","","","","","","","","","","","","","","","","","","",""
3432218963,Once a year or less,Never,63,No,The person in the middle seat gets both arm rests,Whoever puts their arm on the arm rest first,The person in the window seat should have exclusive control,"No, not rude at all","No, not at all rude",Twice,"Yes, they should not recline their chair if the person behind them asks them not to","Yes, very rude",Yes,"Yes, very rude","Yes, very rude","No, not at all rude","Yes, somewhat rude","No, not at all rude","Yes, somewhat rude",No,No,Female,62,"",Graduate degree,East North Central
3432224244,Once a month or less,Once in a while,68,Yes,The arm rests should be shared,The arm rests should be shared,The person in the window seat should have exclusive control,"No, not rude at all","No, not at all rude",Twice,"Yes, they should not recline their chair if the person behind them asks them not to","Yes, somewhat rude",No,"No, not at all rude","No, not at all rude","Yes, somewhat rude","Yes, very rude","No, not at all rude","Yes, very rude",No,No,Female,52,150000,Graduate degree,South Atlantic
3432224529,Once a year or less,Once in a while,65,No,The person in the middle seat gets both arm rests,Whoever puts their arm on the arm rest first,The person in the window seat should have exclusive control,"Yes, somewhat rude","No, not at all rude",Twice,"No, the person on the flight has no obligation to the person behind them","No, not rude at all",No,"Yes, very rude","Yes, somewhat rude","Yes, somewhat rude","Yes, very rude","No, not at all rude","Yes, somewhat rude",No,No,Female,74,49000,High school degree,Middle Atlantic
3432225948,Once a year or less,Once in a while,62,Yes,The arm rests should be shared,The arm rests should be shared,Everyone in the row should have some say,"No, not rude at all","No, not at all rude",More than five times times,"Yes, they should not recline their chair if the person behind them asks them not to","No, not rude at all",No,"No, not at all rude","No, not at all rude","No, not at all rude","No, not at all rude","No, not at all rude","Yes, somewhat rude",No,No,Female,51,"",Bachelor degree,Middle Atlantic
3432229570,Once a month or less,About half the time,68,No,The arm rests should be shared,The arm rests should be shared,Everyone in the row should have some say,"No, not rude at all","No, not at all rude",Four times,"No, the person on the flight has no obligation to the person behind them","Yes, somewhat rude",Yes,"Yes, somewhat rude","Yes, somewhat rude","Yes, somewhat rude","Yes, somewhat rude","No, not at all rude","Yes, very rude",No,No,Male,69,55000,Graduate degree,South Atlantic
3432230286,Never,"","","","","","","","","","","","","","","","","","","","",Female,20,"",Some college or Associate degree,Middle Atlantic
3432231010,Once a month or less,About half the time,67,No,The arm rests should be shared,Whoever puts their arm on the arm rest first,Everyone in the row should have some say,"Yes, very rude","Yes, somewhat rude",Twice,"Yes, they should not recline their chair if the person behind them asks them not to","No, not rude at all",No,"No, not at all rude","No, not at all rude","Yes, somewhat rude","Yes, very rude","Yes, somewhat rude","Yes, very rude",No,No,Female,30,67000,Some college or Associate degree,Mountain
3432231525,Once a month or less,Once in a while,64,Yes,The arm rests should be shared,The arm rests should be shared,Everyone in the row should have some say,"No, not rude at all","No, not at all rude",Three times,"Yes, they should not recline their chair if the person behind them asks them not to","Yes, somewhat rude",No,"No, not at all rude","No, not at all rude","No, not at all rude","No, not at all rude","No, not at all rude","Yes, very rude",No,No,Female,52,134000,Graduate degree,South Atlantic
3432231680,Once a year or less,Never,67,No,The arm rests should be shared,The arm rests should be shared,The person in the window seat should have exclusive control,"No, not rude at all","No, not at all rude",Twice,"Yes, they should not recline their chair if the person behind them asks them not to","Yes, somewhat rude",Yes,"No, not at all rude","No, not at all rude","Yes, somewhat rude","Yes, very rude","No, not at all rude","Yes, very rude",No,No,Female,28,4000,Bachelor degree,East South Central
3432233039,Once a year or less,Usually,75,Yes,The arm rests should be shared,The arm rests should be shared,The person in the window seat should have exclusive control,"No, not rude at all","No, not at all rude",More than five times times,"No, the person on the flight has no obligation to the person behind them","Yes, somewhat rude",No,"No, not at all rude","No, not at all rude","No, not at all rude","No, not at all rude","Yes, somewhat rude","Yes, somewhat rude",No,No,Male,35,150000,Bachelor degree,East North Central
3432234640,Never,"","","","","","","","","","","","","","","","","","","","",Female,37,"",Bachelor degree,Middle Atlantic
3432234750,Once a year or less,Usually,73,No,Other (please specify),Other (please specify),Everyone in the row should have some say,"No, not rude at all","No, not at all rude",Three times,"Yes, they should not recline their chair if the person behind them asks them not to","No, not rude at all",No,"No, not at all rude","No, not at all rude","No, not at all rude","No, not at all rude","Yes, somewhat rude","Yes, very rude",No,No,Male,42,44000,Graduate degree,East South Central
3432235696,Never,"","","","","","","","","","","","","","","","","","","","",Male,57,87000,Bachelor degree,Middle Atlantic
3432242535,Once a year or less,Never,65,No,The arm rests should be shared,The arm rests should be shared,Everyone in the row should have some say,"No, not rude at all","No, not at all rude",Twice,"Yes, they should not recline their chair if the person behind them asks them not to","Yes, somewhat rude",Yes,"Yes, somewhat rude","No, not at all rude","Yes, somewhat rude","Yes, very rude","No, not at all rude","Yes, very rude",No,No,Female,22,115000,Bachelor degree,East North Central
3432245461,Once a year or less,Once in a while,62,No,The arm rests should be shared,The arm rests should be shared,Everyone in the row should have some say,"Yes, somewhat rude","No, not at all rude",Three times,"Yes, they should not recline their chair if the person behind them asks them not to","No, not rude at all",No,"No, not at all rude","No, not at all rude","No, not at all rude","Yes, somewhat rude","No, not at all rude","Yes, somewhat rude",No,No,Female,56,"",Some college or Associate degree,South Atlantic
3432246483,Once a year or less,Usually,62,No,The people in the aisle and window seats get both arm rests,The arm rests should be shared,Everyone in the row should have some say,"No, not rude at all","Yes, somewhat rude",Twice,"No, the person on the flight has no obligation to the person behind them","No, not rude at all",No,"No, not at all rude","No, not at all rude","No, not at all rude","Yes, very rude","No, not at all rude","Yes, very rude",Yes,No,Female,41,150000,Bachelor degree,Middle Atlantic
3432248497,Once a year or less,Usually,69,Yes,The arm rests should be shared,The arm rests should be shared,Everyone in the row should have some say,"No, not rude at all","No, not at all rude",Four times,"Yes, they should not recline their chair if the person behind them asks them not to","No, not rude at all",Yes,"Yes, somewhat rude","No, not at all rude","No, not at all rude","No, not at all rude","No, not at all rude","Yes, somewhat rude",No,No,Male,55,122000,Bachelor degree,East North Central
3432248891,Never,"","","","","","","","","","","","","","","","","","","","",Female,49,"",Graduate degree,Middle Atlantic
3432250494,Once a month or less,Once in a while,63,No,The arm rests should be shared,The arm rests should be shared,The person in the window seat should have exclusive control,"No, not rude at all","No, not at all rude",Twice,"Yes, they should not recline their chair if the person behind them asks them not to","Yes, somewhat rude",No,"No, not at all rude","No, not at all rude","No, not at all rude","No, not at all rude","No, not at all rude","Yes, somewhat rude",No,No,Female,28,68000,Bachelor degree,Middle Atlantic
3432252295,Once a year or less,Once in a while,69,No,The arm rests should be shared,The arm rests should be shared,Everyone in the row should have some say,"No, not rude at all","No, not at all rude",Four times,"Yes, they should not recline their chair if the person behind them asks them not to","No, not rude at all",No,"No, not at all rude","No, not at all rude","No, not at all rude","Yes, somewhat rude","No, not at all rude","Yes, somewhat rude",No,No,Male,45,150000,Bachelor degree,Middle Atlantic
3432257634,Never,"","","","","","","","","","","","","","","","","","","","",Male,67,16000,Some college or Associate degree,East South Central
3432257707,Once a year or less,Never,62,No,The person in the middle seat gets both arm rests,Whoever puts their arm on the arm rest first,The person in the window seat should have exclusive control,"No, not rude at all","No, not at all rude",Twice,"Yes, they should not recline their chair if the person behind them asks them not to","Yes, somewhat rude",No,"Yes, very rude","Yes, somewhat rude","No, not at all rude","Yes, very rude","No, not at all rude","Yes, somewhat rude",No,No,Female,77,"",Some college or Associate degree,New England
3432264655,Once a year or less,Always,63,No,The arm rests should be shared,The arm rests should be shared,Everyone in the row should have some say,"No, not rude at all","No, not at all rude",Three times,"Yes, they should not recline their chair if the person behind them asks them not to","No, not rude at all",No,"No, not at all rude","No, not at all rude","Yes, somewhat rude","Yes, somewhat rude","No, not at all rude","Yes, somewhat rude",No,No,Female,55,47000,Bachelor degree,Middle Atlantic
3432264778,Once a year or less,Always,72,No,The person in the middle seat gets both arm rests,The arm rests should be shared,Everyone in the row should have some say,"No, not rude at all","No, not at all rude",Four times,"No, the person on the flight has no obligation to the person behind them","No, not rude at all",No,"No, not at all rude","No, not at all rude","No, not at all rude","Yes, very rude","Yes, very rude","Yes, very rude",No,No,Male,67,"",Graduate degree,Middle Atlantic
3432265208,Once a year or less,Usually,70,No,The arm rests should be shared,The arm rests should be shared,The person in the window seat should have exclusive control,"No, not rude at all","No, not at all rude",Three times,"Yes, they should not recline their chair if the person behind them asks them not to","Yes, somewhat rude",Yes,"Yes, somewhat rude","Yes, somewhat rude","Yes, somewhat rude","Yes, very rude","Yes, somewhat rude","Yes, very rude",Yes,No,Male,38,41000,Some college or Associate degree,West South Central
3432266376,Once a month or less,Never,67,No,The arm rests should be shared,The person by the window,Everyone in the row should have some say,"No, not rude at all","No, not at all rude",Twice,"Yes, they should not recline their chair if the person behind them asks them not to","Yes, very rude",Yes,"Yes, somewhat rude","Yes, somewhat rude","No, not at all rude","Yes, very rude","Yes, somewhat rude","Yes, very rude",No,No,Female,68,"",Graduate degree,West South Central
3432266480,Once a year or less,Always,65,Yes,Whoever puts their arm on the arm rest first,Whoever puts their arm on the arm rest first,The person in the window seat should have exclusive control,"No, not rude at all","No, not at all rude",Three times,"Yes, they should not recline their chair if the person behind them asks them not to","No, not rude at all",No,"No, not at all rude","No, not at all rude","No, not at all rude","No, not at all rude","No, not at all rude","No, not at all rude",No,No,Male,34,129000,Bachelor degree,Middle Atlantic
3432268300,Once a year or less,About half the time,68,Yes,The arm rests should be shared,The arm rests should be shared,Everyone in the row should have some say,"No, not rude at all","No, not at all rude",More than five times times,"Yes, they should not recline their chair if the person behind them asks them not to","No, not rude at all",No,"No, not at all rude","No, not at all rude","Yes, somewhat rude","Yes, somewhat rude","Yes, somewhat rude","Yes, very rude",No,No,Female,45,132000,Some college or Associate degree,New England
3432269407,Never,"","","","","","","","","","","","","","","","","","","","",Male,27,"",High school degree,Mountain
3432269705,Once a month or less,Usually,66,Yes,The arm rests should be shared,The arm rests should be shared,Everyone in the row should have some say,"No, not rude at all","No, not at all rude",Twice,"No, the person on the flight has no obligation to the person behind them","No, not rude at all",No,"Yes, somewhat rude","Yes, somewhat rude","Yes, somewhat rude","Yes, very rude","Yes, somewhat rude","Yes, somewhat rude",No,No,Male,30,150000,Graduate degree,Pacific
3432270754,Once a month or less,Never,73,No,The arm rests should be shared,The arm rests should be shared,Everyone in the row should have some say,"No, not rude at all","Yes, somewhat rude",Four times,"Yes, they should not recline their chair if the person behind them asks them not to","Yes, very rude",Yes,"No, not at all rude","No, not at all rude","No, not at all rude","Yes, somewhat rude","No, not at all rude","Yes, somewhat rude",No,No,Female,63,102000,Graduate degree,South Atlantic
3432275100,Once a month or less,About half the time,72,Yes,The person in the middle seat gets both arm rests,The arm rests should be shared,Everyone in the row should have some say,"No, not rude at all","No, not at all rude",Three times,"Yes, they should not recline their chair if the person behind them asks them not to","Yes, somewhat rude",Yes,"No, not at all rude","No, not at all rude","Yes, somewhat rude","Yes, somewhat rude","No, not at all rude","Yes, somewhat rude",No,No,Male,44,105000,Bachelor degree,West South Central
3432275513,Once a month or less,Once in a while,69,No,Whoever puts their arm on the arm rest first,Whoever puts their arm on the arm rest first,The person in the window seat should have exclusive control,"No, not rude at all","No, not at all rude",More than five times times,"No, the person on the flight has no obligation to the person behind them","Yes, somewhat rude",No,"No, not at all rude","No, not at all rude","No, not at all rude","Yes, somewhat rude","Yes, somewhat rude","Yes, very rude",Yes,No,Female,21,33000,Bachelor degree,South Atlantic
3432279494,Once a month or less,Usually,64,Yes,The person in the middle seat gets both arm rests,Whoever puts their arm on the arm rest first,Everyone in the row should have some say,"Yes, somewhat rude","Yes, somewhat rude",Three times,"No, the person on the flight has no obligation to the person behind them","No, not rude at all",No,"No, not at all rude","No, not at all rude","Yes, somewhat rude","Yes, somewhat rude","No, not at all rude","No, not at all rude",No,No,Female,41,"",Graduate degree,East North Central
3432281180,Once a year or less,Once in a while,67,Yes,The arm rests should be shared,The arm rests should be shared,Everyone in the row should have some say,"Yes, somewhat rude","No, not at all rude",Twice,"No, the person on the flight has no obligation to the person behind them","No, not rude at all",No,"No, not at all rude","No, not at all rude","Yes, somewhat rude","Yes, very rude","No, not at all rude","Yes, very rude",No,No,Male,32,95000,Bachelor degree,South Atlantic
3432283462,Never,"","","","","","","","","","","","","","","","","","","","",Female,39,35000,Bachelor degree,West North Central
3432284587,Once a month or less,Always,76,No,The people in the aisle and window seats get both arm rests,The person in aisle,The person in the window seat should have exclusive control,"Yes, somewhat rude","Yes, somewhat rude",Once,"Yes, they should not recline their chair if the person behind them asks them not to","Yes, very rude",Yes,"Yes, somewhat rude","Yes, very rude","Yes, somewhat rude","Yes, somewhat rude","Yes, somewhat rude","Yes, somewhat rude",Yes,Yes,Male,26,43000,Bachelor degree,Middle Atlantic
3432284769,Once a year or less,Once in a while,67,No,The arm rests should be shared,The arm rests should be shared,Everyone in the row should have some say,"No, not rude at all","No, not at all rude",Three times,"Yes, they should not recline their chair if the person behind them asks them not to","Yes, very rude",Yes,"Yes, somewhat rude","No, not at all rude","Yes, somewhat rude","Yes, very rude","Yes, somewhat rude","Yes, somewhat rude",No,No,Female,26,34000,Bachelor degree,East North Central
3432285323,A few times per month,Never,63,No,The arm rests should be shared,Other (please specify),Everyone in the row should have some say,"No, not rude at all","No, not at all rude",More than five times times,"Yes, they should not recline their chair if the person behind them asks them not to","Yes, very rude",Yes,"No, not at all rude","No, not at all rude","No, not at all rude","No, not at all rude","No, not at all rude","No, not at all rude",Yes,No,Male,28,65000,Bachelor degree,New England
3432287277,Once a year or less,Never,66,Yes,The arm rests should be shared,The arm rests should be shared,Everyone in the row should have some say,"No, not rude at all","No, not at all rude",Twice,"Yes, they should not recline their chair if the person behind them asks them not to","No, not rude at all",No,"No, not at all rude","No, not at all rude","No, not at all rude","Yes, somewhat rude","No, not at all rude","Yes, somewhat rude",No,No,Female,56,29000,High school degree,East North Central
3432288635,Once a year or less,Once in a while,70,No,The arm rests should be shared,The arm rests should be shared,The person in the window seat should have exclusive control,"No, not rude at all","Yes, very rude",Twice,"No, the person on the flight has no obligation to the person behind them","Yes, somewhat rude",No,"No, not at all rude","No, not at all rude","Yes, somewhat rude","Yes, very rude","Yes, very rude","Yes, very rude",Yes,No,Male,44,36000,Bachelor degree,Middle Atlantic
3432289618,Never,"","","","","","","","","","","","","","","","","","","","",Female,47,36000,High school degree,South Atlantic
3432290120,Once a year or less,Once in a while,70,No,The arm rests should be shared,The arm rests should be shared,Everyone in the row should have some say,"No, not rude at all","No, not at all rude",Three times,"Yes, they should not recline their chair if the person behind them asks them not to","Yes, somewhat rude",No,"No, not at all rude","No, not at all rude","No, not at all rude","No, not at all rude","No, not at all rude","Yes, somewhat rude",No,No,Female,20,131000,High school degree,South Atlantic
3432290352,Once a month or less,Always,68,No,The arm rests should be shared,The arm rests should be shared,Everyone in the row should have some say,"No, not rude at all","No, not at all rude",Three times,"No, the person on the flight has no obligation to the person behind them","No, not rude at all",No,"No, not at all rude","No, not at all rude","No, not at all rude","No, not at all rude","No, not at all rude","Yes, somewhat rude",No,No,Male,58,101000,Bachelor degree,Pacific
3432293441,Once a month or less,About half the time,64,No,The arm rests should be shared,The arm rests should be shared,The person in the window seat should have exclusive control,"No, not rude at all","No, not at all rude",Twice,"No, the person on the flight has no obligation to the person behind them","No, not rude at all",No,"Yes, very rude","Yes, very rude","Yes, somewhat rude","Yes, somewhat rude","Yes, very rude","Yes, very rude",No,No,Female,64,35000,Graduate degree,West North Central
3432293549,Once a month or less,Once in a while,65,No,The person in the middle seat gets both arm rests,Whoever puts their arm on the arm rest first,Everyone in the row should have some say,"No, not rude at all","No, not at all rude",Three times,"No, the person on the flight has no obligation to the person behind them","No, not rude at all",Yes,"No, not at all rude","No, not at all rude","No, not at all rude","No, not at all rude","No, not at all rude","Yes, somewhat rude",No,No,Male,51,54000,Some college or Associate degree,Middle Atlantic
3432294376,Once a year or less,Usually,73,No,The arm rests should be shared,The person in aisle,The person in the window seat should have exclusive control,"No, not rude at all","Yes, somewhat rude",Four times,"No, the person on the flight has no obligation to the person behind them","No, not rude at all",No,"No, not at all rude","No, not at all rude","No, not at all rude","Yes, somewhat rude","Yes, very rude","Yes, very rude",No,No,Male,77,38000,Some college or Associate degree,East North Central
3432298537,A few times per month,Always,66,No,The arm rests should be shared,The arm rests should be shared,Everyone in the row should have some say,"No, not rude at all","Yes, somewhat rude",Twice,"Yes, they should not recline their chair if the person behind them asks them not to","No, not rude at all",No,"No, not at all rude","No, not at all rude","Yes, somewhat rude","Yes, somewhat rude","Yes, somewhat rude","Yes, very rude",Yes,No,Male,45,149000,Some college or Associate degree,South Atlantic
3432298945,Once a year or less,Once in a while,63,No,The person in the middle seat gets both arm rests,The person in aisle,Everyone in the row should have some say,"No, not rude at all","No, not at all rude",Three times,"Yes, they should not recline their chair if the person behind them asks them not to","Yes, somewhat rude",No,"No, not at all rude","No, not at all rude","Yes, somewhat rude","Yes, somewhat rude","No, not at all rude","Yes, very rude",No,No,Female,23,"",Bachelor degree,Middle Atlantic
3432299458,Once a year or less,Usually,66,Yes,The arm rests should be shared,The arm rests should be shared,The person in the window seat should have exclusive control,"No, not rude at all","No, not at all rude",Three times,"Yes, they should not recline their chair if the person behind them asks them not to","No, not rude at all",No,"Yes, somewhat rude","Yes, somewhat rude","Yes, somewhat rude","Yes, very rude","No, not at all rude","Yes, somewhat rude",No,No,Female,35,38000,Some college or Associate degree,New England
3432300680,Once a year or less,Once in a while,65,Yes,Whoever puts their arm on the arm rest first,Whoever puts their arm on the arm rest first,Everyone in the row should have some say,"No, not rude at all","No, not at all rude",Three times,"No, the person on the flight has no obligation to the person behind them","No, not rude at all",No,"No, not at all rude","No, not at all rude","No, not at all rude","Yes, somewhat rude","No, not at all rude","Yes, somewhat rude",No,No,Female,60,61000,High school degree,South Atlantic
3432300719,Once a year or less,Once in a while,66,No,The arm rests should be shared,Whoever puts their arm on the arm rest first,Everyone in the row should have some say,"No, not rude at all","No, not at all rude",Three times,"Yes, they should not recline their chair if the person behind them asks them not to","No, not rude at all",No,"No, not at all rude","No, not at all rude","No, not at all rude","Yes, somewhat rude","No, not at all rude","Yes, somewhat rude",No,No,Female,23,58000,Some college or Associate degree,East North Central
3432302009,Once a month or less,Never,75,No,The arm rests should be shared,The arm rests should be shared,Everyone in the row should have some say,"No, not rude at all","No, not at all rude",Once,"Yes, they should not recline their chair if the person behind them asks them not to","Yes, somewhat rude",Yes,"No, not at all rude","No, not at all rude","Yes, somewhat rude","No, not at all rude","No, not at all rude","Yes, somewhat rude",No,No,Male,46,150000,Bachelor degree,West South Central
3432302232,Once a year or less,Never,65,No,The arm rests should be shared,The person by the window,Everyone in the row should have some say,"No, not rude at all","No, not at all rude",Three times,"Yes, they should not recline their chair if the person behind them asks them not to","Yes, somewhat rude",Yes,"No, not at all rude","No, not at all rude","No, not at all rude","No, not at all rude","No, not at all rude","No, not at all rude",No,No,Female,21,40000,Some college or Associate degree,West North Central
3432304276,Once a year or less,Once in a while,70,No,The arm rests should be shared,The person in aisle,The person in the window seat should have exclusive control,"Yes, somewhat rude","Yes, somewhat rude",Twice,"Yes, they should not recline their chair if the person behind them asks them not to","Yes, somewhat rude",Yes,"Yes, somewhat rude","No, not at all rude","No, not at all rude","Yes, somewhat rude","Yes, very rude","Yes, very rude",Yes,No,Female,22,19000,Bachelor degree,Mountain
3432308015,Never,"","","","","","","","","","","","","","","","","","","","",Male,25,24000,Bachelor degree,West North Central
3432309841,Once a year or less,Usually,64,No,Whoever puts their arm on the arm rest first,Whoever puts their arm on the arm rest first,The person in the window seat should have exclusive control,"No, not rude at all","No, not at all rude",Twice,"Yes, they should not recline their chair if the person behind them asks them not to","Yes, very rude",Yes,"Yes, very rude","Yes, very rude","Yes, very rude","Yes, somewhat rude","Yes, somewhat rude","Yes, very rude",No,No,Female,53,74000,Bachelor degree,South Atlantic
3432310432,Once a year or less,Always,66,Yes,The arm rests should be shared,The arm rests should be shared,Everyone in the row should have some say,"No, not rude at all","No, not at all rude",Three times,"No, the person on the flight has no obligation to the person behind them","No, not rude at all",No,"No, not at all rude","No, not at all rude","No, not at all rude","No, not at all rude","No, not at all rude","Yes, very rude",No,No,Female,60,"",Graduate degree,West North Central
3432311009,Once a month or less,Never,67,Yes,Whoever puts their arm on the arm rest first,Whoever puts their arm on the arm rest first,Everyone in the row should have some say,"No, not rude at all","No, not at all rude",Twice,"No, the person on the flight has no obligation to the person behind them","No, not rude at all",No,"No, not at all rude","No, not at all rude","No, not at all rude","No, not at all rude","No, not at all rude","No, not at all rude",No,No,Male,54,150000,Bachelor degree,Middle Atlantic
3432311036,Once a year or less,Never,62,No,The arm rests should be shared,The arm rests should be shared,Everyone in the row should have some say,"No, not rude at all","Yes, very rude",Three times,"Yes, they should not recline their chair if the person behind them asks them not to","Yes, very rude",Yes,"Yes, somewhat rude","No, not at all rude","Yes, somewhat rude","Yes, somewhat rude","Yes, somewhat rude","No, not at all rude",No,No,Female,60,93000,Graduate degree,Middle Atlantic
3432312743,Once a year or less,Once in a while,62,No,The arm rests should be shared,The arm rests should be shared,The person in the window seat should have exclusive control,"Yes, somewhat rude","Yes, somewhat rude",Twice,"Yes, they should not recline their chair if the person behind them asks them not to","Yes, somewhat rude",No,"No, not at all rude","No, not at all rude","No, not at all rude","Yes, somewhat rude","No, not at all rude","Yes, very rude",No,No,Female,63,48000,Bachelor degree,South Atlantic
3432313795,Once a year or less,Once in a while,62,No,The arm rests should be shared,The arm rests should be shared,Everyone in the row should have some say,"No, not rude at all","No, not at all rude",Twice,"Yes, they should not recline their chair if the person behind them asks them not to","Yes, somewhat rude",Yes,"No, not at all rude","No, not at all rude","No, not at all rude","Yes, somewhat rude","Yes, somewhat rude","Yes, very rude",No,No,Female,25,15000,Bachelor degree,South Atlantic
3432315866,Never,"","","","","","","","","","","","","","","","","","","","",Female,18,60000,Bachelor degree,Middle Atlantic
3432316933,Once a year or less,Never,66,Yes,Whoever puts their arm on the arm rest first,Whoever puts their arm on the arm rest first,The person in the window seat should have exclusive control,"No, not rude at all","No, not at all rude",Three times,"Yes, they should not recline their chair if the person behind them asks them not to","Yes, somewhat rude",Yes,"Yes, somewhat rude","Yes, somewhat rude","No, not at all rude","Yes, somewhat rude","No, not at all rude","No, not at all rude",No,No,Female,37,91000,Bachelor degree,West North Central
3432320859,Once a year or less,Usually,63,Yes,The arm rests should be shared,The arm rests should be shared,The person in the window seat should have exclusive control,"No, not rude at all","No, not at all rude",Three times,"No, the person on the flight has no obligation to the person behind them","No, not rude at all",No,"No, not at all rude","No, not at all rude","No, not at all rude","No, not at all rude","No, not at all rude","Yes, somewhat rude",No,No,Female,43,"",Bachelor degree,West North Central
3432321128,Once a year or less,Never,69,No,The arm rests should be shared,The person in aisle,Everyone in the row should have some say,"Yes, very rude","Yes, somewhat rude",Twice,"Yes, they should not recline their chair if the person behind them asks them not to","Yes, very rude",Yes,"Yes, somewhat rude","Yes, somewhat rude","Yes, somewhat rude","Yes, very rude","Yes, very rude","Yes, very rude",No,No,Male,32,"",Some college or Associate degree,South Atlantic
3432324589,Never,"","","","","","","","","","","","","","","","","","","","",Female,20,"",Less than high school degree,East North Central
3432325983,Never,"","","","","","","","","","","","","","","","","","","","",Female,35,24000,High school degree,South Atlantic
3432327041,Once a month or less,About half the time,60,No,The person in the middle seat gets both arm rests,The arm rests should be shared,The person in the window seat should have exclusive control,"No, not rude at all","No, not at all rude",Twice,"No, the person on the flight has no obligation to the person behind them","No, not rude at all",No,"No, not at all rude","No, not at all rude","Yes, somewhat rude","Yes, somewhat rude","Yes, very rude","Yes, very rude",No,No,Female,38,66000,Bachelor degree,New England
3432329841,Once a month or less,About half the time,60,No,The arm rests should be shared,The arm rests should be shared,The person in the window seat should have exclusive control,"No, not rude at all","Yes, somewhat rude",Twice,"Yes, they should not recline their chair if the person behind them asks them not to","No, not rude at all",No,"No, not at all rude","No, not at all rude","No, not at all rude","Yes, somewhat rude","No, not at all rude","Yes, somewhat rude",No,No,Female,36,53000,Graduate degree,East North Central
3432331776,Once a year or less,About half the time,60,No,Whoever puts their arm on the arm rest first,Whoever puts their arm on the arm rest first,Everyone in the row should have some say,"No, not rude at all","No, not at all rude",Twice,"Yes, they should not recline their chair if the person behind them asks them not to","No, not rude at all",Yes,"No, not at all rude","No, not at all rude","No, not at all rude","Yes, very rude","Yes, somewhat rude","Yes, somewhat rude",No,No,Female,70,150000,Graduate degree,Middle Atlantic
3432332409,Once a year or less,Always,62,No,The arm rests should be shared,The arm rests should be shared,The person in the window seat should have exclusive control,"No, not rude at all","No, not at all rude",Four times,"No, the person on the flight has no obligation to the person behind them","No, not rude at all",No,"No, not at all rude","No, not at all rude","No, not at all rude","No, not at all rude","No, not at all rude","Yes, somewhat rude",No,No,Female,70,81000,Bachelor degree,South Atlantic
3432332848,Once a year or less,Usually,75,No,Whoever puts their arm on the arm rest first,Whoever puts their arm on the arm rest first,Everyone in the row should have some say,"No, not rude at all","Yes, somewhat rude",Twice,"No, the person on the flight has no obligation to the person behind them","No, not rude at all",No,"No, not at all rude","No, not at all rude","No, not at all rude","No, not at all rude","No, not at all rude","Yes, very rude",No,No,Male,64,"",Some college or Associate degree,South Atlantic
3432333274,Once a year or less,Always,68,No,The arm rests should be shared,The arm rests should be shared,The person in the window seat should have exclusive control,"No, not rude at all","No, not at all rude",Twice,"No, the person on the flight has no obligation to the person behind them","No, not rude at all",No,"Yes, somewhat rude","Yes, somewhat rude","No, not at all rude","Yes, very rude","No, not at all rude","Yes, very rude",No,No,Female,70,124000,Graduate degree,West South Central
3432333484,Once a month or less,Never,76,No,The person in the middle seat gets both arm rests,The arm rests should be shared,The person in the window seat should have exclusive control,"Yes, somewhat rude","No, not at all rude",Twice,"No, the person on the flight has no obligation to the person behind them","Yes, somewhat rude",Yes,"No, not at all rude","No, not at all rude","Yes, somewhat rude","Yes, very rude","No, not at all rude","Yes, somewhat rude",No,No,Male,23,45000,Some college or Associate degree,East North Central
3432335270,Once a month or less,Never,70,No,The person in the middle seat gets both arm rests,Other (please specify),The person in the window seat should have exclusive control,"No, not rude at all","Yes, somewhat rude",Three times,"Yes, they should not recline their chair if the person behind them asks them not to","Yes, somewhat rude",No,"No, not at all rude","No, not at all rude","Yes, somewhat rude","Yes, very rude","No, not at all rude","No, not at all rude",No,No,Male,24,47000,Bachelor degree,West North Central
3432341030,Once a year or less,"","","","","","","","","","","","","","","","","","","","","","","","",""
3432341455,Once a year or less,Once in a while,64,No,The arm rests should be shared,The arm rests should be shared,Everyone in the row should have some say,"No, not rude at all","Yes, somewhat rude",Twice,"Yes, they should not recline their chair if the person behind them asks them not to","Yes, somewhat rude",Yes,"No, not at all rude","No, not at all rude","No, not at all rude","No, not at all rude","No, not at all rude","Yes, very rude",No,No,Female,66,124000,Bachelor degree,Middle Atlantic
3432341473,Once a month or less,About half the time,66,Yes,The arm rests should be shared,The arm rests should be shared,The person in the window seat should have exclusive control,"No, not rude at all","No, not at all rude",Twice,"Yes, they should not recline their chair if the person behind them asks them not to","No, not rude at all",No,"Yes, somewhat rude","No, not at all rude","No, not at all rude","Yes, somewhat rude","No, not at all rude","Yes, somewhat rude",No,No,Female,30,"",Bachelor degree,East North Central
3432343720,Once a year or less,Once in a while,69,No,The arm rests should be shared,The arm rests should be shared,Everyone in the row should have some say,"No, not rude at all","No, not at all rude",Three times,"Yes, they should not recline their chair if the person behind them asks them not to","Yes, somewhat rude",Yes,"No, not at all rude","No, not at all rude","No, not at all rude","No, not at all rude","No, not at all rude","Yes, very rude",No,No,Male,74,28000,Some college or Associate degree,East South Central
3432343914,Once a year or less,Never,75,No,The person in the middle seat gets both arm rests,The arm rests should be shared,Everyone in the row should have some say,"Yes, somewhat rude","Yes, somewhat rude",Twice,"Yes, they should not recline their chair if the person behind them asks them not to","Yes, somewhat rude",Yes,"Yes, very rude","Yes, somewhat rude","No, not at all rude","Yes, somewhat rude","No, not at all rude","Yes, very rude",No,No,Male,73,110000,Bachelor degree,West South Central
3432348742,Never,"","","","","","","","","","","","","","","","","","","","",Female,29,100000,Some college or Associate degree,South Atlantic
3432358454,Once a month or less,Once in a while,70,No,Other (please specify),Other (please specify),The person in the window seat should have exclusive control,"No, not rude at all","No, not at all rude",Four times,"Yes, they should not recline their chair if the person behind them asks them not to","Yes, somewhat rude",No,"No, not at all rude","No, not at all rude","Yes, somewhat rude","Yes, somewhat rude","No, not at all rude","Yes, very rude",No,No,Male,54,119000,Bachelor degree,South Atlantic
3432359089,Once a year or less,Never,66,No,The arm rests should be shared,The arm rests should be shared,Everyone in the row should have some say,"No, not rude at all","No, not at all rude",Twice,"Yes, they should not recline their chair if the person behind them asks them not to","Yes, somewhat rude",Yes,"No, not at all rude","No, not at all rude","No, not at all rude","Yes, somewhat rude","No, not at all rude","Yes, somewhat rude",No,No,Male,22,85000,Graduate degree,West South Central
3432361003,Once a year or less,Once in a while,70,No,The arm rests should be shared,The arm rests should be shared,Everyone in the row should have some say,"Yes, somewhat rude","No, not at all rude",Three times,"Yes, they should not recline their chair if the person behind them asks them not to","No, not rude at all",No,"No, not at all rude","No, not at all rude","No, not at all rude","No, not at all rude","No, not at all rude","Yes, very rude",No,No,Male,74,143000,Bachelor degree,Middle Atlantic
3432361375,Never,"","","","","","","","","","","","","","","","","","","","",Female,56,"",Some college or Associate degree,South Atlantic
3432363206,Once a year or less,About half the time,65,No,The arm rests should be shared,The arm rests should be shared,Everyone in the row should have some say,"No, not rude at all","No, not at all rude",Twice,"Yes, they should not recline their chair if the person behind them asks them not to","No, not rude at all",Yes,"No, not at all rude","No, not at all rude","No, not at all rude","Yes, somewhat rude","No, not at all rude","Yes, somewhat rude",No,No,Female,31,66000,Graduate degree,East North Central
3432366661,Once a year or less,Usually,72,No,The person in the middle seat gets both arm rests,The person in aisle,Everyone in the row should have some say,"No, not rude at all","No, not at all rude",Twice,"No, the person on the flight has no obligation to the person behind them","No, not rude at all",No,"Yes, somewhat rude","No, not at all rude","Yes, somewhat rude","Yes, somewhat rude","No, not at all rude","Yes, somewhat rude",Yes,No,Male,29,62000,Bachelor degree,East North Central
3432367174,Once a year or less,Usually,65,No,The person in the middle seat gets both arm rests,The arm rests should be shared,Everyone in the row should have some say,"No, not rude at all","No, not at all rude",Twice,"Yes, they should not recline their chair if the person behind them asks them not to","No, not rude at all",No,"No, not at all rude","No, not at all rude","No, not at all rude","No, not at all rude","No, not at all rude","Yes, somewhat rude",Yes,No,Female,51,81000,Bachelor degree,South Atlantic
3432370067,Never,"","","","","","","","","","","","","","","","","","","","",Female,47,77000,Bachelor degree,South Atlantic
3432372897,Once a year or less,Usually,64,Yes,The arm rests should be shared,The arm rests should be shared,The person in the window seat should have exclusive control,"Yes, very rude","No, not at all rude",Twice,"Yes, they should not recline their chair if the person behind them asks them not to","No, not rude at all",Yes,"No, not at all rude","No, not at all rude","Yes, somewhat rude","Yes, very rude","No, not at all rude","No, not at all rude",No,No,Female,54,24000,High school degree,East North Central
3432377141,Once a month or less,Usually,68,Yes,The person in the middle seat gets both arm rests,The person in aisle,Everyone in the row should have some say,"No, not rude at all","No, not at all rude",Three times,"Yes, they should not recline their chair if the person behind them asks them not to","No, not rude at all",No,"No, not at all rude","No, not at all rude","No, not at all rude","Yes, somewhat rude","No, not at all rude","No, not at all rude",Yes,No,Male,35,150000,Bachelor degree,East North Central
3432380943,Once a year or less,About half the time,65,No,The person in the middle seat gets both arm rests,The arm rests should be shared,Everyone in the row should have some say,"Yes, somewhat rude","No, not at all rude",Twice,"Yes, they should not recline their chair if the person behind them asks them not to","No, not rude at all",No,"Yes, somewhat rude","Yes, somewhat rude","Yes, somewhat rude","Yes, very rude","No, not at all rude","Yes, somewhat rude",No,No,Female,25,150000,High school degree,New England
3432382358,Never,"","","","","","","","","","","","","","","","","","","","",Female,29,44000,Some college or Associate degree,East South Central
3432382629,Once a year or less,Never,72,No,The arm rests should be shared,Other (please specify),The person in the window seat should have exclusive control,"No, not rude at all","No, not at all rude",Three times,"Yes, they should not recline their chair if the person behind them asks them not to","Yes, somewhat rude",Yes,"No, not at all rude","No, not at all rude","Yes, somewhat rude","Yes, somewhat rude","Yes, very rude","Yes, very rude",No,No,Male,53,109000,Graduate degree,Middle Atlantic
3432384307,Once a year or less,About half the time,73,No,The arm rests should be shared,The arm rests should be shared,Everyone in the row should have some say,"No, not rude at all","No, not at all rude",More than five times times,"Yes, they should not recline their chair if the person behind them asks them not to","No, not rude at all",No,"No, not at all rude","No, not at all rude","No, not at all rude","Yes, somewhat rude","No, not at all rude","Yes, very rude",No,No,Male,54,113000,Bachelor degree,West North Central
3432384438,Once a year or less,About half the time,67,No,Whoever puts their arm on the arm rest first,Whoever puts their arm on the arm rest first,The person in the window seat should have exclusive control,"No, not rude at all","No, not at all rude",Twice,"No, the person on the flight has no obligation to the person behind them","Yes, somewhat rude",No,"Yes, very rude","Yes, somewhat rude","No, not at all rude","Yes, very rude","Yes, somewhat rude","Yes, somewhat rude",Yes,No,Female,19,88000,Bachelor degree,South Atlantic
3432384865,Once a year or less,Usually,65,No,Whoever puts their arm on the arm rest first,Whoever puts their arm on the arm rest first,Everyone in the row should have some say,"No, not rude at all","No, not at all rude",Three times,"Yes, they should not recline their chair if the person behind them asks them not to","No, not rude at all",No,"No, not at all rude","No, not at all rude","Yes, somewhat rude","Yes, very rude","No, not at all rude","Yes, very rude",Yes,No,Female,71,"",Less than high school degree,West North Central
3432388180,Once a year or less,Usually,76,Yes,The arm rests should be shared,The arm rests should be shared,Everyone in the row should have some say,"No, not rude at all","No, not at all rude",Three times,"Yes, they should not recline their chair if the person behind them asks them not to","Yes, somewhat rude",Yes,"No, not at all rude","No, not at all rude","No, not at all rude","No, not at all rude","No, not at all rude","Yes, somewhat rude",No,No,Male,47,102000,Some college or Associate degree,South Atlantic
3432388806,Once a year or less,Once in a while,60,No,The person in the middle seat gets both arm rests,The arm rests should be shared,The person in the window seat should have exclusive control,"No, not rude at all","Yes, somewhat rude",Three times,"Yes, they should not recline their chair if the person behind them asks them not to","Yes, somewhat rude",No,"No, not at all rude","No, not at all rude","No, not at all rude","No, not at all rude","No, not at all rude","Yes, somewhat rude",No,No,Female,35,"",Some college or Associate degree,West North Central
3432389747,Once a year or less,Once in a while,65,Yes,The arm rests should be shared,The person by the window,Everyone in the row should have some say,"No, not rude at all","Yes, somewhat rude",Twice,"Yes, they should not recline their chair if the person behind them asks them not to","No, not rude at all",No,"No, not at all rude","No, not at all rude","Yes, somewhat rude","Yes, very rude","No, not at all rude","Yes, very rude",No,No,Female,34,41000,High school degree,South Atlantic
3432390537,Never,"","","","","","","","","","","","","","","","","","","","",Female,48,"",Graduate degree,West South Central
3432391522,Once a year or less,Usually,68,No,The arm rests should be shared,The arm rests should be shared,Everyone in the row should have some say,"No, not rude at all","Yes, somewhat rude",Twice,"Yes, they should not recline their chair if the person behind them asks them not to","No, not rude at all",No,"No, not at all rude","No, not at all rude","Yes, somewhat rude","Yes, somewhat rude","No, not at all rude","Yes, very rude",No,No,Female,47,150000,Graduate degree,East North Central
3432391980,Once a year or less,Never,67,No,The arm rests should be shared,The arm rests should be shared,Everyone in the row should have some say,"No, not rude at all","No, not at all rude",Twice,"Yes, they should not recline their chair if the person behind them asks them not to","No, not rude at all",Yes,"No, not at all rude","No, not at all rude","Yes, somewhat rude","Yes, somewhat rude","No, not at all rude","Yes, somewhat rude",No,No,Female,19,62000,Graduate degree,New England
3432396716,Once a year or less,About half the time,63,No,Whoever puts their arm on the arm rest first,Whoever puts their arm on the arm rest first,Everyone in the row should have some say,"Yes, somewhat rude","No, not at all rude",Three times,"Yes, they should not recline their chair if the person behind them asks them not to","No, not rude at all",No,"No, not at all rude","No, not at all rude","Yes, somewhat rude","Yes, somewhat rude","Yes, somewhat rude","Yes, somewhat rude",No,No,Female,18,118000,Some college or Associate degree,South Atlantic
3432397267,Never,"","","","","","","","","","","","","","","","","","","","",Female,47,"",Graduate degree,Pacific
3432398240,Once a month or less,Usually,72,No,Other (please specify),The person in aisle,The person in the window seat should have exclusive control,"No, not rude at all","No, not at all rude",Three times,"No, the person on the flight has no obligation to the person behind them","No, not rude at all",No,"No, not at all rude","No, not at all rude","No, not at all rude","Yes, very rude","Yes, very rude","Yes, very rude",No,No,Male,29,77000,Bachelor degree,Middle Atlantic
3432398627,Once a month or less,Never,56,No,The arm rests should be shared,Whoever puts their arm on the arm rest first,Everyone in the row should have some say,"No, not rude at all","No, not at all rude",More than five times times,"No, the person on the flight has no obligation to the person behind them","Yes, somewhat rude",No,"Yes, somewhat rude","Yes, somewhat rude","Yes, somewhat rude","No, not at all rude","No, not at all rude","Yes, somewhat rude",No,No,Female,77,"",Graduate degree,West North Central
3432400140,Once a year or less,Usually,64,No,Whoever puts their arm on the arm rest first,Whoever puts their arm on the arm rest first,The person in the window seat should have exclusive control,"No, not rude at all","No, not at all rude",More than five times times,"No, the person on the flight has no obligation to the person behind them","No, not rude at all",No,"No, not at all rude","No, not at all rude","No, not at all rude","Yes, somewhat rude","No, not at all rude","Yes, somewhat rude",No,No,Female,20,53000,Graduate degree,Middle Atlantic
3432401832,Never,"","","","","","","","","","","","","","","","","","","","",Female,58,"",Some college or Associate degree,East North Central
3432404026,Once a year or less,Always,74,No,The arm rests should be shared,The arm rests should be shared,The person in the window seat should have exclusive control,"No, not rude at all","No, not at all rude",Three times,"No, the person on the flight has no obligation to the person behind them","No, not rude at all",No,"No, not at all rude","No, not at all rude","Yes, somewhat rude","Yes, very rude","Yes, very rude","Yes, very rude",No,No,Male,19,"",Some college or Associate degree,West South Central
3432409101,Once a year or less,About half the time,71,No,The arm rests should be shared,The arm rests should be shared,The person in the window seat should have exclusive control,"No, not rude at all","No, not at all rude",Twice,"No, the person on the flight has no obligation to the person behind them","No, not rude at all",Yes,"No, not at all rude","No, not at all rude","No, not at all rude","Yes, somewhat rude","Yes, somewhat rude","Yes, very rude",No,No,Male,77,100000,Some college or Associate degree,East North Central
3432409146,Once a month or less,About half the time,68,No,The arm rests should be shared,The arm rests should be shared,The person in the window seat should have exclusive control,"Yes, very rude","Yes, very rude",Twice,"Yes, they should not recline their chair if the person behind them asks them not to","No, not rude at all",Yes,"Yes, very rude","Yes, very rude","Yes, very rude","Yes, very rude","Yes, very rude","Yes, very rude",No,No,Male,51,150000,Graduate degree,West North Central
3432413457,Once a month or less,Usually,69,No,The arm rests should be shared,The arm rests should be shared,Everyone in the row should have some say,"Yes, somewhat rude","No, not at all rude",Three times,"No, the person on the flight has no obligation to the person behind them","No, not rude at all",No,"No, not at all rude","No, not at all rude","Yes, very rude","Yes, very rude","No, not at all rude","No, not at all rude",Yes,No,Male,39,"",Graduate degree,South Atlantic
3432413860,Once a month or less,Usually,65,No,The arm rests should be shared,The person in aisle,Everyone in the row should have some say,"Yes, somewhat rude","No, not at all rude",Three times,"No, the person on the flight has no obligation to the person behind them","No, not rude at all",No,"Yes, somewhat rude","No, not at all rude","Yes, somewhat rude","Yes, very rude","Yes, somewhat rude","Yes, very rude",Yes,No,Female,24,137000,Some college or Associate degree,Pacific
3432414918,Once a month or less,Usually,64,No,The arm rests should be shared,The person in aisle,Everyone in the row should have some say,"Yes, very rude","Yes, very rude",Three times,"No, the person on the flight has no obligation to the person behind them","No, not rude at all",No,"No, not at all rude","No, not at all rude","No, not at all rude","No, not at all rude","Yes, somewhat rude","Yes, very rude",No,No,Female,66,117000,Graduate degree,West North Central
3432417788,Once a year or less,Never,72,No,The person in the middle seat gets both arm rests,The person by the window,The person in the window seat should have exclusive control,"No, not rude at all","No, not at all rude",Three times,"Yes, they should not recline their chair if the person behind them asks them not to","Yes, somewhat rude",No,"No, not at all rude","No, not at all rude","No, not at all rude","Yes, somewhat rude","No, not at all rude","No, not at all rude",No,No,Male,75,"",Graduate degree,Middle Atlantic
3432418495,Once a year or less,Once in a while,69,No,The arm rests should be shared,The arm rests should be shared,Everyone in the row should have some say,"No, not rude at all","No, not at all rude",Four times,"Yes, they should not recline their chair if the person behind them asks them not to","No, not rude at all",No,"No, not at all rude","No, not at all rude","Yes, somewhat rude","Yes, somewhat rude","No, not at all rude","Yes, somewhat rude",No,No,Male,35,"",Bachelor degree,East North Central
3432418650,Once a year or less,Usually,68,No,The arm rests should be shared,The arm rests should be shared,Everyone in the row should have some say,"No, not rude at all","No, not at all rude",More than five times times,"Yes, they should not recline their chair if the person behind them asks them not to","No, not rude at all",No,"No, not at all rude","No, not at all rude","No, not at all rude","No, not at all rude","No, not at all rude","Yes, very rude",No,No,Female,67,"",Bachelor degree,West South Central
3432419184,Never,"","","","","","","","","","","","","","","","","","","","",Male,27,31000,Some college or Associate degree,Pacific
3432419670,Once a year or less,Usually,65,No,The arm rests should be shared,The arm rests should be shared,Everyone in the row should have some say,"No, not rude at all","Yes, somewhat rude",Three times,"No, the person on the flight has no obligation to the person behind them","No, not rude at all",No,"No, not at all rude","No, not at all rude","No, not at all rude","Yes, somewhat rude","Yes, somewhat rude","Yes, somewhat rude",No,No,Female,27,144000,Bachelor degree,New England
3432419815,Once a year or less,About half the time,65,Yes,The arm rests should be shared,The person in aisle,Everyone in the row should have some say,"No, not rude at all","No, not at all rude",Four times,"Yes, they should not recline their chair if the person behind them asks them not to","No, not rude at all",No,"No, not at all rude","No, not at all rude","No, not at all rude","Yes, somewhat rude","No, not at all rude","No, not at all rude",No,No,Female,32,100000,Bachelor degree,East South Central
3432420200,Once a year or less,Usually,68,No,The person in the middle seat gets both arm rests,The person in aisle,The person in the window seat should have exclusive control,"No, not rude at all","No, not at all rude",More than five times times,"Yes, they should not recline their chair if the person behind them asks them not to","No, not rude at all",No,"Yes, somewhat rude","No, not at all rude","No, not at all rude","No, not at all rude","Yes, somewhat rude","Yes, somewhat rude",No,No,Male,49,77000,Bachelor degree,New England
3432424807,Once a year or less,Never,65,Yes,The arm rests should be shared,The arm rests should be shared,Everyone in the row should have some say,"No, not rude at all","No, not at all rude",Twice,"Yes, they should not recline their chair if the person behind them asks them not to","Yes, somewhat rude",No,"Yes, somewhat rude","Yes, somewhat rude","No, not at all rude","Yes, somewhat rude","No, not at all rude","Yes, somewhat rude",No,No,Female,31,97000,Bachelor degree,West South Central
3432425094,Once a year or less,Never,66,Yes,The arm rests should be shared,The arm rests should be shared,Everyone in the row should have some say,"No, not rude at all","No, not at all rude",Twice,"Yes, they should not recline their chair if the person behind them asks them not to","Yes, very rude",Yes,"No, not at all rude","No, not at all rude","No, not at all rude","Yes, somewhat rude","No, not at all rude","Yes, somewhat rude",No,No,Female,58,"",Graduate degree,Middle Atlantic
3432425938,Once a year or less,Always,65,Yes,Whoever puts their arm on the arm rest first,The arm rests should be shared,Everyone in the row should have some say,"No, not rude at all","No, not at all rude",Three times,"No, the person on the flight has no obligation to the person behind them","No, not rude at all",No,"Yes, somewhat rude","Yes, somewhat rude","No, not at all rude","No, not at all rude","No, not at all rude","Yes, somewhat rude",Yes,No,Female,40,100000,High school degree,New England
3432426212,Once a year or less,Usually,68,No,The person in the middle seat gets both arm rests,Whoever puts their arm on the arm rest first,Everyone in the row should have some say,"Yes, somewhat rude","No, not at all rude",Twice,"No, the person on the flight has no obligation to the person behind them","No, not rude at all",No,"No, not at all rude","No, not at all rude","No, not at all rude","Yes, somewhat rude","No, not at all rude","No, not at all rude",No,No,Female,27,84000,Bachelor degree,Middle Atlantic
3432428536,Once a year or less,Once in a while,66,No,The arm rests should be shared,Whoever puts their arm on the arm rest first,The person in the window seat should have exclusive control,"Yes, somewhat rude","No, not at all rude",Twice,"Yes, they should not recline their chair if the person behind them asks them not to","Yes, somewhat rude",No,"No, not at all rude","No, not at all rude","Yes, somewhat rude","Yes, somewhat rude","No, not at all rude","Yes, somewhat rude",No,No,Female,23,"",High school degree,Middle Atlantic
3432428730,Once a year or less,About half the time,66,No,The arm rests should be shared,The arm rests should be shared,Everyone in the row should have some say,"No, not rude at all","No, not at all rude",Three times,"Yes, they should not recline their chair if the person behind them asks them not to","Yes, somewhat rude",No,"Yes, somewhat rude","No, not at all rude","Yes, somewhat rude","Yes, very rude","No, not at all rude","No, not at all rude",No,No,Male,19,"",Less than high school degree,Pacific
3432433704,Once a year or less,Once in a while,69,No,The arm rests should be shared,The arm rests should be shared,Everyone in the row should have some say,"No, not rude at all","No, not at all rude",Twice,"Yes, they should not recline their chair if the person behind them asks them not to","No, not rude at all",No,"No, not at all rude","No, not at all rude","No, not at all rude","Yes, very rude","No, not at all rude","Yes, very rude",No,No,Male,51,150000,Graduate degree,Middle Atlantic
3432433897,Once a year or less,Never,70,Yes,The person in the middle seat gets both arm rests,The person in aisle,Everyone in the row should have some say,"No, not rude at all","No, not at all rude",Twice,"Yes, they should not recline their chair if the person behind them asks them not to","Yes, somewhat rude",Yes,"No, not at all rude","No, not at all rude","No, not at all rude","Yes, somewhat rude","No, not at all rude","Yes, very rude",No,No,Male,27,50000,Bachelor degree,East North Central
3432434015,Once a year or less,Once in a while,69,Yes,The arm rests should be shared,The arm rests should be shared,Everyone in the row should have some say,"No, not rude at all","No, not at all rude",Twice,"Yes, they should not recline their chair if the person behind them asks them not to","No, not rude at all",No,"No, not at all rude","No, not at all rude","Yes, somewhat rude","Yes, somewhat rude","Yes, somewhat rude","Yes, very rude",No,No,Male,77,"",Graduate degree,Mountain
3432434565,Once a year or less,Once in a while,72,No,The arm rests should be shared,The arm rests should be shared,The person in the window seat should have exclusive control,"No, not rude at all","No, not at all rude",Three times,"No, the person on the flight has no obligation to the person behind them","No, not rude at all",Yes,"No, not at all rude","No, not at all rude","No, not at all rude","No, not at all rude","No, not at all rude","Yes, somewhat rude",No,No,Male,71,27000,Bachelor degree,South Atlantic
3432436102,Once a year or less,Always,68,No,The arm rests should be shared,The arm rests should be shared,Everyone in the row should have some say,"No, not rude at all","No, not at all rude",Three times,"No, the person on the flight has no obligation to the person behind them","No, not rude at all",No,"No, not at all rude","No, not at all rude","No, not at all rude","No, not at all rude","No, not at all rude","No, not at all rude",No,No,Male,37,30000,Bachelor degree,New England
3432436500,Once a year or less,About half the time,67,Yes,The arm rests should be shared,The arm rests should be shared,Everyone in the row should have some say,"No, not rude at all","No, not at all rude",Twice,"Yes, they should not recline their chair if the person behind them asks them not to","No, not rude at all",No,"No, not at all rude","No, not at all rude","No, not at all rude","Yes, somewhat rude","No, not at all rude","No, not at all rude",No,No,Female,49,26000,Some college or Associate degree,South Atlantic
3432438427,Never,"","","","","","","","","","","","","","","","","","","","",Female,52,"",High school degree,Middle Atlantic
3432440815,Never,"","","","","","","","","","","","","","","","","","","","",Male,46,"",Graduate degree,Middle Atlantic
3432441362,Once a year or less,Once in a while,66,No,The arm rests should be shared,The arm rests should be shared,The person in the window seat should have exclusive control,"No, not rude at all","No, not at all rude",Four times,"Yes, they should not recline their chair if the person behind them asks them not to","Yes, somewhat rude",Yes,"No, not at all rude","No, not at all rude","No, not at all rude","No, not at all rude","Yes, somewhat rude","Yes, very rude",No,No,Male,56,150000,Some college or Associate degree,Mountain
3432441808,Once a month or less,Never,71,Yes,The arm rests should be shared,The arm rests should be shared,The person in the window seat should have exclusive control,"No, not rude at all","Yes, somewhat rude",Twice,"Yes, they should not recline their chair if the person behind them asks them not to","Yes, very rude",Yes,"No, not at all rude","No, not at all rude","No, not at all rude","Yes, somewhat rude","No, not at all rude","Yes, somewhat rude",No,No,Male,47,150000,Graduate degree,South Atlantic
3432443875,Once a year or less,Always,61,Yes,The person in the middle seat gets both arm rests,The person in aisle,Everyone in the row should have some say,"Yes, somewhat rude","No, not at all rude",Once,"No, the person on the flight has no obligation to the person behind them","Yes, somewhat rude",Yes,"No, not at all rude","No, not at all rude","Yes, very rude","Yes, very rude","No, not at all rude","Yes, somewhat rude",No,No,Female,50,89000,Some college or Associate degree,Pacific
3432443969,Once a month or less,Usually,70,No,The person in the middle seat gets both arm rests,The person in aisle,The person in the window seat should have exclusive control,"No, not rude at all","No, not at all rude",Four times,"No, the person on the flight has no obligation to the person behind them","No, not rude at all",No,"No, not at all rude","No, not at all rude","No, not at all rude","No, not at all rude","Yes, somewhat rude","Yes, somewhat rude",Yes,No,Male,25,71000,Bachelor degree,Pacific
3432444119,Once a year or less,Never,70,No,The arm rests should be shared,The arm rests should be shared,Everyone in the row should have some say,"No, not rude at all","No, not at all rude",Three times,"No, the person on the flight has no obligation to the person behind them","Yes, somewhat rude",Yes,"No, not at all rude","No, not at all rude","No, not at all rude","Yes, somewhat rude","No, not at all rude","Yes, very rude",No,No,Male,74,26000,High school degree,West South Central
3432444554,Once a year or less,About half the time,75,No,The person in the middle seat gets both arm rests,Whoever puts their arm on the arm rest first,The person in the window seat should have exclusive control,"No, not rude at all","No, not at all rude",Twice,"No, the person on the flight has no obligation to the person behind them","No, not rude at all",No,"No, not at all rude","No, not at all rude","No, not at all rude","Yes, somewhat rude","No, not at all rude","Yes, somewhat rude",Yes,No,Male,20,"",High school degree,South Atlantic
3432446775,Every day,Once in a while,69,"",The people in the aisle and window seats get both arm rests,The person in aisle,Everyone in the row should have some say,"Yes, somewhat rude","Yes, somewhat rude",Three times,"Yes, they should not recline their chair if the person behind them asks them not to","Yes, very rude",Yes,"Yes, somewhat rude","Yes, somewhat rude","Yes, somewhat rude","No, not at all rude","Yes, somewhat rude","Yes, somewhat rude",No,No,Male,20,40000,Less than high school degree,West South Central
3432448472,Once a month or less,Once in a while,69,No,The arm rests should be shared,The arm rests should be shared,Everyone in the row should have some say,"No, not rude at all","No, not at all rude",More than five times times,"Yes, they should not recline their chair if the person behind them asks them not to","No, not rude at all",No,"No, not at all rude","No, not at all rude","No, not at all rude","Yes, somewhat rude","Yes, very rude","Yes, very rude",No,No,Male,50,35000,Some college or Associate degree,Mountain
3432450277,Once a year or less,Never,66,No,The arm rests should be shared,The arm rests should be shared,Everyone in the row should have some say,"No, not rude at all","No, not at all rude",Twice,"Yes, they should not recline their chair if the person behind them asks them not to","No, not rude at all",Yes,"No, not at all rude","No, not at all rude","No, not at all rude","Yes, somewhat rude","No, not at all rude","Yes, somewhat rude",No,No,Female,46,83000,Some college or Associate degree,East North Central
3432454450,Once a year or less,About half the time,66,No,The arm rests should be shared,The arm rests should be shared,Everyone in the row should have some say,"No, not rude at all","No, not at all rude",Four times,"Yes, they should not recline their chair if the person behind them asks them not to","No, not rude at all",No,"No, not at all rude","No, not at all rude","No, not at all rude","Yes, somewhat rude","No, not at all rude","No, not at all rude",No,No,Female,56,88000,Some college or Associate degree,Pacific
3432455422,Once a year or less,Once in a while,64,No,The arm rests should be shared,The arm rests should be shared,The person in the window seat should have exclusive control,"Yes, somewhat rude","No, not at all rude",Twice,"No, the person on the flight has no obligation to the person behind them","No, not rude at all",No,"Yes, somewhat rude","Yes, somewhat rude","No, not at all rude","Yes, somewhat rude","No, not at all rude","No, not at all rude",No,No,Female,73,"",Bachelor degree,West North Central
3432460247,Once a year or less,About half the time,67,Yes,The arm rests should be shared,The arm rests should be shared,Everyone in the row should have some say,"Yes, somewhat rude","No, not at all rude",Three times,"No, the person on the flight has no obligation to the person behind them","No, not rude at all",No,"No, not at all rude","No, not at all rude","No, not at all rude","Yes, somewhat rude","No, not at all rude","Yes, very rude",No,No,Male,52,64000,Bachelor degree,East North Central
3432462633,Once a month or less,About half the time,63,No,The arm rests should be shared,The arm rests should be shared,The person in the window seat should have exclusive control,"No, not rude at all","No, not at all rude",Three times,"No, the person on the flight has no obligation to the person behind them","No, not rude at all",No,"Yes, somewhat rude","No, not at all rude","No, not at all rude","No, not at all rude","No, not at all rude","Yes, somewhat rude",Yes,No,Female,75,150000,Some college or Associate degree,West South Central
3432463048,Once a year or less,Once in a while,74,No,The person in the middle seat gets both arm rests,The arm rests should be shared,The person in the window seat should have exclusive control,"Yes, somewhat rude","Yes, somewhat rude",Three times,"Yes, they should not recline their chair if the person behind them asks them not to","Yes, somewhat rude",Yes,"No, not at all rude","No, not at all rude","No, not at all rude","No, not at all rude","Yes, somewhat rude","Yes, very rude",No,No,Male,46,60000,High school degree,East North Central
3432463153,Once a month or less,Usually,65,No,The arm rests should be shared,The person in aisle,Everyone in the row should have some say,"No, not rude at all","No, not at all rude",Twice,"Yes, they should not recline their chair if the person behind them asks them not to","No, not rude at all",No,"No, not at all rude","No, not at all rude","No, not at all rude","Yes, somewhat rude","No, not at all rude","Yes, somewhat rude",Yes,No,Female,22,98000,Bachelor degree,South Atlantic
3432468599,Never,"","","","","","","","","","","","","","","","","","","","",Female,23,15000,High school degree,Middle Atlantic
3432470238,Never,"","","","","","","","","","","","","","","","","","","","",Female,20,"",Bachelor degree,West North Central
3432471719,Once a month or less,Always,72,No,The arm rests should be shared,The arm rests should be shared,The person in the window seat should have exclusive control,"No, not rude at all","No, not at all rude",More than five times times,"No, the person on the flight has no obligation to the person behind them","No, not rude at all",No,"No, not at all rude","No, not at all rude","No, not at all rude","No, not at all rude","No, not at all rude","Yes, very rude",Yes,No,Male,60,150000,Bachelor degree,West South Central
3432473889,Once a year or less,Never,66,No,The arm rests should be shared,The arm rests should be shared,The person in the window seat should have exclusive control,"No, not rude at all","No, not at all rude",Twice,"Yes, they should not recline their chair if the person behind them asks them not to","Yes, very rude",Yes,"No, not at all rude","No, not at all rude","No, not at all rude","Yes, somewhat rude","Yes, very rude","Yes, very rude",No,No,Female,75,100000,Graduate degree,Pacific
3432475199,Once a year or less,Once in a while,67,Yes,The arm rests should be shared,Whoever puts their arm on the arm rest first,Everyone in the row should have some say,"Yes, somewhat rude","No, not at all rude",Twice,"Yes, they should not recline their chair if the person behind them asks them not to","No, not rude at all",No,"Yes, somewhat rude","No, not at all rude","Yes, somewhat rude","Yes, somewhat rude","No, not at all rude","Yes, somewhat rude",No,No,Male,30,49000,High school degree,West North Central
3432476135,Never,"","","","","","","","","","","","","","","","","","","","",Male,18,150000,Bachelor degree,East North Central
3432476791,Once a month or less,About half the time,69,Yes,The person in the middle seat gets both arm rests,The arm rests should be shared,Everyone in the row should have some say,"No, not rude at all","No, not at all rude",Twice,"No, the person on the flight has no obligation to the person behind them","No, not rude at all",No,"Yes, somewhat rude","Yes, somewhat rude","No, not at all rude","Yes, somewhat rude","No, not at all rude","Yes, very rude",No,No,Male,55,150000,Bachelor degree,New England
3432476896,Once a year or less,Always,63,No,The arm rests should be shared,The arm rests should be shared,Everyone in the row should have some say,"No, not rude at all","No, not at all rude",Four times,"No, the person on the flight has no obligation to the person behind them","No, not rude at all",No,"No, not at all rude","No, not at all rude","No, not at all rude","Yes, somewhat rude","No, not at all rude","Yes, somewhat rude",No,No,Female,78,150000,High school degree,South Atlantic
3432477188,Once a year or less,About half the time,64,No,The arm rests should be shared,The person in aisle,Everyone in the row should have some say,"No, not rude at all","Yes, somewhat rude",Three times,"Yes, they should not recline their chair if the person behind them asks them not to","Yes, somewhat rude",No,"No, not at all rude","No, not at all rude","Yes, somewhat rude","Yes, very rude","No, not at all rude","Yes, very rude",No,No,Female,77,62000,Some college or Associate degree,South Atlantic
3432482201,Never,"","","","","","","","","","","","","","","","","","","","",Female,28,5000,High school degree,New England
3432482309,Once a year or less,About half the time,61,No,The arm rests should be shared,The arm rests should be shared,Everyone in the row should have some say,"No, not rude at all","No, not at all rude",Twice,"Yes, they should not recline their chair if the person behind them asks them not to","No, not rude at all",No,"No, not at all rude","No, not at all rude","No, not at all rude","No, not at all rude","No, not at all rude","No, not at all rude",No,No,Female,28,69000,Bachelor degree,South Atlantic
3432482977,Never,"","","","","","","","","","","","","","","","","","","","",Male,58,73000,Bachelor degree,Mountain
3432485197,Once a month or less,About half the time,66,No,The person in the middle seat gets both arm rests,The arm rests should be shared,Everyone in the row should have some say,"No, not rude at all","No, not at all rude",Three times,"Yes, they should not recline their chair if the person behind them asks them not to","Yes, somewhat rude",Yes,"No, not at all rude","No, not at all rude","Yes, somewhat rude","Yes, somewhat rude","No, not at all rude","Yes, very rude",Yes,No,Male,68,122000,Some college or Associate degree,New England
3432486033,Once a year or less,Never,62,No,The arm rests should be shared,The arm rests should be shared,The person in the window seat should have exclusive control,"No, not rude at all","No, not at all rude",More than five times times,"Yes, they should not recline their chair if the person behind them asks them not to","Yes, somewhat rude",Yes,"No, not at all rude","No, not at all rude","No, not at all rude","Yes, somewhat rude","Yes, somewhat rude","Yes, very rude",No,No,Female,44,91000,Bachelor degree,South Atlantic
3432487771,Once a year or less,Once in a while,64,No,Whoever puts their arm on the arm rest first,Whoever puts their arm on the arm rest first,The person in the window seat should have exclusive control,"No, not rude at all","Yes, somewhat rude",Twice,"Yes, they should not recline their chair if the person behind them asks them not to","Yes, somewhat rude",Yes,"Yes, somewhat rude","Yes, somewhat rude","No, not at all rude","Yes, somewhat rude","Yes, somewhat rude","Yes, very rude",No,No,Female,42,39000,Graduate degree,Pacific
3432489108,Once a year or less,Never,68,No,The arm rests should be shared,The arm rests should be shared,Everyone in the row should have some say,"No, not rude at all","No, not at all rude",Twice,"Yes, they should not recline their chair if the person behind them asks them not to","Yes, somewhat rude",No,"No, not at all rude","No, not at all rude","Yes, somewhat rude","Yes, very rude","No, not at all rude","Yes, somewhat rude",No,No,Male,21,"",Some college or Associate degree,Mountain
3432490362,Once a month or less,Once in a while,61,No,The arm rests should be shared,The arm rests should be shared,Everyone in the row should have some say,"No, not rude at all","Yes, somewhat rude",Twice,"No, the person on the flight has no obligation to the person behind them","Yes, somewhat rude",Yes,"No, not at all rude","No, not at all rude","No, not at all rude","No, not at all rude","No, not at all rude","Yes, very rude",Yes,No,Female,43,71000,Graduate degree,South Atlantic
3432490443,Once a year or less,About half the time,64,No,The arm rests should be shared,The person by the window,The person in the window seat should have exclusive control,"No, not rude at all","No, not at all rude",Four times,"Yes, they should not recline their chair if the person behind them asks them not to","No, not rude at all",No,"No, not at all rude","No, not at all rude","No, not at all rude","No, not at all rude","No, not at all rude","No, not at all rude",No,No,Female,52,84000,Graduate degree,West South Central
3432491057,Once a month or less,Usually,69,Yes,The person in the middle seat gets both arm rests,The arm rests should be shared,The person in the window seat should have exclusive control,"No, not rude at all","No, not at all rude",Three times,"No, the person on the flight has no obligation to the person behind them","No, not rude at all",No,"No, not at all rude","No, not at all rude","No, not at all rude","Yes, somewhat rude","No, not at all rude","Yes, very rude",No,No,Male,47,150000,Bachelor degree,Pacific
3432491632,Never,"","","","","","","","","","","","","","","","","","","","",Female,58,150000,High school degree,West North Central
3432496456,Once a year or less,Usually,64,No,The person in the middle seat gets both arm rests,The arm rests should be shared,Everyone in the row should have some say,"No, not rude at all","No, not at all rude",Three times,"Yes, they should not recline their chair if the person behind them asks them not to","No, not rude at all",No,"No, not at all rude","No, not at all rude","No, not at all rude","Yes, somewhat rude","No, not at all rude","Yes, very rude",No,No,Female,64,100000,Graduate degree,East North Central
3432499380,A few times per month,Never,72,No,Other (please specify),The arm rests should be shared,The person in the window seat should have exclusive control,"Yes, somewhat rude","No, not at all rude",Twice,"Yes, they should not recline their chair if the person behind them asks them not to","Yes, very rude",Yes,"No, not at all rude","No, not at all rude","No, not at all rude","No, not at all rude","Yes, very rude","Yes, very rude",No,No,Male,46,137000,Some college or Associate degree,South Atlantic
3432503557,Once a year or less,Once in a while,67,No,The arm rests should be shared,The arm rests should be shared,The person in the window seat should have exclusive control,"Yes, somewhat rude","Yes, somewhat rude",Twice,"No, the person on the flight has no obligation to the person behind them","Yes, somewhat rude",Yes,"Yes, somewhat rude","Yes, somewhat rude","Yes, somewhat rude","Yes, somewhat rude","No, not at all rude","Yes, somewhat rude",No,No,Male,31,72000,Bachelor degree,Middle Atlantic
3432506619,Once a year or less,Never,68,No,The people in the aisle and window seats get both arm rests,The person by the window,The person in the window seat should have exclusive control,"No, not rude at all","No, not at all rude",Twice,"No, the person on the flight has no obligation to the person behind them","No, not rude at all",No,"No, not at all rude","No, not at all rude","No, not at all rude","No, not at all rude","No, not at all rude","No, not at all rude",Yes,Yes,Female,33,"",Bachelor degree,Pacific
3432506985,Once a year or less,Never,64,Yes,The arm rests should be shared,The arm rests should be shared,Everyone in the row should have some say,"Yes, somewhat rude","No, not at all rude",Three times,"Yes, they should not recline their chair if the person behind them asks them not to","No, not rude at all",No,"Yes, somewhat rude","No, not at all rude","No, not at all rude","Yes, somewhat rude","No, not at all rude","Yes, somewhat rude",No,No,Female,39,82000,Some college or Associate degree,East South Central
3432510382,A few times per month,Once in a while,69,Yes,The arm rests should be shared,The arm rests should be shared,Everyone in the row should have some say,"Yes, somewhat rude","Yes, somewhat rude",Twice,"Yes, they should not recline their chair if the person behind them asks them not to","Yes, somewhat rude",Yes,"No, not at all rude","No, not at all rude","No, not at all rude","Yes, very rude","No, not at all rude","Yes, very rude",No,No,Male,57,150000,Bachelor degree,East North Central
3432510812,Once a month or less,About half the time,70,No,The arm rests should be shared,The arm rests should be shared,The person in the window seat should have exclusive control,"No, not rude at all","No, not at all rude",More than five times times,"Yes, they should not recline their chair if the person behind them asks them not to","No, not rude at all",No,"No, not at all rude","No, not at all rude","No, not at all rude","No, not at all rude","No, not at all rude","No, not at all rude",No,No,Female,34,79000,Graduate degree,South Atlantic
3432511675,Once a year or less,Always,67,No,The person in the middle seat gets both arm rests,The person in aisle,The person in the window seat should have exclusive control,"No, not rude at all","No, not at all rude",Three times,"Yes, they should not recline their chair if the person behind them asks them not to","No, not rude at all",No,"No, not at all rude","No, not at all rude","Yes, somewhat rude","Yes, somewhat rude","No, not at all rude","No, not at all rude",No,No,Female,44,83000,Some college or Associate degree,West South Central
3432513839,Once a year or less,Once in a while,62,No,The person in the middle seat gets both arm rests,The person in aisle,Everyone in the row should have some say,"No, not rude at all","Yes, somewhat rude",Twice,"Yes, they should not recline their chair if the person behind them asks them not to","No, not rude at all",No,"No, not at all rude","No, not at all rude","Yes, somewhat rude","Yes, very rude","No, not at all rude","Yes, very rude",No,No,Female,23,6000,Bachelor degree,West North Central
3432516676,Once a month or less,Once in a while,72,No,The arm rests should be shared,The arm rests should be shared,The person in the window seat should have exclusive control,"Yes, very rude","No, not at all rude",Four times,"Yes, they should not recline their chair if the person behind them asks them not to","Yes, somewhat rude",Yes,"No, not at all rude","No, not at all rude","No, not at all rude","Yes, somewhat rude","No, not at all rude","Yes, somewhat rude",No,No,Male,56,120000,Some college or Associate degree,West South Central
3432519959,Never,"","","","","","","","","","","","","","","","","","","","",Male,63,90000,Bachelor degree,East North Central
3432520365,Once a month or less,Once in a while,68,No,The person in the middle seat gets both arm rests,The arm rests should be shared,Everyone in the row should have some say,"No, not rude at all","Yes, somewhat rude",Three times,"Yes, they should not recline their chair if the person behind them asks them not to","Yes, somewhat rude",Yes,"No, not at all rude","No, not at all rude","No, not at all rude","No, not at all rude","No, not at all rude","No, not at all rude",No,No,Female,26,150000,Graduate degree,Middle Atlantic
3432520405,Once a year or less,Always,62,No,Whoever puts their arm on the arm rest first,Whoever puts their arm on the arm rest first,Everyone in the row should have some say,"No, not rude at all","No, not at all rude",Three times,"No, the person on the flight has no obligation to the person behind them","No, not rude at all",No,"No, not at all rude","No, not at all rude","No, not at all rude","No, not at all rude","No, not at all rude","No, not at all rude",No,No,Female,56,49000,Some college or Associate degree,South Atlantic
3432521348,Once a year or less,Always,71,No,The person in the middle seat gets both arm rests,The person in aisle,Everyone in the row should have some say,"Yes, somewhat rude","No, not at all rude",Three times,"No, the person on the flight has no obligation to the person behind them","No, not rude at all",No,"No, not at all rude","No, not at all rude","No, not at all rude","Yes, somewhat rude","No, not at all rude","Yes, somewhat rude",Yes,No,Male,23,127000,Bachelor degree,East North Central
3432525300,Once a year or less,Never,61,No,The person in the middle seat gets both arm rests,The person in aisle,Everyone in the row should have some say,"Yes, somewhat rude","Yes, somewhat rude",It is not okay to get up during flight,"No, the person on the flight has no obligation to the person behind them","Yes, somewhat rude",Yes,"Yes, very rude","Yes, somewhat rude","No, not at all rude","No, not at all rude","No, not at all rude","Yes, very rude",No,No,Female,31,46000,Some college or Associate degree,Mountain
3432526433,Once a month or less,Usually,60,No,The arm rests should be shared,The person in aisle,Everyone in the row should have some say,"No, not rude at all","No, not at all rude",Three times,"Yes, they should not recline their chair if the person behind them asks them not to","No, not rude at all",No,"No, not at all rude","No, not at all rude","No, not at all rude","No, not at all rude","Yes, somewhat rude","Yes, somewhat rude",No,No,Female,20,42000,Some college or Associate degree,South Atlantic
3432526670,Once a year or less,"","","","","","","","","","","","","","","","","","","","","","","","",""
3432527384,Once a year or less,Once in a while,65,No,The arm rests should be shared,The arm rests should be shared,Everyone in the row should have some say,"No, not rude at all","No, not at all rude",Twice,"Yes, they should not recline their chair if the person behind them asks them not to","Yes, somewhat rude",Yes,"No, not at all rude","No, not at all rude","Yes, somewhat rude","Yes, very rude","No, not at all rude","Yes, somewhat rude",No,No,Female,20,62000,Bachelor degree,Pacific
3432527936,Once a year or less,Always,74,No,The person in the middle seat gets both arm rests,The arm rests should be shared,The person in the window seat should have exclusive control,"No, not rude at all","No, not at all rude",Twice,"No, the person on the flight has no obligation to the person behind them","No, not rude at all",No,"No, not at all rude","No, not at all rude","No, not at all rude","No, not at all rude","Yes, very rude","Yes, very rude",No,No,Male,59,85000,Bachelor degree,East North Central
3432528671,Once a month or less,About half the time,65,No,Other (please specify),Whoever puts their arm on the arm rest first,Everyone in the row should have some say,"No, not rude at all","No, not at all rude",Three times,"Yes, they should not recline their chair if the person behind them asks them not to","No, not rude at all",No,"No, not at all rude","No, not at all rude","Yes, somewhat rude","Yes, somewhat rude","No, not at all rude","No, not at all rude",No,No,Female,73,"",Graduate degree,South Atlantic
3432529869,Once a year or less,Usually,74,No,Other (please specify),Other (please specify),The person in the window seat should have exclusive control,"No, not rude at all","No, not at all rude",Three times,"Yes, they should not recline their chair if the person behind them asks them not to","No, not rude at all",No,"No, not at all rude","No, not at all rude","No, not at all rude","Yes, somewhat rude","No, not at all rude","Yes, somewhat rude",No,No,Male,78,118000,Graduate degree,Pacific
3432529988,Once a month or less,Never,68,No,The person in the middle seat gets both arm rests,The person in aisle,Everyone in the row should have some say,"No, not rude at all","No, not at all rude",Once,"Yes, they should not recline their chair if the person behind them asks them not to","Yes, somewhat rude",No,"Yes, somewhat rude","No, not at all rude","No, not at all rude","Yes, somewhat rude","No, not at all rude","Yes, very rude",No,No,Male,25,"",Bachelor degree,East North Central
3432533720,Once a year or less,About half the time,76,No,The arm rests should be shared,The arm rests should be shared,Everyone in the row should have some say,"No, not rude at all","No, not at all rude",Three times,"Yes, they should not recline their chair if the person behind them asks them not to","No, not rude at all",No,"No, not at all rude","No, not at all rude","No, not at all rude","Yes, somewhat rude","Yes, somewhat rude","Yes, very rude",No,No,Male,19,18000,Some college or Associate degree,New England
3432537258,Once a year or less,About half the time,67,No,The arm rests should be shared,The arm rests should be shared,The person in the window seat should have exclusive control,"No, not rude at all","No, not at all rude",Twice,"No, the person on the flight has no obligation to the person behind them","No, not rude at all",No,"Yes, somewhat rude","Yes, somewhat rude","No, not at all rude","Yes, very rude","No, not at all rude","Yes, somewhat rude",Yes,No,Female,20,25000,Some college or Associate degree,West North Central
3432538384,Never,"","","","","","","","","","","","","","","","","","","","",Female,28,9000,High school degree,East North Central
3432543444,Never,"","","","","","","","","","","","","","","","","","","","",Male,36,35000,High school degree,Middle Atlantic
3432546954,Once a year or less,Always,62,Yes,The person in the middle seat gets both arm rests,The person by the window,The person in the window seat should have exclusive control,"Yes, somewhat rude","Yes, somewhat rude",More than five times times,"No, the person on the flight has no obligation to the person behind them","No, not rude at all",No,"Yes, somewhat rude","Yes, somewhat rude","No, not at all rude","No, not at all rude","No, not at all rude","Yes, somewhat rude",No,No,Female,38,"",Some college or Associate degree,Pacific
3432550291,Once a month or less,Once in a while,69,No,Whoever puts their arm on the arm rest first,Whoever puts their arm on the arm rest first,The person in the window seat should have exclusive control,"No, not rude at all","No, not at all rude",Four times,"Yes, they should not recline their chair if the person behind them asks them not to","Yes, somewhat rude",No,"Yes, somewhat rude","Yes, somewhat rude","No, not at all rude","Yes, somewhat rude","Yes, somewhat rude","Yes, somewhat rude",No,No,Male,42,98000,Bachelor degree,East North Central
3432550970,Once a year or less,Always,63,Yes,The arm rests should be shared,The arm rests should be shared,Everyone in the row should have some say,"No, not rude at all","No, not at all rude",Three times,"No, the person on the flight has no obligation to the person behind them","No, not rude at all",No,"No, not at all rude","No, not at all rude","No, not at all rude","No, not at all rude","No, not at all rude","No, not at all rude",Yes,No,Female,33,150000,Graduate degree,Mountain
3432551367,Once a year or less,Never,65,No,Other (please specify),The person in aisle,The person in the window seat should have exclusive control,"No, not rude at all","Yes, somewhat rude",Twice,"Yes, they should not recline their chair if the person behind them asks them not to","Yes, somewhat rude",No,"Yes, somewhat rude","Yes, somewhat rude","Yes, very rude","Yes, very rude","No, not at all rude","No, not at all rude",No,No,Female,24,97000,Some college or Associate degree,South Atlantic
3432552719,Once a year or less,Never,68,No,The arm rests should be shared,The arm rests should be shared,Everyone in the row should have some say,"No, not rude at all","No, not at all rude",Three times,"Yes, they should not recline their chair if the person behind them asks them not to","No, not rude at all",Yes,"Yes, somewhat rude","Yes, somewhat rude","No, not at all rude","Yes, somewhat rude","No, not at all rude","Yes, very rude",No,No,Male,74,"",Some college or Associate degree,Pacific
3432554556,Once a year or less,Always,64,Yes,The arm rests should be shared,The arm rests should be shared,Everyone in the row should have some say,"No, not rude at all","No, not at all rude",Three times,"No, the person on the flight has no obligation to the person behind them","No, not rude at all",No,"No, not at all rude","No, not at all rude","Yes, somewhat rude","Yes, somewhat rude","No, not at all rude","No, not at all rude",Yes,Yes,Female,60,40000,Graduate degree,Middle Atlantic
3432555887,Once a year or less,Never,64,Yes,The arm rests should be shared,The person by the window,Everyone in the row should have some say,"No, not rude at all","No, not at all rude",Three times,"Yes, they should not recline their chair if the person behind them asks them not to","No, not rude at all",No,"No, not at all rude","No, not at all rude","No, not at all rude","No, not at all rude","No, not at all rude","Yes, somewhat rude",No,No,Male,46,27000,Bachelor degree,East North Central
3432558337,Once a month or less,Never,68,No,The arm rests should be shared,The arm rests should be shared,Everyone in the row should have some say,"No, not rude at all","Yes, somewhat rude",Three times,"Yes, they should not recline their chair if the person behind them asks them not to","Yes, somewhat rude",Yes,"No, not at all rude","No, not at all rude","Yes, somewhat rude","Yes, somewhat rude","No, not at all rude","Yes, somewhat rude",No,No,Male,19,"",Some college or Associate degree,Mountain
3432559580,Once a month or less,Once in a while,66,No,Whoever puts their arm on the arm rest first,Whoever puts their arm on the arm rest first,The person in the window seat should have exclusive control,"No, not rude at all","No, not at all rude",Four times,"Yes, they should not recline their chair if the person behind them asks them not to","Yes, somewhat rude",Yes,"No, not at all rude","No, not at all rude","Yes, somewhat rude","Yes, somewhat rude","Yes, somewhat rude","Yes, somewhat rude",Yes,No,Female,22,"",Some college or Associate degree,East North Central
3432561205,Once a month or less,Never,69,No,The arm rests should be shared,The arm rests should be shared,The person in the window seat should have exclusive control,"No, not rude at all","No, not at all rude",Three times,"No, the person on the flight has no obligation to the person behind them","Yes, somewhat rude",No,"No, not at all rude","No, not at all rude","Yes, somewhat rude","Yes, very rude","Yes, somewhat rude","Yes, very rude",No,No,Male,24,46000,Bachelor degree,East North Central
3432569102,Once a year or less,Always,73,Yes,The arm rests should be shared,The arm rests should be shared,The person in the window seat should have exclusive control,"No, not rude at all","No, not at all rude",Twice,"No, the person on the flight has no obligation to the person behind them","Yes, somewhat rude",No,"No, not at all rude","No, not at all rude","No, not at all rude","Yes, somewhat rude","Yes, somewhat rude","Yes, somewhat rude",No,No,Male,30,138000,Bachelor degree,Middle Atlantic
3432570266,Once a year or less,Once in a while,65,No,Whoever puts their arm on the arm rest first,Whoever puts their arm on the arm rest first,The person in the window seat should have exclusive control,"No, not rude at all","Yes, very rude",Three times,"Yes, they should not recline their chair if the person behind them asks them not to","No, not rude at all",No,"No, not at all rude","No, not at all rude","Yes, somewhat rude","Yes, somewhat rude","No, not at all rude","Yes, somewhat rude",No,No,Female,26,78000,High school degree,South Atlantic
3432570285,Once a year or less,Usually,64,No,The arm rests should be shared,The arm rests should be shared,Everyone in the row should have some say,"No, not rude at all","No, not at all rude",Twice,"Yes, they should not recline their chair if the person behind them asks them not to","Yes, somewhat rude",No,"No, not at all rude","No, not at all rude","No, not at all rude","Yes, very rude","No, not at all rude","Yes, very rude",No,No,Female,23,"",Some college or Associate degree,South Atlantic
3432570755,Never,"","","","","","","","","","","","","","","","","","","","",Female,41,64000,High school degree,Middle Atlantic
3432572774,Never,"","","","","","","","","","","","","","","","","","","","",Male,47,114000,Some college or Associate degree,South Atlantic
3432573920,Once a month or less,Never,73,No,The person in the middle seat gets both arm rests,Other (please specify),The person in the window seat should have exclusive control,"Yes, very rude","Yes, somewhat rude",Twice,"Yes, they should not recline their chair if the person behind them asks them not to","Yes, somewhat rude",Yes,"No, not at all rude","No, not at all rude","No, not at all rude","Yes, somewhat rude","Yes, somewhat rude","Yes, very rude",No,No,Male,72,114000,Bachelor degree,South Atlantic
3432575865,Never,"","","","","","","","","","","","","","","","","","","","",Male,20,21000,High school degree,South Atlantic
3432576298,Once a month or less,Never,67,No,The arm rests should be shared,The arm rests should be shared,Everyone in the row should have some say,"No, not rude at all","No, not at all rude",Twice,"Yes, they should not recline their chair if the person behind them asks them not to","Yes, somewhat rude",Yes,"No, not at all rude","No, not at all rude","Yes, somewhat rude","Yes, somewhat rude","No, not at all rude","Yes, somewhat rude",No,No,Female,46,141000,High school degree,East North Central
3432577325,Once a month or less,Once in a while,70,No,The arm rests should be shared,The arm rests should be shared,Everyone in the row should have some say,"No, not rude at all","No, not at all rude",Three times,"Yes, they should not recline their chair if the person behind them asks them not to","Yes, somewhat rude",Yes,"No, not at all rude","No, not at all rude","No, not at all rude","No, not at all rude","No, not at all rude","Yes, somewhat rude",No,No,Female,55,108000,Bachelor degree,West South Central
3432578499,Once a year or less,Never,70,No,The arm rests should be shared,The arm rests should be shared,Everyone in the row should have some say,"No, not rude at all","No, not at all rude",Three times,"Yes, they should not recline their chair if the person behind them asks them not to","Yes, somewhat rude",Yes,"No, not at all rude","No, not at all rude","No, not at all rude","Yes, somewhat rude","No, not at all rude","Yes, somewhat rude",No,No,Female,57,29000,High school degree,West South Central
3432582665,Once a month or less,About half the time,74,No,The arm rests should be shared,The arm rests should be shared,Everyone in the row should have some say,"No, not rude at all","No, not at all rude",Three times,"No, the person on the flight has no obligation to the person behind them","Yes, somewhat rude",Yes,"Yes, somewhat rude","Yes, somewhat rude","No, not at all rude","No, not at all rude","No, not at all rude","No, not at all rude",No,No,Male,45,150000,Graduate degree,Middle Atlantic
3432583317,Once a month or less,Never,71,Yes,The arm rests should be shared,The arm rests should be shared,The person in the window seat should have exclusive control,"No, not rude at all","No, not at all rude",Twice,"Yes, they should not recline their chair if the person behind them asks them not to","Yes, somewhat rude",No,"Yes, somewhat rude","Yes, somewhat rude","Yes, somewhat rude","Yes, very rude","No, not at all rude","Yes, somewhat rude",Yes,No,Male,34,57000,Bachelor degree,Mountain
3432583627,Once a year or less,Once in a while,70,Yes,The arm rests should be shared,The arm rests should be shared,Everyone in the row should have some say,"No, not rude at all","No, not at all rude",Three times,"Yes, they should not recline their chair if the person behind them asks them not to","Yes, somewhat rude",No,"No, not at all rude","No, not at all rude","No, not at all rude","No, not at all rude","No, not at all rude","No, not at all rude",Yes,No,Male,51,"",Bachelor degree,New England
3432585436,Once a year or less,Once in a while,65,No,Whoever puts their arm on the arm rest first,The person in aisle,Everyone in the row should have some say,"No, not rude at all","Yes, somewhat rude",Twice,"Yes, they should not recline their chair if the person behind them asks them not to","No, not rude at all",No,"No, not at all rude","No, not at all rude","Yes, somewhat rude","Yes, somewhat rude","No, not at all rude","No, not at all rude",No,No,Female,22,84000,Bachelor degree,Mountain
3432586012,Once a year or less,Usually,64,Yes,The arm rests should be shared,The arm rests should be shared,Everyone in the row should have some say,"No, not rude at all","No, not at all rude",Three times,"No, the person on the flight has no obligation to the person behind them","No, not rude at all",No,"No, not at all rude","No, not at all rude","Yes, somewhat rude","Yes, somewhat rude","No, not at all rude","No, not at all rude",No,No,Female,31,"",Graduate degree,Middle Atlantic
3432590797,Once a year or less,Never,61,No,The arm rests should be shared,The arm rests should be shared,The person in the window seat should have exclusive control,"Yes, very rude","No, not at all rude",Four times,"Yes, they should not recline their chair if the person behind them asks them not to","Yes, somewhat rude",No,"No, not at all rude","No, not at all rude","No, not at all rude","Yes, somewhat rude","No, not at all rude","Yes, very rude",No,No,Female,28,29000,High school degree,Middle Atlantic
3432591009,Once a year or less,Usually,73,Yes,The arm rests should be shared,The arm rests should be shared,Everyone in the row should have some say,"No, not rude at all","No, not at all rude",Three times,"No, the person on the flight has no obligation to the person behind them","No, not rude at all",No,"No, not at all rude","No, not at all rude","Yes, somewhat rude","Yes, somewhat rude","No, not at all rude","No, not at all rude",No,No,Male,35,109000,Bachelor degree,West North Central
3432591264,Once a year or less,Always,72,No,The arm rests should be shared,The arm rests should be shared,Everyone in the row should have some say,"No, not rude at all","No, not at all rude",More than five times times,"No, the person on the flight has no obligation to the person behind them","No, not rude at all",No,"No, not at all rude","No, not at all rude","No, not at all rude","Yes, somewhat rude","No, not at all rude","Yes, very rude",No,No,Male,27,0,Bachelor degree,Pacific
3432592943,Once a year or less,Once in a while,65,Yes,The arm rests should be shared,The person by the window,Everyone in the row should have some say,"Yes, somewhat rude","No, not at all rude",Twice,"Yes, they should not recline their chair if the person behind them asks them not to","Yes, somewhat rude",Yes,"No, not at all rude","No, not at all rude","Yes, somewhat rude","Yes, very rude","No, not at all rude","Yes, somewhat rude",No,No,Male,48,75000,Graduate degree,West North Central
3432593776,Once a year or less,Usually,68,No,The arm rests should be shared,The arm rests should be shared,Everyone in the row should have some say,"No, not rude at all","No, not at all rude",Three times,"Yes, they should not recline their chair if the person behind them asks them not to","Yes, somewhat rude",No,"Yes, somewhat rude","No, not at all rude","Yes, somewhat rude","Yes, somewhat rude","No, not at all rude","Yes, somewhat rude",Yes,No,Female,23,29000,High school degree,East North Central
3432593810,A few times per month,Never,71,No,The person in the middle seat gets both arm rests,The arm rests should be shared,The person in the window seat should have exclusive control,"Yes, somewhat rude","No, not at all rude",Twice,"Yes, they should not recline their chair if the person behind them asks them not to","Yes, very rude",Yes,"No, not at all rude","No, not at all rude","No, not at all rude","No, not at all rude","Yes, very rude","Yes, very rude",No,No,Male,47,117000,Some college or Associate degree,South Atlantic
3432594046,Once a year or less,Usually,69,No,The arm rests should be shared,The arm rests should be shared,The person in the window seat should have exclusive control,"No, not rude at all","No, not at all rude",Three times,"Yes, they should not recline their chair if the person behind them asks them not to","No, not rude at all",No,"No, not at all rude","No, not at all rude","No, not at all rude","No, not at all rude","No, not at all rude","No, not at all rude",No,Yes,Male,52,150000,Bachelor degree,South Atlantic
3432595447,Once a year or less,Usually,72,No,The arm rests should be shared,The arm rests should be shared,The person in the window seat should have exclusive control,"No, not rude at all","No, not at all rude",Once,"No, the person on the flight has no obligation to the person behind them","No, not rude at all",No,"Yes, somewhat rude","Yes, somewhat rude","Yes, somewhat rude","Yes, somewhat rude","No, not at all rude","Yes, somewhat rude",No,No,Male,69,150000,Graduate degree,West South Central
3432595469,Once a month or less,Never,71,No,The arm rests should be shared,Whoever puts their arm on the arm rest first,Everyone in the row should have some say,"No, not rude at all","No, not at all rude",Twice,"Yes, they should not recline their chair if the person behind them asks them not to","Yes, somewhat rude",Yes,"No, not at all rude","No, not at all rude","No, not at all rude","Yes, somewhat rude","No, not at all rude","Yes, somewhat rude",Yes,No,Female,23,97000,Bachelor degree,West South Central
3432596033,Once a year or less,Once in a while,65,Yes,The arm rests should be shared,The arm rests should be shared,Everyone in the row should have some say,"No, not rude at all","No, not at all rude",Three times,"Yes, they should not recline their chair if the person behind them asks them not to","Yes, very rude",No,"Yes, somewhat rude","Yes, somewhat rude","No, not at all rude","No, not at all rude","No, not at all rude","No, not at all rude",No,No,Female,61,150000,Graduate degree,East South Central
3432596789,A few times per week,Never,65,No,The person in the middle seat gets both arm rests,The arm rests should be shared,The person in the window seat should have exclusive control,"Yes, very rude","Yes, somewhat rude",Twice,"Yes, they should not recline their chair if the person behind them asks them not to","Yes, somewhat rude",Yes,"Yes, somewhat rude","Yes, somewhat rude","Yes, somewhat rude","Yes, somewhat rude","Yes, somewhat rude","Yes, somewhat rude",Yes,Yes,Male,40,150000,High school degree,New England
3432597242,Never,"","","","","","","","","","","","","","","","","","","","",Female,21,7000,Some college or Associate degree,South Atlantic
3432597578,Once a year or less,Always,63,No,The arm rests should be shared,The arm rests should be shared,Everyone in the row should have some say,"No, not rude at all","No, not at all rude",More than five times times,"No, the person on the flight has no obligation to the person behind them","No, not rude at all",No,"No, not at all rude","No, not at all rude","No, not at all rude","No, not at all rude","No, not at all rude","No, not at all rude",No,No,Female,58,"",Graduate degree,New England
3432601169,Once a month or less,"","","","","","","","","","","","","","","","","","","","","","","","",""
3432601329,Once a year or less,Once in a while,63,No,The arm rests should be shared,The arm rests should be shared,Everyone in the row should have some say,"No, not rude at all","No, not at all rude",Three times,"Yes, they should not recline their chair if the person behind them asks them not to","No, not rude at all",No,"No, not at all rude","No, not at all rude","Yes, very rude","Yes, very rude","No, not at all rude","No, not at all rude",No,No,Female,21,67000,Bachelor degree,South Atlantic
3432603378,Never,"","","","","","","","","","","","","","","","","","","","",Male,58,79000,Some college or Associate degree,Pacific
3432604139,Once a year or less,Usually,70,No,The arm rests should be shared,The arm rests should be shared,Everyone in the row should have some say,"Yes, very rude","Yes, somewhat rude",Three times,"No, the person on the flight has no obligation to the person behind them","No, not rude at all",No,"No, not at all rude","No, not at all rude","Yes, somewhat rude","Yes, somewhat rude","Yes, very rude","Yes, very rude",No,No,Male,64,46000,Bachelor degree,East North Central
3432612073,Once a year or less,Once in a while,64,No,The person in the middle seat gets both arm rests,The person in aisle,Everyone in the row should have some say,"No, not rude at all","No, not at all rude",More than five times times,"Yes, they should not recline their chair if the person behind them asks them not to","No, not rude at all",No,"No, not at all rude","No, not at all rude","No, not at all rude","Yes, somewhat rude","Yes, somewhat rude","Yes, very rude",No,No,Female,28,60000,Some college or Associate degree,Middle Atlantic
3432612273,Once a year or less,Always,70,Yes,The arm rests should be shared,The arm rests should be shared,The person in the window seat should have exclusive control,"No, not rude at all","No, not at all rude",Twice,"Yes, they should not recline their chair if the person behind them asks them not to","No, not rude at all",Yes,"No, not at all rude","No, not at all rude","Yes, somewhat rude","Yes, somewhat rude","Yes, somewhat rude","Yes, very rude",No,No,Male,63,108000,Graduate degree,Pacific
3432612410,Once a year or less,Always,64,No,The arm rests should be shared,The arm rests should be shared,Everyone in the row should have some say,"No, not rude at all","Yes, somewhat rude",More than five times times,"No, the person on the flight has no obligation to the person behind them","No, not rude at all",No,"No, not at all rude","No, not at all rude","No, not at all rude","No, not at all rude","No, not at all rude","Yes, somewhat rude",No,No,Female,80,73000,Graduate degree,South Atlantic
3432614225,Once a month or less,Never,74,No,The person in the middle seat gets both arm rests,The arm rests should be shared,Everyone in the row should have some say,"No, not rude at all","No, not at all rude",Twice,"Yes, they should not recline their chair if the person behind them asks them not to","Yes, very rude",Yes,"No, not at all rude","No, not at all rude","Yes, somewhat rude","Yes, somewhat rude","Yes, somewhat rude","Yes, somewhat rude",No,No,Male,19,86000,Bachelor degree,West South Central
3432617142,Once a year or less,About half the time,67,No,The person in the middle seat gets both arm rests,Whoever puts their arm on the arm rest first,Everyone in the row should have some say,"No, not rude at all","No, not at all rude",Four times,"Yes, they should not recline their chair if the person behind them asks them not to","Yes, somewhat rude",No,"No, not at all rude","No, not at all rude","No, not at all rude","No, not at all rude","No, not at all rude","Yes, somewhat rude",No,No,Male,52,33000,Graduate degree,Mountain
3432618535,Once a year or less,Never,62,No,The arm rests should be shared,The arm rests should be shared,Everyone in the row should have some say,"Yes, somewhat rude","No, not at all rude",Three times,"Yes, they should not recline their chair if the person behind them asks them not to","Yes, somewhat rude",No,"No, not at all rude","No, not at all rude","No, not at all rude","Yes, somewhat rude","No, not at all rude","Yes, somewhat rude",No,No,Female,20,63000,Some college or Associate degree,East North Central
3432618918,Once a month or less,Usually,66,Yes,The arm rests should be shared,The person by the window,Everyone in the row should have some say,"Yes, somewhat rude","No, not at all rude",Twice,"Yes, they should not recline their chair if the person behind them asks them not to","No, not rude at all",No,"No, not at all rude","No, not at all rude","No, not at all rude","No, not at all rude","No, not at all rude","No, not at all rude",No,No,Female,54,150000,Graduate degree,West North Central
3432619859,Once a year or less,Once in a while,66,Yes,The arm rests should be shared,The arm rests should be shared,Everyone in the row should have some say,"No, not rude at all","No, not at all rude",Four times,"Yes, they should not recline their chair if the person behind them asks them not to","No, not rude at all",No,"No, not at all rude","No, not at all rude","Yes, somewhat rude","Yes, somewhat rude","No, not at all rude","No, not at all rude",No,No,Female,35,150000,Graduate degree,Mountain
3432621624,Once a month or less,Once in a while,70,No,The arm rests should be shared,The arm rests should be shared,Everyone in the row should have some say,"No, not rude at all","No, not at all rude",Four times,"Yes, they should not recline their chair if the person behind them asks them not to","Yes, somewhat rude",No,"No, not at all rude","No, not at all rude","No, not at all rude","No, not at all rude","Yes, somewhat rude","Yes, somewhat rude",No,No,Male,75,137000,Graduate degree,West North Central
3432621625,Once a year or less,Never,66,No,The arm rests should be shared,The arm rests should be shared,The person in the window seat should have exclusive control,"No, not rude at all","No, not at all rude",Three times,"Yes, they should not recline their chair if the person behind them asks them not to","Yes, somewhat rude",No,"No, not at all rude","No, not at all rude","No, not at all rude","Yes, somewhat rude","No, not at all rude","Yes, very rude",No,No,Female,57,60000,High school degree,Pacific
3432622886,Once a year or less,Once in a while,69,No,The arm rests should be shared,The arm rests should be shared,Everyone in the row should have some say,"No, not rude at all","No, not at all rude",It is not okay to get up during flight,"Yes, they should not recline their chair if the person behind them asks them not to","Yes, somewhat rude",Yes,"No, not at all rude","No, not at all rude","No, not at all rude","No, not at all rude","Yes, somewhat rude","Yes, very rude",No,No,Male,69,"",Some college or Associate degree,Pacific
3432625031,Once a month or less,Never,60,No,The arm rests should be shared,The arm rests should be shared,The person in the window seat should have exclusive control,"No, not rude at all","No, not at all rude",Three times,"Yes, they should not recline their chair if the person behind them asks them not to","Yes, somewhat rude",No,"No, not at all rude","No, not at all rude","Yes, somewhat rude","Yes, somewhat rude","No, not at all rude","No, not at all rude",No,No,Female,21,"",Some college or Associate degree,Pacific
3432627503,Once a year or less,Usually,61,No,The arm rests should be shared,The arm rests should be shared,Everyone in the row should have some say,"Yes, very rude","No, not at all rude",It is not okay to get up during flight,"Yes, they should not recline their chair if the person behind them asks them not to","Yes, somewhat rude",No,"No, not at all rude","No, not at all rude","No, not at all rude","Yes, very rude","No, not at all rude","Yes, somewhat rude",No,No,Female,79,16000,Bachelor degree,East North Central
3432628841,Once a year or less,Never,68,Yes,The arm rests should be shared,The arm rests should be shared,The person in the window seat should have exclusive control,"No, not rude at all","Yes, somewhat rude",More than five times times,"No, the person on the flight has no obligation to the person behind them","No, not rude at all",No,"No, not at all rude","No, not at all rude","No, not at all rude","Yes, somewhat rude","No, not at all rude","No, not at all rude",No,No,Male,36,126000,Graduate degree,West North Central
3432628864,Once a month or less,Usually,66,Yes,The arm rests should be shared,The arm rests should be shared,Everyone in the row should have some say,"No, not rude at all","No, not at all rude",Twice,"Yes, they should not recline their chair if the person behind them asks them not to","No, not rude at all",No,"No, not at all rude","No, not at all rude","Yes, somewhat rude","Yes, somewhat rude","Yes, somewhat rude","Yes, somewhat rude",Yes,No,Male,31,94000,Graduate degree,West South Central
3432630149,Once a year or less,Once in a while,61,No,The arm rests should be shared,The arm rests should be shared,Everyone in the row should have some say,"No, not rude at all","No, not at all rude",Twice,"No, the person on the flight has no obligation to the person behind them","No, not rude at all",No,"No, not at all rude","No, not at all rude","No, not at all rude","No, not at all rude","No, not at all rude","No, not at all rude",No,No,Female,54,60000,Graduate degree,West North Central
3432632431,Once a year or less,Once in a while,63,No,The person in the middle seat gets both arm rests,The person in aisle,The person in the window seat should have exclusive control,"No, not rude at all","No, not at all rude",Once,"Yes, they should not recline their chair if the person behind them asks them not to","No, not rude at all",Yes,"No, not at all rude","No, not at all rude","No, not at all rude","Yes, somewhat rude","No, not at all rude","No, not at all rude",No,No,Female,39,141000,Bachelor degree,Pacific
3432634383,Once a month or less,Once in a while,70,No,The person in the middle seat gets both arm rests,Whoever puts their arm on the arm rest first,The person in the window seat should have exclusive control,"Yes, somewhat rude","No, not at all rude",Twice,"Yes, they should not recline their chair if the person behind them asks them not to","No, not rude at all",Yes,"No, not at all rude","No, not at all rude","No, not at all rude","Yes, very rude","No, not at all rude","Yes, somewhat rude",No,No,Male,19,78000,Bachelor degree,Pacific
3432635515,Once a month or less,Always,70,No,The person in the middle seat gets both arm rests,The arm rests should be shared,Everyone in the row should have some say,"No, not rude at all","No, not at all rude",Three times,"No, the person on the flight has no obligation to the person behind them","No, not rude at all",No,"No, not at all rude","No, not at all rude","No, not at all rude","No, not at all rude","Yes, somewhat rude","Yes, very rude",No,No,Male,68,"",Graduate degree,Pacific
3432636547,Once a year or less,Once in a while,60,Yes,Whoever puts their arm on the arm rest first,The arm rests should be shared,The person in the window seat should have exclusive control,"Yes, very rude","No, not at all rude",More than five times times,"Yes, they should not recline their chair if the person behind them asks them not to","Yes, somewhat rude",No,"Yes, very rude","Yes, very rude","Yes, somewhat rude","Yes, very rude","No, not at all rude","Yes, somewhat rude",No,No,Female,78,"",Some college or Associate degree,South Atlantic
3432636848,Once a month or less,Once in a while,70,No,The arm rests should be shared,The arm rests should be shared,The person in the window seat should have exclusive control,"No, not rude at all","No, not at all rude",Three times,"No, the person on the flight has no obligation to the person behind them","No, not rude at all",Yes,"No, not at all rude","No, not at all rude","No, not at all rude","No, not at all rude","No, not at all rude","Yes, somewhat rude",No,No,Male,75,15000,Graduate degree,New England
3432637495,Once a year or less,Never,71,No,The person in the middle seat gets both arm rests,The arm rests should be shared,Everyone in the row should have some say,"No, not rude at all","No, not at all rude",Three times,"Yes, they should not recline their chair if the person behind them asks them not to","No, not rude at all",Yes,"No, not at all rude","No, not at all rude","Yes, somewhat rude","Yes, very rude","No, not at all rude","Yes, very rude",No,No,Male,79,150000,Graduate degree,South Atlantic
3432638246,Once a month or less,Once in a while,67,No,The arm rests should be shared,The arm rests should be shared,The person in the window seat should have exclusive control,"No, not rude at all","No, not at all rude",Twice,"Yes, they should not recline their chair if the person behind them asks them not to","Yes, somewhat rude",No,"Yes, somewhat rude","No, not at all rude","Yes, somewhat rude","Yes, somewhat rude","No, not at all rude","Yes, very rude",No,No,Male,52,105000,Graduate degree,Mountain
3432640585,Once a month or less,Once in a while,68,No,Whoever puts their arm on the arm rest first,Whoever puts their arm on the arm rest first,Everyone in the row should have some say,"No, not rude at all","Yes, somewhat rude",Twice,"No, the person on the flight has no obligation to the person behind them","No, not rude at all",No,"No, not at all rude","No, not at all rude","Yes, somewhat rude","Yes, very rude","No, not at all rude","Yes, somewhat rude",No,No,Female,18,100000,Bachelor degree,Pacific
3432641073,Once a month or less,Once in a while,62,No,The person in the middle seat gets both arm rests,The person in aisle,Everyone in the row should have some say,"No, not rude at all","No, not at all rude",Three times,"Yes, they should not recline their chair if the person behind them asks them not to","Yes, somewhat rude",No,"No, not at all rude","No, not at all rude","No, not at all rude","No, not at all rude","No, not at all rude","No, not at all rude",No,No,Female,52,32000,Some college or Associate degree,Middle Atlantic
3432642283,Once a year or less,Never,70,No,Whoever puts their arm on the arm rest first,Whoever puts their arm on the arm rest first,Everyone in the row should have some say,"No, not rude at all","No, not at all rude",More than five times times,"Yes, they should not recline their chair if the person behind them asks them not to","Yes, somewhat rude",Yes,"No, not at all rude","No, not at all rude","No, not at all rude","Yes, very rude","No, not at all rude","Yes, very rude",No,No,Male,59,"",Graduate degree,South Atlantic
3432644073,Never,"","","","","","","","","","","","","","","","","","","","",Male,45,52000,Graduate degree,East South Central
3432645979,Once a year or less,Once in a while,64,No,The arm rests should be shared,The arm rests should be shared,Everyone in the row should have some say,"No, not rude at all","No, not at all rude",Three times,"Yes, they should not recline their chair if the person behind them asks them not to","No, not rude at all",No,"No, not at all rude","No, not at all rude","Yes, somewhat rude","Yes, somewhat rude","Yes, somewhat rude","Yes, very rude",Yes,No,Female,19,37000,Some college or Associate degree,South Atlantic
3432646135,Once a year or less,Never,66,No,Whoever puts their arm on the arm rest first,Whoever puts their arm on the arm rest first,Everyone in the row should have some say,"Yes, somewhat rude","No, not at all rude",More than five times times,"Yes, they should not recline their chair if the person behind them asks them not to","Yes, somewhat rude",No,"No, not at all rude","No, not at all rude","Yes, somewhat rude","Yes, somewhat rude","No, not at all rude","Yes, somewhat rude",No,No,Male,19,"",Some college or Associate degree,South Atlantic
3432647057,Once a year or less,Always,67,Yes,Whoever puts their arm on the arm rest first,Whoever puts their arm on the arm rest first,The person in the window seat should have exclusive control,"No, not rude at all","No, not at all rude",Twice,"No, the person on the flight has no obligation to the person behind them","No, not rude at all",No,"Yes, somewhat rude","No, not at all rude","No, not at all rude","Yes, somewhat rude","No, not at all rude","Yes, somewhat rude",No,No,Female,51,118000,Bachelor degree,New England
3432651320,Once a year or less,Once in a while,66,No,Whoever puts their arm on the arm rest first,The arm rests should be shared,The person in the window seat should have exclusive control,"No, not rude at all","No, not at all rude",Three times,"Yes, they should not recline their chair if the person behind them asks them not to","Yes, somewhat rude",No,"No, not at all rude","No, not at all rude","No, not at all rude","No, not at all rude","Yes, somewhat rude","Yes, very rude",No,No,Female,25,91000,High school degree,West North Central
3432653171,Once a year or less,Never,62,No,Whoever puts their arm on the arm rest first,Whoever puts their arm on the arm rest first,Everyone in the row should have some say,"No, not rude at all","No, not at all rude",Three times,"Yes, they should not recline their chair if the person behind them asks them not to","Yes, very rude",Yes,"No, not at all rude","No, not at all rude","Yes, somewhat rude","Yes, very rude","Yes, somewhat rude","Yes, very rude",No,No,Female,26,59000,Some college or Associate degree,East North Central
3432653582,Once a year or less,Always,64,"",The arm rests should be shared,The person by the window,Everyone in the row should have some say,"No, not rude at all","No, not at all rude",Three times,"Yes, they should not recline their chair if the person behind them asks them not to","Yes, somewhat rude",No,"No, not at all rude","Yes, somewhat rude","Yes, very rude","No, not at all rude","No, not at all rude","Yes, somewhat rude",No,No,Female,71,141000,Graduate degree,Middle Atlantic
3432654546,Once a year or less,Usually,70,No,The arm rests should be shared,The arm rests should be shared,Everyone in the row should have some say,"No, not rude at all","No, not at all rude",Twice,"No, the person on the flight has no obligation to the person behind them","No, not rude at all",No,"No, not at all rude","No, not at all rude","No, not at all rude","No, not at all rude","Yes, somewhat rude","Yes, very rude",No,No,Male,58,62000,Graduate degree,Pacific
3432654840,Once a year or less,Usually,63,No,The arm rests should be shared,The arm rests should be shared,Everyone in the row should have some say,"No, not rude at all","No, not at all rude",More than five times times,"Yes, they should not recline their chair if the person behind them asks them not to","No, not rude at all",No,"No, not at all rude","No, not at all rude","No, not at all rude","No, not at all rude","No, not at all rude","Yes, very rude",No,No,Female,60,58000,Bachelor degree,West South Central
3432656062,Once a year or less,About half the time,74,No,The arm rests should be shared,The arm rests should be shared,Everyone in the row should have some say,"Yes, somewhat rude","No, not at all rude",Once,"No, the person on the flight has no obligation to the person behind them","Yes, somewhat rude",Yes,"Yes, somewhat rude","Yes, somewhat rude","Yes, somewhat rude","Yes, very rude","Yes, somewhat rude","Yes, very rude",No,No,Male,26,"",Bachelor degree,New England
3432657414,Once a year or less,Always,67,Yes,The arm rests should be shared,The arm rests should be shared,Everyone in the row should have some say,"No, not rude at all","No, not at all rude",Twice,"Yes, they should not recline their chair if the person behind them asks them not to","No, not rude at all",No,"No, not at all rude","No, not at all rude","Yes, somewhat rude","Yes, somewhat rude","No, not at all rude","Yes, somewhat rude",No,No,Female,18,"",Some college or Associate degree,East South Central
3432657579,Never,"","","","","","","","","","","","","","","","","","","","",Female,50,48000,Bachelor degree,Pacific
3432657800,Once a year or less,Always,67,No,Whoever puts their arm on the arm rest first,Whoever puts their arm on the arm rest first,Everyone in the row should have some say,"No, not rude at all","No, not at all rude",Four times,"No, the person on the flight has no obligation to the person behind them","No, not rude at all",No,"No, not at all rude","No, not at all rude","No, not at all rude","Yes, somewhat rude","Yes, somewhat rude","Yes, very rude",No,No,Female,52,"",Graduate degree,South Atlantic
3432659558,Once a year or less,Never,59,Yes,Whoever puts their arm on the arm rest first,Whoever puts their arm on the arm rest first,Everyone in the row should have some say,"No, not rude at all","No, not at all rude",Twice,"Yes, they should not recline their chair if the person behind them asks them not to","Yes, somewhat rude",Yes,"No, not at all rude","No, not at all rude","Yes, somewhat rude","Yes, very rude","No, not at all rude","Yes, somewhat rude",No,No,Female,46,62000,Graduate degree,Mountain
3432662408,Once a year or less,Never,61,No,The arm rests should be shared,The arm rests should be shared,Everyone in the row should have some say,"No, not rude at all","No, not at all rude",Three times,"Yes, they should not recline their chair if the person behind them asks them not to","Yes, somewhat rude",Yes,"Yes, very rude","Yes, very rude","No, not at all rude","Yes, somewhat rude","No, not at all rude","Yes, very rude",No,No,Female,36,150000,Graduate degree,Middle Atlantic
3432663659,Once a year or less,Always,73,No,The arm rests should be shared,The arm rests should be shared,Everyone in the row should have some say,"No, not rude at all","No, not at all rude",Twice,"No, the person on the flight has no obligation to the person behind them","No, not rude at all",No,"No, not at all rude","No, not at all rude","No, not at all rude","Yes, somewhat rude","No, not at all rude","Yes, very rude",No,No,Male,23,37000,Graduate degree,West North Central
3432669331,Never,"","","","","","","","","","","","","","","","","","","","",Male,60,104000,Bachelor degree,East North Central
3432671796,Once a year or less,Always,66,No,Other (please specify),The person in aisle,The person in the window seat should have exclusive control,"No, not rude at all","No, not at all rude",More than five times times,"No, the person on the flight has no obligation to the person behind them","No, not rude at all",No,"No, not at all rude","No, not at all rude","Yes, somewhat rude","Yes, somewhat rude","No, not at all rude","Yes, somewhat rude",No,No,Female,51,139000,Bachelor degree,New England
3432671925,Once a year or less,Never,62,No,The arm rests should be shared,The arm rests should be shared,The person in the window seat should have exclusive control,"No, not rude at all","No, not at all rude",Three times,"Yes, they should not recline their chair if the person behind them asks them not to","No, not rude at all",No,"No, not at all rude","No, not at all rude","No, not at all rude","No, not at all rude","No, not at all rude","Yes, very rude",Yes,No,Female,32,69000,Graduate degree,East North Central
3432673760,Once a year or less,Once in a while,55,No,Whoever puts their arm on the arm rest first,Whoever puts their arm on the arm rest first,The person in the window seat should have exclusive control,"No, not rude at all","No, not at all rude",Three times,"No, the person on the flight has no obligation to the person behind them","No, not rude at all",No,"No, not at all rude","No, not at all rude","No, not at all rude","No, not at all rude","No, not at all rude","No, not at all rude",No,No,Female,30,30000,Some college or Associate degree,Middle Atlantic
3432674597,Once a year or less,Once in a while,64,No,The arm rests should be shared,The arm rests should be shared,The person in the window seat should have exclusive control,"No, not rude at all","No, not at all rude",More than five times times,"Yes, they should not recline their chair if the person behind them asks them not to","Yes, somewhat rude",No,"No, not at all rude","No, not at all rude","Yes, somewhat rude","Yes, somewhat rude","No, not at all rude","Yes, somewhat rude",No,No,Female,55,"",High school degree,South Atlantic
3432674865,Once a year or less,Once in a while,74,Yes,The arm rests should be shared,The arm rests should be shared,The person in the window seat should have exclusive control,"No, not rude at all","No, not at all rude",Three times,"Yes, they should not recline their chair if the person behind them asks them not to","Yes, somewhat rude",Yes,"Yes, somewhat rude","No, not at all rude","No, not at all rude","Yes, very rude","No, not at all rude","Yes, somewhat rude",No,No,Male,53,40000,Some college or Associate degree,South Atlantic
3432676303,Once a month or less,Never,64,No,The person in the middle seat gets both arm rests,Whoever puts their arm on the arm rest first,The person in the window seat should have exclusive control,"Yes, somewhat rude","No, not at all rude",Twice,"Yes, they should not recline their chair if the person behind them asks them not to","Yes, very rude",Yes,"No, not at all rude","No, not at all rude","No, not at all rude","Yes, somewhat rude","No, not at all rude","Yes, somewhat rude",No,No,Female,23,75000,Bachelor degree,Mountain
3432679810,Never,"","","","","","","","","","","","","","","","","","","","",Female,67,32000,Some college or Associate degree,South Atlantic
3432680969,Once a month or less,Usually,67,No,The arm rests should be shared,The arm rests should be shared,Everyone in the row should have some say,"No, not rude at all","No, not at all rude",Three times,"No, the person on the flight has no obligation to the person behind them","No, not rude at all",No,"Yes, somewhat rude","No, not at all rude","No, not at all rude","No, not at all rude","No, not at all rude","Yes, somewhat rude",No,No,Female,27,25000,Bachelor degree,West North Central
3432681188,Once a year or less,Once in a while,72,No,The arm rests should be shared,The arm rests should be shared,Everyone in the row should have some say,"No, not rude at all","Yes, somewhat rude",Twice,"Yes, they should not recline their chair if the person behind them asks them not to","No, not rude at all",No,"No, not at all rude","No, not at all rude","Yes, somewhat rude","Yes, somewhat rude","No, not at all rude","Yes, somewhat rude",No,No,Male,66,141000,Graduate degree,Pacific
3432682685,Once a month or less,About half the time,66,No,The arm rests should be shared,The person in aisle,The person in the window seat should have exclusive control,"No, not rude at all","No, not at all rude",Four times,"Yes, they should not recline their chair if the person behind them asks them not to","Yes, somewhat rude",No,"Yes, somewhat rude","Yes, somewhat rude","Yes, somewhat rude","Yes, very rude","Yes, somewhat rude","Yes, very rude",No,No,Female,20,65000,Bachelor degree,New England
3432686527,Never,"","","","","","","","","","","","","","","","","","","","",Female,31,46000,High school degree,East North Central
3432686853,Once a year or less,Always,72,No,The arm rests should be shared,The arm rests should be shared,Everyone in the row should have some say,"No, not rude at all","Yes, somewhat rude",Twice,"Yes, they should not recline their chair if the person behind them asks them not to","No, not rude at all",No,"No, not at all rude","No, not at all rude","Yes, somewhat rude","Yes, somewhat rude","No, not at all rude","Yes, somewhat rude",No,No,Female,60,95000,Bachelor degree,""
3432688045,Once a year or less,Always,65,No,Whoever puts their arm on the arm rest first,The person by the window,The person in the window seat should have exclusive control,"No, not rude at all","No, not at all rude",Four times,"No, the person on the flight has no obligation to the person behind them","No, not rude at all",No,"Yes, somewhat rude","No, not at all rude","No, not at all rude","No, not at all rude","Yes, somewhat rude","Yes, very rude",Yes,No,Female,18,94000,Graduate degree,Pacific
3432690556,Once a year or less,Once in a while,62,No,The arm rests should be shared,The arm rests should be shared,Everyone in the row should have some say,"No, not rude at all","No, not at all rude",Once,"No, the person on the flight has no obligation to the person behind them","No, not rude at all",No,"Yes, somewhat rude","No, not at all rude","Yes, somewhat rude","Yes, very rude","No, not at all rude","Yes, somewhat rude",No,No,Female,47,142000,Graduate degree,West South Central
3432692283,Once a year or less,Once in a while,65,No,Other (please specify),Other (please specify),The person in the window seat should have exclusive control,"Yes, somewhat rude","No, not at all rude",Three times,"Yes, they should not recline their chair if the person behind them asks them not to","No, not rude at all",No,"No, not at all rude","No, not at all rude","No, not at all rude","Yes, somewhat rude","No, not at all rude","Yes, somewhat rude",No,No,Female,23,"",High school degree,East North Central
3432693762,Once a year or less,Usually,69,Yes,The arm rests should be shared,The arm rests should be shared,Everyone in the row should have some say,"No, not rude at all","No, not at all rude",Four times,"Yes, they should not recline their chair if the person behind them asks them not to","No, not rude at all",No,"No, not at all rude","No, not at all rude","No, not at all rude","Yes, somewhat rude","No, not at all rude","No, not at all rude",No,No,Female,34,59000,Bachelor degree,South Atlantic
3432694545,Once a year or less,Always,66,No,The arm rests should be shared,The arm rests should be shared,The person in the window seat should have exclusive control,"No, not rude at all","No, not at all rude",Three times,"Yes, they should not recline their chair if the person behind them asks them not to","Yes, somewhat rude",Yes,"Yes, very rude","Yes, very rude","Yes, somewhat rude","Yes, somewhat rude","No, not at all rude","Yes, very rude",No,No,Female,39,78000,Some college or Associate degree,Middle Atlantic
3432696460,Never,"","","","","","","","","","","","","","","","","","","","",Male,29,28000,Some college or Associate degree,Pacific
3432698661,Once a year or less,About half the time,68,No,Whoever puts their arm on the arm rest first,Whoever puts their arm on the arm rest first,The person in the window seat should have exclusive control,"Yes, very rude","Yes, very rude",Twice,"Yes, they should not recline their chair if the person behind them asks them not to","Yes, somewhat rude",No,"Yes, very rude","Yes, somewhat rude","Yes, very rude","Yes, very rude","Yes, very rude","Yes, very rude",Yes,No,Female,18,48000,Bachelor degree,South Atlantic
3432701612,Once a year or less,Never,69,No,The arm rests should be shared,The person in aisle,Everyone in the row should have some say,"No, not rude at all","Yes, somewhat rude",Twice,"Yes, they should not recline their chair if the person behind them asks them not to","Yes, somewhat rude",Yes,"Yes, somewhat rude","Yes, somewhat rude","Yes, somewhat rude","Yes, somewhat rude","No, not at all rude","Yes, somewhat rude",No,No,Female,29,83000,Bachelor degree,West North Central
3432702376,Never,"","","","","","","","","","","","","","","","","","","","",Female,23,52000,Bachelor degree,West South Central
3432702734,Never,"","","","","","","","","","","","","","","","","","","","",Female,27,38000,Bachelor degree,Pacific
3432703862,Once a month or less,Always,71,No,Whoever puts their arm on the arm rest first,Whoever puts their arm on the arm rest first,The person in the window seat should have exclusive control,"No, not rude at all","No, not at all rude",More than five times times,"No, the person on the flight has no obligation to the person behind them","No, not rude at all",No,"No, not at all rude","No, not at all rude","No, not at all rude","No, not at all rude","No, not at all rude","Yes, very rude",Yes,No,Male,53,116000,Bachelor degree,Middle Atlantic
3432704896,Once a year or less,Usually,62,No,The arm rests should be shared,The arm rests should be shared,Everyone in the row should have some say,"No, not rude at all","Yes, somewhat rude",Twice,"No, the person on the flight has no obligation to the person behind them","No, not rude at all",No,"No, not at all rude","No, not at all rude","Yes, somewhat rude","Yes, somewhat rude","No, not at all rude","No, not at all rude",No,No,Female,48,95000,Some college or Associate degree,West South Central
3432708518,Once a month or less,Never,68,Yes,The people in the aisle and window seats get both arm rests,The arm rests should be shared,The person in the window seat should have exclusive control,"No, not rude at all","No, not at all rude",Three times,"Yes, they should not recline their chair if the person behind them asks them not to","Yes, very rude",Yes,"No, not at all rude","No, not at all rude","No, not at all rude","No, not at all rude","No, not at all rude","No, not at all rude",No,No,Female,42,64000,Graduate degree,West North Central
3432710807,Once a year or less,Always,67,No,Whoever puts their arm on the arm rest first,Whoever puts their arm on the arm rest first,The person in the window seat should have exclusive control,"No, not rude at all","Yes, somewhat rude",Twice,"No, the person on the flight has no obligation to the person behind them","No, not rude at all",No,"No, not at all rude","No, not at all rude","No, not at all rude","Yes, somewhat rude","Yes, very rude","Yes, very rude",No,No,Female,50,50000,Graduate degree,West South Central
3432712670,Once a month or less,Usually,65,No,The arm rests should be shared,The arm rests should be shared,Everyone in the row should have some say,"No, not rude at all","No, not at all rude",Three times,"Yes, they should not recline their chair if the person behind them asks them not to","No, not rude at all",No,"Yes, somewhat rude","No, not at all rude","Yes, somewhat rude","Yes, very rude","No, not at all rude","No, not at all rude",Yes,No,Male,29,62000,Bachelor degree,East North Central
3432712733,Once a year or less,Once in a while,64,Yes,The arm rests should be shared,The arm rests should be shared,Everyone in the row should have some say,"No, not rude at all","No, not at all rude",More than five times times,"No, the person on the flight has no obligation to the person behind them","No, not rude at all",No,"No, not at all rude","No, not at all rude","No, not at all rude","No, not at all rude","No, not at all rude","No, not at all rude",No,No,Female,37,"",Bachelor degree,Mountain
3432712883,A few times per month,About half the time,73,No,The arm rests should be shared,The arm rests should be shared,The person in the window seat should have exclusive control,"No, not rude at all","No, not at all rude",Twice,"No, the person on the flight has no obligation to the person behind them","No, not rude at all",No,"No, not at all rude","No, not at all rude","No, not at all rude","No, not at all rude","No, not at all rude","Yes, somewhat rude",Yes,No,Male,77,150000,Bachelor degree,Pacific
3432715149,Once a year or less,Usually,63,No,Whoever puts their arm on the arm rest first,The arm rests should be shared,Everyone in the row should have some say,"No, not rude at all","No, not at all rude",Twice,"Yes, they should not recline their chair if the person behind them asks them not to","No, not rude at all",No,"No, not at all rude","No, not at all rude","Yes, somewhat rude","Yes, very rude","No, not at all rude","Yes, somewhat rude",No,No,Female,56,67000,Bachelor degree,New England
3432716154,Once a year or less,Always,70,No,Whoever puts their arm on the arm rest first,The person by the window,The person in the window seat should have exclusive control,"","","","","","","","","","","","","","","","","","",""
3432717557,Once a year or less,Always,67,No,The person in the middle seat gets both arm rests,The arm rests should be shared,Everyone in the row should have some say,"No, not rude at all","No, not at all rude",Four times,"Yes, they should not recline their chair if the person behind them asks them not to","No, not rude at all",No,"No, not at all rude","No, not at all rude","Yes, somewhat rude","Yes, very rude","No, not at all rude","Yes, somewhat rude",No,No,Male,21,12000,Some college or Associate degree,Pacific
3432719444,Once a year or less,Always,70,No,Whoever puts their arm on the arm rest first,Whoever puts their arm on the arm rest first,The person in the window seat should have exclusive control,"No, not rude at all","No, not at all rude",Three times,"No, the person on the flight has no obligation to the person behind them","No, not rude at all",Yes,"No, not at all rude","No, not at all rude","No, not at all rude","No, not at all rude","Yes, very rude","Yes, very rude",No,No,Male,64,59000,Graduate degree,Pacific
3432723006,Once a year or less,Usually,71,No,The arm rests should be shared,Whoever puts their arm on the arm rest first,Everyone in the row should have some say,"Yes, somewhat rude","No, not at all rude",Three times,"No, the person on the flight has no obligation to the person behind them","No, not rude at all",Yes,"Yes, somewhat rude","No, not at all rude","No, not at all rude","Yes, somewhat rude","No, not at all rude","Yes, very rude",No,No,Male,38,133000,Some college or Associate degree,Pacific
3432725057,Once a year or less,Once in a while,68,No,The arm rests should be shared,The arm rests should be shared,The person in the window seat should have exclusive control,"No, not rude at all","No, not at all rude",Twice,"No, the person on the flight has no obligation to the person behind them","No, not rude at all",No,"Yes, somewhat rude","Yes, somewhat rude","No, not at all rude","Yes, somewhat rude","Yes, very rude","Yes, very rude",No,No,Male,38,52000,"",East North Central
3432725309,Once a year or less,About half the time,60,No,The arm rests should be shared,The arm rests should be shared,The person in the window seat should have exclusive control,"Yes, somewhat rude","No, not at all rude",More than five times times,"Yes, they should not recline their chair if the person behind them asks them not to","Yes, somewhat rude",Yes,"No, not at all rude","No, not at all rude","No, not at all rude","Yes, somewhat rude","No, not at all rude","Yes, very rude",No,No,Female,33,69000,Graduate degree,East North Central
3432729279,Once a year or less,Never,71,No,The arm rests should be shared,The arm rests should be shared,The person in the window seat should have exclusive control,"No, not rude at all","No, not at all rude",Three times,"Yes, they should not recline their chair if the person behind them asks them not to","Yes, somewhat rude",Yes,"No, not at all rude","No, not at all rude","No, not at all rude","Yes, somewhat rude","Yes, somewhat rude","Yes, very rude",No,No,Male,60,33000,Some college or Associate degree,South Atlantic
3432729673,Once a year or less,Always,71,No,Whoever puts their arm on the arm rest first,Whoever puts their arm on the arm rest first,Everyone in the row should have some say,"No, not rude at all","No, not at all rude",Three times,"No, the person on the flight has no obligation to the person behind them","No, not rude at all",No,"No, not at all rude","No, not at all rude","No, not at all rude","Yes, somewhat rude","No, not at all rude","Yes, very rude",Yes,No,Male,22,48000,Some college or Associate degree,East North Central
3432730924,Once a month or less,Always,73,No,The arm rests should be shared,The arm rests should be shared,Everyone in the row should have some say,"No, not rude at all","No, not at all rude",Three times,"No, the person on the flight has no obligation to the person behind them","No, not rude at all",No,"No, not at all rude","No, not at all rude","Yes, somewhat rude","Yes, somewhat rude","No, not at all rude","Yes, somewhat rude",No,No,Male,63,150000,Graduate degree,Pacific
3432732425,Once a year or less,Never,68,No,The arm rests should be shared,The arm rests should be shared,Everyone in the row should have some say,"Yes, somewhat rude","Yes, somewhat rude",Three times,"Yes, they should not recline their chair if the person behind them asks them not to","Yes, somewhat rude",Yes,"No, not at all rude","No, not at all rude","No, not at all rude","Yes, somewhat rude","Yes, very rude","Yes, very rude",No,No,Male,44,"",Graduate degree,Middle Atlantic
3432742047,Never,"","","","","","","","","","","","","","","","","","","","",Female,40,55000,Bachelor degree,New England
3432743281,Once a year or less,Usually,62,Yes,The arm rests should be shared,The arm rests should be shared,Everyone in the row should have some say,"Yes, somewhat rude","No, not at all rude",More than five times times,"Yes, they should not recline their chair if the person behind them asks them not to","No, not rude at all",No,"No, not at all rude","No, not at all rude","Yes, somewhat rude","Yes, very rude","Yes, very rude","Yes, very rude",No,No,Female,48,120000,Graduate degree,East North Central
3432743308,Never,"","","","","","","","","","","","","","","","","","","","",Male,62,45000,Graduate degree,South Atlantic
3432747385,Once a year or less,Never,75,No,Other (please specify),The person in aisle,The person in the window seat should have exclusive control,"Yes, somewhat rude","No, not at all rude",Once,"Yes, they should not recline their chair if the person behind them asks them not to","Yes, very rude",Yes,"Yes, somewhat rude","Yes, somewhat rude","No, not at all rude","Yes, very rude","Yes, very rude","Yes, very rude",No,No,Male,24,"",Bachelor degree,West South Central
3432748659,Once a month or less,About half the time,68,Yes,The arm rests should be shared,The arm rests should be shared,Everyone in the row should have some say,"Yes, very rude","No, not at all rude",It is not okay to get up during flight,"No, the person on the flight has no obligation to the person behind them","No, not rude at all",No,"No, not at all rude","No, not at all rude","No, not at all rude","No, not at all rude","No, not at all rude","Yes, somewhat rude",No,No,Male,74,"","",Pacific
3432756556,Never,"","","","","","","","","","","","","","","","","","","","",Male,65,2000,High school degree,New England
3432756587,Once a month or less,Always,65,Yes,The arm rests should be shared,The arm rests should be shared,Everyone in the row should have some say,"Yes, somewhat rude","No, not at all rude",Twice,"Yes, they should not recline their chair if the person behind them asks them not to","No, not rude at all",No,"No, not at all rude","No, not at all rude","No, not at all rude","No, not at all rude","No, not at all rude","Yes, somewhat rude",No,No,Female,58,68000,Bachelor degree,South Atlantic
3432757277,Once a month or less,Usually,67,No,The arm rests should be shared,The arm rests should be shared,Everyone in the row should have some say,"No, not rude at all","No, not at all rude",Twice,"No, the person on the flight has no obligation to the person behind them","No, not rude at all",No,"No, not at all rude","No, not at all rude","No, not at all rude","Yes, somewhat rude","No, not at all rude","Yes, somewhat rude",No,No,Female,47,62000,Bachelor degree,South Atlantic
3432757907,Once a year or less,Always,66,No,The arm rests should be shared,The arm rests should be shared,The person in the window seat should have exclusive control,"No, not rude at all","No, not at all rude",Twice,"No, the person on the flight has no obligation to the person behind them","No, not rude at all",No,"No, not at all rude","No, not at all rude","Yes, somewhat rude","No, not at all rude","No, not at all rude","Yes, somewhat rude",No,No,Female,53,34000,Bachelor degree,Pacific
3432760923,Once a year or less,Usually,70,No,Whoever puts their arm on the arm rest first,Whoever puts their arm on the arm rest first,The person in the window seat should have exclusive control,"No, not rude at all","No, not at all rude",Three times,"No, the person on the flight has no obligation to the person behind them","Yes, somewhat rude",Yes,"No, not at all rude","No, not at all rude","No, not at all rude","No, not at all rude","No, not at all rude","Yes, very rude",No,No,Female,57,"",Bachelor degree,Middle Atlantic
3432764140,Once a year or less,Usually,66,Yes,Whoever puts their arm on the arm rest first,The arm rests should be shared,The person in the window seat should have exclusive control,"No, not rude at all","No, not at all rude",Three times,"No, the person on the flight has no obligation to the person behind them","Yes, somewhat rude",No,"Yes, somewhat rude","Yes, somewhat rude","Yes, somewhat rude","Yes, somewhat rude","No, not at all rude","Yes, somewhat rude",No,No,Female,34,133000,Bachelor degree,West South Central
3432766511,Once a month or less,Never,70,No,The arm rests should be shared,The person by the window,Everyone in the row should have some say,"Yes, somewhat rude","No, not at all rude",Three times,"No, the person on the flight has no obligation to the person behind them","No, not rude at all",Yes,"Yes, very rude","Yes, very rude","No, not at all rude","Yes, somewhat rude","Yes, very rude","Yes, very rude",No,No,Male,80,103000,Graduate degree,Pacific
3432768051,Once a month or less,Usually,65,No,The arm rests should be shared,The arm rests should be shared,The person in the window seat should have exclusive control,"Yes, somewhat rude","No, not at all rude",Three times,"No, the person on the flight has no obligation to the person behind them","No, not rude at all",No,"No, not at all rude","No, not at all rude","Yes, somewhat rude","Yes, somewhat rude","Yes, somewhat rude","Yes, very rude",No,No,Female,76,150000,Graduate degree,Pacific
3432773257,Once a year or less,About half the time,71,No,The arm rests should be shared,The arm rests should be shared,The person in the window seat should have exclusive control,"No, not rude at all","No, not at all rude",Once,"Yes, they should not recline their chair if the person behind them asks them not to","No, not rude at all",No,"No, not at all rude","No, not at all rude","No, not at all rude","Yes, somewhat rude","No, not at all rude","Yes, somewhat rude",No,No,Male,60,134000,Some college or Associate degree,Pacific
3432779202,Once a year or less,Usually,69,No,The arm rests should be shared,The person in aisle,Everyone in the row should have some say,"Yes, somewhat rude","No, not at all rude",Three times,"Yes, they should not recline their chair if the person behind them asks them not to","No, not rude at all",No,"No, not at all rude","No, not at all rude","No, not at all rude","No, not at all rude","No, not at all rude","Yes, very rude",No,No,Male,75,85000,High school degree,Middle Atlantic
3432780542,Once a month or less,Once in a while,72,No,The arm rests should be shared,The arm rests should be shared,The person in the window seat should have exclusive control,"No, not rude at all","No, not at all rude",Twice,"Yes, they should not recline their chair if the person behind them asks them not to","Yes, somewhat rude",Yes,"No, not at all rude","No, not at all rude","No, not at all rude","No, not at all rude","No, not at all rude","Yes, very rude",No,No,Male,53,73000,Bachelor degree,West South Central
3432782903,Once a year or less,Never,64,No,The arm rests should be shared,The arm rests should be shared,Everyone in the row should have some say,"No, not rude at all","No, not at all rude",Three times,"Yes, they should not recline their chair if the person behind them asks them not to","No, not rude at all",No,"No, not at all rude","No, not at all rude","Yes, somewhat rude","Yes, somewhat rude","No, not at all rude","Yes, somewhat rude",No,No,Female,57,124000,Graduate degree,East North Central
3432784159,Once a year or less,About half the time,70,No,The arm rests should be shared,The arm rests should be shared,The person in the window seat should have exclusive control,"No, not rude at all","No, not at all rude",Twice,"No, the person on the flight has no obligation to the person behind them","No, not rude at all",No,"No, not at all rude","No, not at all rude","Yes, somewhat rude","Yes, very rude","No, not at all rude","No, not at all rude",Yes,No,Male,37,49000,Bachelor degree,Pacific
3432786313,Once a year or less,Always,67,Yes,The arm rests should be shared,Whoever puts their arm on the arm rest first,The person in the window seat should have exclusive control,"No, not rude at all","No, not at all rude",Twice,"No, the person on the flight has no obligation to the person behind them","No, not rude at all",No,"No, not at all rude","No, not at all rude","No, not at all rude","Yes, somewhat rude","No, not at all rude","No, not at all rude",No,No,Female,38,57000,Bachelor degree,West North Central
3432791789,Once a year or less,Once in a while,75,No,The person in the middle seat gets both arm rests,The arm rests should be shared,The person in the window seat should have exclusive control,"No, not rude at all","Yes, very rude",Twice,"Yes, they should not recline their chair if the person behind them asks them not to","Yes, somewhat rude",Yes,"No, not at all rude","Yes, somewhat rude","No, not at all rude","Yes, somewhat rude","Yes, very rude","Yes, very rude",No,No,Male,60,22000,Bachelor degree,East South Central
3432792493,Once a month or less,Once in a while,67,No,The person in the middle seat gets both arm rests,The arm rests should be shared,Everyone in the row should have some say,"No, not rude at all","Yes, somewhat rude",Three times,"Yes, they should not recline their chair if the person behind them asks them not to","Yes, somewhat rude",Yes,"No, not at all rude","No, not at all rude","No, not at all rude","Yes, very rude","Yes, very rude","Yes, very rude",Yes,No,Male,49,150000,Bachelor degree,Pacific
3432793410,Once a month or less,About half the time,62,No,The arm rests should be shared,The arm rests should be shared,The person in the window seat should have exclusive control,"No, not rude at all","No, not at all rude",Three times,"No, the person on the flight has no obligation to the person behind them","No, not rude at all",No,"No, not at all rude","No, not at all rude","Yes, somewhat rude","Yes, very rude","Yes, somewhat rude","Yes, somewhat rude",Yes,No,Female,18,78000,Bachelor degree,Pacific
3432797272,Once a month or less,Once in a while,71,No,The arm rests should be shared,The arm rests should be shared,Everyone in the row should have some say,"No, not rude at all","No, not at all rude",Three times,"Yes, they should not recline their chair if the person behind them asks them not to","Yes, somewhat rude",Yes,"No, not at all rude","No, not at all rude","No, not at all rude","No, not at all rude","No, not at all rude","No, not at all rude",No,No,Female,40,59000,Graduate degree,Pacific
3432799814,Once a month or less,Once in a while,65,Yes,Other (please specify),Whoever puts their arm on the arm rest first,Everyone in the row should have some say,"No, not rude at all","No, not at all rude",Four times,"Yes, they should not recline their chair if the person behind them asks them not to","Yes, somewhat rude",No,"No, not at all rude","No, not at all rude","No, not at all rude","No, not at all rude","No, not at all rude","Yes, somewhat rude",No,No,Female,58,136000,Graduate degree,Pacific
3432800605,Once a month or less,Usually,65,No,The person in the middle seat gets both arm rests,The arm rests should be shared,Everyone in the row should have some say,"No, not rude at all","No, not at all rude",Twice,"No, the person on the flight has no obligation to the person behind them","No, not rude at all",No,"No, not at all rude","No, not at all rude","No, not at all rude","Yes, somewhat rude","Yes, very rude","Yes, very rude",Yes,No,Male,31,150000,Some college or Associate degree,Pacific
3432807061,Once a year or less,About half the time,62,No,The arm rests should be shared,The arm rests should be shared,Everyone in the row should have some say,"No, not rude at all","No, not at all rude",Three times,"Yes, they should not recline their chair if the person behind them asks them not to","Yes, somewhat rude",No,"No, not at all rude","No, not at all rude","No, not at all rude","Yes, somewhat rude","Yes, somewhat rude","Yes, very rude",No,No,Female,55,36000,Bachelor degree,Middle Atlantic
3432809285,Once a year or less,About half the time,69,No,The arm rests should be shared,The arm rests should be shared,Everyone in the row should have some say,"No, not rude at all","No, not at all rude",Four times,"Yes, they should not recline their chair if the person behind them asks them not to","No, not rude at all",No,"No, not at all rude","Yes, somewhat rude","Yes, somewhat rude","No, not at all rude","Yes, somewhat rude","Yes, somewhat rude",No,No,Female,45,126000,Graduate degree,Middle Atlantic
3432813538,Never,"","","","","","","","","","","","","","","","","","","","",Female,45,150000,Bachelor degree,East North Central
3432813588,Never,"","","","","","","","","","","","","","","","","","","","",Female,31,10000,Some college or Associate degree,Pacific
3432814266,Never,"","","","","","","","","","","","","","","","","","","","",Male,23,146000,Bachelor degree,Pacific
3432814391,Once a month or less,Once in a while,72,No,The person in the middle seat gets both arm rests,The arm rests should be shared,Everyone in the row should have some say,"No, not rude at all","Yes, somewhat rude",Four times,"Yes, they should not recline their chair if the person behind them asks them not to","Yes, somewhat rude",Yes,"No, not at all rude","No, not at all rude","No, not at all rude","No, not at all rude","Yes, somewhat rude","Yes, very rude",Yes,No,Male,78,150000,Graduate degree,Pacific
3432823175,Never,"","","","","","","","","","","","","","","","","","","","",Male,28,"",Less than high school degree,Pacific
3432826278,Once a month or less,Never,71,No,The people in the aisle and window seats get both arm rests,The person by the window,Everyone in the row should have some say,"Yes, somewhat rude","Yes, very rude",It is not okay to get up during flight,"No, the person on the flight has no obligation to the person behind them","Yes, very rude",Yes,"Yes, very rude","Yes, very rude","Yes, very rude","Yes, very rude","No, not at all rude","Yes, very rude",No,No,Male,19,"","",New England
3432827955,Once a month or less,Usually,68,No,The arm rests should be shared,The arm rests should be shared,The person in the window seat should have exclusive control,"No, not rude at all","No, not at all rude",More than five times times,"No, the person on the flight has no obligation to the person behind them","No, not rude at all",No,"No, not at all rude","No, not at all rude","No, not at all rude","No, not at all rude","No, not at all rude","No, not at all rude",No,No,Male,38,150000,Bachelor degree,Pacific
3432830879,Once a year or less,Usually,65,No,The person in the middle seat gets both arm rests,The person by the window,The person in the window seat should have exclusive control,"No, not rude at all","No, not at all rude",Twice,"Yes, they should not recline their chair if the person behind them asks them not to","No, not rude at all",No,"No, not at all rude","No, not at all rude","Yes, somewhat rude","Yes, somewhat rude","No, not at all rude","Yes, somewhat rude",No,No,Female,58,72000,Graduate degree,West South Central
3432831349,Once a year or less,"","","","","","","","","","","","","","","","","","","","","","","","",""
3432831602,Once a month or less,Always,65,No,Other (please specify),Other (please specify),Everyone in the row should have some say,"No, not rude at all","No, not at all rude",Three times,"No, the person on the flight has no obligation to the person behind them","No, not rude at all",No,"No, not at all rude","No, not at all rude","Yes, somewhat rude","Yes, very rude","Yes, somewhat rude","Yes, very rude",No,No,Female,64,102000,Graduate degree,East South Central
3432832379,Once a year or less,About half the time,60,No,Other (please specify),Whoever puts their arm on the arm rest first,The person in the window seat should have exclusive control,"No, not rude at all","No, not at all rude",More than five times times,"Yes, they should not recline their chair if the person behind them asks them not to","No, not rude at all",No,"No, not at all rude","No, not at all rude","Yes, somewhat rude","Yes, somewhat rude","No, not at all rude","No, not at all rude",No,No,Female,33,"","",East North Central
3432833143,Never,"","","","","","","","","","","","","","","","","","","","",Male,26,109000,Bachelor degree,Pacific
3432836941,Once a year or less,Usually,67,No,The arm rests should be shared,The arm rests should be shared,The person in the window seat should have exclusive control,"No, not rude at all","No, not at all rude",Three times,"No, the person on the flight has no obligation to the person behind them","No, not rude at all",No,"No, not at all rude","No, not at all rude","No, not at all rude","No, not at all rude","No, not at all rude","Yes, somewhat rude",No,No,Female,35,110000,Some college or Associate degree,West North Central
3432837467,Once a year or less,Once in a while,71,No,The person in the middle seat gets both arm rests,The person by the window,Everyone in the row should have some say,"No, not rude at all","No, not at all rude",Three times,"No, the person on the flight has no obligation to the person behind them","No, not rude at all",No,"No, not at all rude","No, not at all rude","No, not at all rude","Yes, somewhat rude","Yes, somewhat rude","Yes, very rude",No,No,Male,26,119000,Some college or Associate degree,Pacific
3432838747,Never,"","","","","","","","","","","","","","","","","","","","",Female,58,43000,High school degree,Middle Atlantic
3432839137,Once a year or less,Usually,50,No,Other (please specify),Other (please specify),The person in the window seat should have exclusive control,"No, not rude at all","No, not at all rude",More than five times times,"No, the person on the flight has no obligation to the person behind them","No, not rude at all",No,"No, not at all rude","No, not at all rude","No, not at all rude","No, not at all rude","No, not at all rude","No, not at all rude",No,No,Female,36,125000,Some college or Associate degree,Pacific
3432840422,Once a year or less,Once in a while,67,Yes,The arm rests should be shared,The arm rests should be shared,The person in the window seat should have exclusive control,"No, not rude at all","No, not at all rude",Twice,"Yes, they should not recline their chair if the person behind them asks them not to","No, not rude at all",No,"No, not at all rude","No, not at all rude","No, not at all rude","Yes, somewhat rude","No, not at all rude","Yes, somewhat rude",No,No,Female,55,"",Graduate degree,South Atlantic
3432843728,Once a year or less,Never,72,No,The arm rests should be shared,The arm rests should be shared,Everyone in the row should have some say,"No, not rude at all","No, not at all rude",Four times,"Yes, they should not recline their chair if the person behind them asks them not to","No, not rude at all",No,"No, not at all rude","No, not at all rude","Yes, somewhat rude","Yes, somewhat rude","No, not at all rude","Yes, somewhat rude",No,No,Male,59,150000,Graduate degree,New England
3432848086,Once a year or less,Never,72,No,The arm rests should be shared,The arm rests should be shared,Everyone in the row should have some say,"No, not rude at all","No, not at all rude",Four times,"Yes, they should not recline their chair if the person behind them asks them not to","No, not rude at all",No,"No, not at all rude","No, not at all rude","No, not at all rude","Yes, somewhat rude","No, not at all rude","Yes, somewhat rude",No,No,"","","","",""
3432848594,Once a year or less,Usually,67,Yes,The person in the middle seat gets both arm rests,The arm rests should be shared,Everyone in the row should have some say,"No, not rude at all","No, not at all rude",Three times,"No, the person on the flight has no obligation to the person behind them","No, not rude at all",No,"Yes, somewhat rude","No, not at all rude","Yes, somewhat rude","Yes, very rude","No, not at all rude","Yes, very rude",No,No,Female,38,51000,Some college or Associate degree,Pacific
3432852647,Once a month or less,Usually,62,No,Whoever puts their arm on the arm rest first,Whoever puts their arm on the arm rest first,The person in the window seat should have exclusive control,"No, not rude at all","No, not at all rude",Three times,"No, the person on the flight has no obligation to the person behind them","No, not rude at all",No,"No, not at all rude","No, not at all rude","Yes, somewhat rude","Yes, somewhat rude","No, not at all rude","No, not at all rude",Yes,No,Female,47,77000,High school degree,East South Central
3432853095,Once a year or less,Always,71,No,The arm rests should be shared,The arm rests should be shared,The person in the window seat should have exclusive control,"No, not rude at all","No, not at all rude",Twice,"Yes, they should not recline their chair if the person behind them asks them not to","No, not rude at all",Yes,"No, not at all rude","No, not at all rude","No, not at all rude","Yes, somewhat rude","No, not at all rude","Yes, very rude",No,No,Male,63,99000,Bachelor degree,Middle Atlantic
3432855309,Once a year or less,Once in a while,74,Yes,The arm rests should be shared,Whoever puts their arm on the arm rest first,The person in the window seat should have exclusive control,"No, not rude at all","No, not at all rude",Twice,"Yes, they should not recline their chair if the person behind them asks them not to","No, not rude at all",Yes,"No, not at all rude","No, not at all rude","No, not at all rude","No, not at all rude","No, not at all rude","Yes, somewhat rude",No,No,Male,59,111000,Bachelor degree,South Atlantic
3432855362,Once a year or less,About half the time,65,No,The arm rests should be shared,Whoever puts their arm on the arm rest first,The person in the window seat should have exclusive control,"No, not rude at all","No, not at all rude",Once,"Yes, they should not recline their chair if the person behind them asks them not to","No, not rude at all",No,"Yes, very rude","Yes, somewhat rude","Yes, very rude","Yes, very rude","Yes, somewhat rude","Yes, very rude",No,No,Female,51,43000,Bachelor degree,Pacific
3432858420,Once a year or less,Usually,60,No,The arm rests should be shared,The arm rests should be shared,Everyone in the row should have some say,"No, not rude at all","No, not at all rude",Twice,"Yes, they should not recline their chair if the person behind them asks them not to","No, not rude at all",No,"No, not at all rude","No, not at all rude","No, not at all rude","Yes, somewhat rude","No, not at all rude","Yes, somewhat rude",No,No,Female,68,56000,High school degree,West North Central
3432859575,Never,"","","","","","","","","","","","","","","","","","","","",Male,52,9000,Some college or Associate degree,Pacific
3432860498,Once a month or less,Once in a while,72,Yes,The arm rests should be shared,The arm rests should be shared,The person in the window seat should have exclusive control,"No, not rude at all","No, not at all rude",Four times,"Yes, they should not recline their chair if the person behind them asks them not to","Yes, somewhat rude",No,"No, not at all rude","No, not at all rude","No, not at all rude","No, not at all rude","No, not at all rude","Yes, somewhat rude",No,No,Male,58,73000,Graduate degree,West South Central
3432860870,Never,"","","","","","","","","","","","","","","","","","","","",Male,28,33000,Some college or Associate degree,West South Central
3432861352,Once a year or less,Once in a while,62,No,Other (please specify),The person by the window,Everyone in the row should have some say,"No, not rude at all","Yes, very rude",Twice,"Yes, they should not recline their chair if the person behind them asks them not to","Yes, very rude",Yes,"No, not at all rude","No, not at all rude","Yes, very rude","Yes, very rude","Yes, very rude","Yes, very rude",No,No,Female,51,150000,Graduate degree,South Atlantic
3432863119,Once a year or less,Always,67,No,The arm rests should be shared,The arm rests should be shared,Everyone in the row should have some say,"No, not rude at all","No, not at all rude",Three times,"Yes, they should not recline their chair if the person behind them asks them not to","No, not rude at all",No,"No, not at all rude","No, not at all rude","Yes, somewhat rude","Yes, somewhat rude","No, not at all rude","Yes, very rude",No,No,Female,51,50000,High school degree,East North Central
3432863942,Once a month or less,Never,75,Yes,Whoever puts their arm on the arm rest first,The arm rests should be shared,The person in the window seat should have exclusive control,"No, not rude at all","No, not at all rude",More than five times times,"No, the person on the flight has no obligation to the person behind them","No, not rude at all",No,"Yes, somewhat rude","No, not at all rude","No, not at all rude","No, not at all rude","No, not at all rude","Yes, very rude",No,No,Male,45,114000,Some college or Associate degree,Middle Atlantic
3432870182,Once a month or less,Once in a while,61,No,The arm rests should be shared,Other (please specify),Everyone in the row should have some say,"No, not rude at all","Yes, somewhat rude",Three times,"Yes, they should not recline their chair if the person behind them asks them not to","Yes, somewhat rude",No,"Yes, somewhat rude","No, not at all rude","Yes, somewhat rude","Yes, somewhat rude","No, not at all rude","Yes, somewhat rude",No,No,Female,76,"",Graduate degree,South Atlantic
3432874714,Once a year or less,Always,70,No,The arm rests should be shared,The arm rests should be shared,Everyone in the row should have some say,"No, not rude at all","Yes, somewhat rude",Three times,"No, the person on the flight has no obligation to the person behind them","No, not rude at all",No,"No, not at all rude","No, not at all rude","Yes, somewhat rude","Yes, somewhat rude","Yes, somewhat rude","Yes, somewhat rude",Yes,No,Male,20,150000,Bachelor degree,Middle Atlantic
3432882055,Once a year or less,Usually,63,No,The arm rests should be shared,The arm rests should be shared,The person in the window seat should have exclusive control,"No, not rude at all","No, not at all rude",Three times,"No, the person on the flight has no obligation to the person behind them","No, not rude at all",No,"No, not at all rude","No, not at all rude","No, not at all rude","Yes, somewhat rude","No, not at all rude","Yes, somewhat rude",No,No,Female,47,114000,High school degree,South Atlantic
3432882886,Once a month or less,Once in a while,72,No,The arm rests should be shared,The arm rests should be shared,Everyone in the row should have some say,"No, not rude at all","No, not at all rude",Four times,"Yes, they should not recline their chair if the person behind them asks them not to","No, not rude at all",No,"No, not at all rude","No, not at all rude","No, not at all rude","No, not at all rude","No, not at all rude","No, not at all rude",Yes,No,Male,41,"",Graduate degree,West South Central
3432888725,Once a year or less,Never,67,Yes,The arm rests should be shared,The arm rests should be shared,Everyone in the row should have some say,"No, not rude at all","No, not at all rude",Once,"Yes, they should not recline their chair if the person behind them asks them not to","Yes, somewhat rude",Yes,"No, not at all rude","No, not at all rude","No, not at all rude","Yes, somewhat rude","No, not at all rude","Yes, somewhat rude",No,No,Female,51,132000,Graduate degree,West South Central
3432889720,Once a year or less,About half the time,63,No,The person in the middle seat gets both arm rests,The arm rests should be shared,The person in the window seat should have exclusive control,"No, not rude at all","Yes, somewhat rude",Three times,"Yes, they should not recline their chair if the person behind them asks them not to","No, not rude at all",Yes,"No, not at all rude","No, not at all rude","No, not at all rude","No, not at all rude","No, not at all rude","Yes, very rude",No,No,Female,70,96000,Graduate degree,East North Central
3432892407,Once a year or less,Once in a while,63,No,The arm rests should be shared,The arm rests should be shared,The person in the window seat should have exclusive control,"No, not rude at all","No, not at all rude",Twice,"Yes, they should not recline their chair if the person behind them asks them not to","Yes, somewhat rude",Yes,"Yes, somewhat rude","Yes, somewhat rude","Yes, somewhat rude","Yes, somewhat rude","No, not at all rude","Yes, very rude",No,No,Female,48,"",Some college or Associate degree,East North Central
3432893247,Once a year or less,Once in a while,71,No,The arm rests should be shared,The arm rests should be shared,The person in the window seat should have exclusive control,"No, not rude at all","Yes, somewhat rude",Twice,"Yes, they should not recline their chair if the person behind them asks them not to","No, not rude at all",No,"No, not at all rude","No, not at all rude","Yes, somewhat rude","Yes, very rude","Yes, somewhat rude","Yes, very rude",Yes,No,Male,38,142000,Some college or Associate degree,Pacific
3432898980,Never,"","","","","","","","","","","","","","","","","","","","",Male,62,54000,Graduate degree,""
3432902085,Once a month or less,About half the time,63,No,The arm rests should be shared,The arm rests should be shared,Everyone in the row should have some say,"Yes, somewhat rude","No, not at all rude",Four times,"Yes, they should not recline their chair if the person behind them asks them not to","Yes, somewhat rude",No,"No, not at all rude","No, not at all rude","No, not at all rude","Yes, somewhat rude","Yes, somewhat rude","Yes, very rude",No,No,Female,52,115000,Graduate degree,Pacific
3432903879,Once a year or less,About half the time,70,No,The arm rests should be shared,The arm rests should be shared,Everyone in the row should have some say,"No, not rude at all","No, not at all rude",Three times,"Yes, they should not recline their chair if the person behind them asks them not to","Yes, somewhat rude",Yes,"No, not at all rude","No, not at all rude","Yes, somewhat rude","Yes, somewhat rude","No, not at all rude","No, not at all rude",No,No,Male,52,115000,Graduate degree,Mountain
3432904458,Once a year or less,Usually,67,No,The arm rests should be shared,The person by the window,Everyone in the row should have some say,"No, not rude at all","No, not at all rude",Twice,"Yes, they should not recline their chair if the person behind them asks them not to","Yes, somewhat rude",No,"No, not at all rude","No, not at all rude","No, not at all rude","No, not at all rude","No, not at all rude","Yes, somewhat rude",No,No,Female,44,98000,High school degree,East North Central
3432907691,Once a year or less,Usually,64,No,The arm rests should be shared,The arm rests should be shared,Everyone in the row should have some say,"No, not rude at all","No, not at all rude",More than five times times,"Yes, they should not recline their chair if the person behind them asks them not to","No, not rude at all",No,"No, not at all rude","No, not at all rude","No, not at all rude","Yes, somewhat rude","No, not at all rude","No, not at all rude",No,No,Female,69,26000,Some college or Associate degree,West South Central
3432907735,Once a year or less,Always,68,Yes,The arm rests should be shared,The arm rests should be shared,The person in the window seat should have exclusive control,"No, not rude at all","No, not at all rude",Twice,"No, the person on the flight has no obligation to the person behind them","No, not rude at all",No,"Yes, somewhat rude","Yes, somewhat rude","No, not at all rude","No, not at all rude","No, not at all rude","No, not at all rude",No,No,Female,36,135000,Bachelor degree,South Atlantic
3432907771,Once a year or less,Never,72,No,The arm rests should be shared,The arm rests should be shared,Everyone in the row should have some say,"No, not rude at all","No, not at all rude",Four times,"Yes, they should not recline their chair if the person behind them asks them not to","Yes, somewhat rude",Yes,"No, not at all rude","No, not at all rude","Yes, somewhat rude","Yes, somewhat rude","No, not at all rude","Yes, somewhat rude",No,No,Male,73,150000,Graduate degree,South Atlantic
3432911349,Never,"","","","","","","","","","","","","","","","","","","","",Female,35,133000,Bachelor degree,Middle Atlantic
3432911727,Once a year or less,Always,63,No,The arm rests should be shared,The person in aisle,The person in the window seat should have exclusive control,"No, not rude at all","No, not at all rude",Twice,"No, the person on the flight has no obligation to the person behind them","No, not rude at all",No,"Yes, somewhat rude","No, not at all rude","Yes, somewhat rude","Yes, somewhat rude","No, not at all rude","Yes, somewhat rude",No,No,Female,56,"",Bachelor degree,West North Central
3432913287,Once a year or less,About half the time,69,No,The arm rests should be shared,The arm rests should be shared,Everyone in the row should have some say,"No, not rude at all","No, not at all rude",Twice,"Yes, they should not recline their chair if the person behind them asks them not to","No, not rude at all",No,"No, not at all rude","No, not at all rude","No, not at all rude","No, not at all rude","Yes, somewhat rude","Yes, very rude",No,No,Female,57,"",Graduate degree,South Atlantic
3432918182,Once a year or less,Always,64,Yes,The person in the middle seat gets both arm rests,The arm rests should be shared,The person in the window seat should have exclusive control,"No, not rude at all","Yes, somewhat rude",Three times,"No, the person on the flight has no obligation to the person behind them","No, not rude at all",No,"No, not at all rude","No, not at all rude","No, not at all rude","Yes, somewhat rude","No, not at all rude","Yes, very rude",No,No,Female,52,40000,Some college or Associate degree,East North Central
3432918732,Never,"","","","","","","","","","","","","","","","","","","","",Male,47,21000,Some college or Associate degree,East North Central
3432918795,Never,"","","","","","","","","","","","","","","","","","","","",Male,24,21000,Some college or Associate degree,Mountain
3432918978,Once a month or less,Once in a while,72,No,The arm rests should be shared,The arm rests should be shared,Everyone in the row should have some say,"No, not rude at all","No, not at all rude",Three times,"Yes, they should not recline their chair if the person behind them asks them not to","Yes, somewhat rude",No,"No, not at all rude","No, not at all rude","No, not at all rude","Yes, very rude","No, not at all rude","Yes, very rude",No,No,Male,45,117000,Bachelor degree,West North Central
3432923463,Once a year or less,Usually,69,No,The arm rests should be shared,Whoever puts their arm on the arm rest first,The person in the window seat should have exclusive control,"No, not rude at all","No, not at all rude",Three times,"No, the person on the flight has no obligation to the person behind them","No, not rude at all",No,"No, not at all rude","No, not at all rude","No, not at all rude","No, not at all rude","No, not at all rude","Yes, very rude",No,No,Male,61,72000,Graduate degree,South Atlantic
3432927637,Once a month or less,Always,60,No,Other (please specify),The arm rests should be shared,Everyone in the row should have some say,"No, not rude at all","Yes, very rude",Once,"Yes, they should not recline their chair if the person behind them asks them not to","Yes, somewhat rude",No,"No, not at all rude","No, not at all rude","Yes, somewhat rude","Yes, somewhat rude","No, not at all rude","Yes, very rude",No,No,Female,52,110000,Bachelor degree,Middle Atlantic
3432928226,Once a year or less,Usually,71,Yes,The arm rests should be shared,The arm rests should be shared,Everyone in the row should have some say,"No, not rude at all","No, not at all rude",Three times,"Yes, they should not recline their chair if the person behind them asks them not to","No, not rude at all",No,"No, not at all rude","No, not at all rude","No, not at all rude","No, not at all rude","No, not at all rude","Yes, very rude",No,No,Male,71,21000,Some college or Associate degree,Middle Atlantic
3432929915,Once a month or less,Once in a while,63,Yes,The arm rests should be shared,The arm rests should be shared,The person in the window seat should have exclusive control,"No, not rude at all","Yes, very rude",Three times,"Yes, they should not recline their chair if the person behind them asks them not to","No, not rude at all",No,"No, not at all rude","No, not at all rude","Yes, somewhat rude","No, not at all rude","No, not at all rude","No, not at all rude",No,No,Female,32,"",Graduate degree,West South Central
3432936449,Once a year or less,Usually,64,Yes,The arm rests should be shared,The arm rests should be shared,Everyone in the row should have some say,"No, not rude at all","No, not at all rude",Once,"No, the person on the flight has no obligation to the person behind them","No, not rude at all",No,"No, not at all rude","No, not at all rude","Yes, somewhat rude","Yes, very rude","No, not at all rude","Yes, somewhat rude",No,No,Female,49,138000,Graduate degree,New England
3432938209,Once a month or less,Always,67,No,The arm rests should be shared,The arm rests should be shared,Everyone in the row should have some say,"No, not rude at all","No, not at all rude",Twice,"No, the person on the flight has no obligation to the person behind them","No, not rude at all",No,"No, not at all rude","No, not at all rude","No, not at all rude","No, not at all rude","Yes, somewhat rude","Yes, very rude",No,No,Female,50,117000,Bachelor degree,""
3432939803,Once a year or less,Always,69,Yes,The arm rests should be shared,The arm rests should be shared,Everyone in the row should have some say,"No, not rude at all","No, not at all rude",Four times,"No, the person on the flight has no obligation to the person behind them","No, not rude at all",No,"Yes, somewhat rude","No, not at all rude","No, not at all rude","Yes, somewhat rude","Yes, somewhat rude","Yes, somewhat rude",No,No,Male,45,119000,Bachelor degree,Mountain
3432940391,Never,"","","","","","","","","","","","","","","","","","","","",Female,56,"",Graduate degree,Middle Atlantic
3432940589,Once a year or less,Never,62,Yes,The arm rests should be shared,Whoever puts their arm on the arm rest first,The person in the window seat should have exclusive control,"Yes, somewhat rude","No, not at all rude",Twice,"Yes, they should not recline their chair if the person behind them asks them not to","Yes, somewhat rude",Yes,"Yes, somewhat rude","No, not at all rude","Yes, very rude","Yes, very rude","No, not at all rude","Yes, very rude",No,No,"","","","",""
3432941469,Once a year or less,About half the time,67,Yes,The arm rests should be shared,The arm rests should be shared,The person in the window seat should have exclusive control,"Yes, somewhat rude","No, not at all rude",Three times,"No, the person on the flight has no obligation to the person behind them","No, not rude at all",No,"No, not at all rude","No, not at all rude","No, not at all rude","Yes, somewhat rude","No, not at all rude","Yes, somewhat rude",No,No,Female,55,52000,Some college or Associate degree,West North Central
3432941768,A few times per month,Never,68,No,The person in the middle seat gets both arm rests,The arm rests should be shared,Everyone in the row should have some say,"No, not rude at all","Yes, somewhat rude",Once,"Yes, they should not recline their chair if the person behind them asks them not to","Yes, somewhat rude",Yes,"Yes, somewhat rude","Yes, somewhat rude","No, not at all rude","Yes, somewhat rude","Yes, very rude","Yes, very rude",No,No,Male,46,150000,Some college or Associate degree,Pacific
3432942662,Once a year or less,Always,71,No,Other (please specify),Other (please specify),Everyone in the row should have some say,"No, not rude at all","No, not at all rude",Four times,"No, the person on the flight has no obligation to the person behind them","No, not rude at all",No,"No, not at all rude","No, not at all rude","No, not at all rude","No, not at all rude","Yes, somewhat rude","Yes, very rude",No,No,Male,54,55000,Graduate degree,Pacific
3432944386,Once a year or less,About half the time,67,Yes,The arm rests should be shared,The arm rests should be shared,The person in the window seat should have exclusive control,"No, not rude at all","No, not at all rude",Three times,"Yes, they should not recline their chair if the person behind them asks them not to","No, not rude at all",No,"No, not at all rude","No, not at all rude","No, not at all rude","Yes, somewhat rude","No, not at all rude","Yes, very rude",No,No,Female,33,43000,Some college or Associate degree,New England
3432946991,Once a year or less,Usually,70,No,The arm rests should be shared,The arm rests should be shared,Everyone in the row should have some say,"Yes, somewhat rude","Yes, very rude",Twice,"Yes, they should not recline their chair if the person behind them asks them not to","No, not rude at all",No,"Yes, somewhat rude","Yes, somewhat rude","Yes, very rude","Yes, very rude","No, not at all rude","Yes, somewhat rude",No,No,Male,60,28000,Bachelor degree,Middle Atlantic
3432949297,Once a month or less,Once in a while,64,Yes,The arm rests should be shared,The arm rests should be shared,The person in the window seat should have exclusive control,"No, not rude at all","No, not at all rude",Twice,"Yes, they should not recline their chair if the person behind them asks them not to","Yes, somewhat rude",Yes,"No, not at all rude","No, not at all rude","No, not at all rude","Yes, somewhat rude","No, not at all rude","Yes, somewhat rude",No,No,Female,30,150000,Bachelor degree,West South Central
3432952223,Once a year or less,Once in a while,69,No,The arm rests should be shared,The arm rests should be shared,Everyone in the row should have some say,"No, not rude at all","No, not at all rude",Three times,"Yes, they should not recline their chair if the person behind them asks them not to","No, not rude at all",Yes,"Yes, somewhat rude","Yes, somewhat rude","No, not at all rude","Yes, somewhat rude","No, not at all rude","Yes, very rude",No,No,Female,71,143000,Graduate degree,Pacific
3432960705,Once a year or less,About half the time,62,No,The arm rests should be shared,The person in aisle,Everyone in the row should have some say,"No, not rude at all","No, not at all rude",Four times,"Yes, they should not recline their chair if the person behind them asks them not to","No, not rude at all",No,"No, not at all rude","No, not at all rude","No, not at all rude","Yes, somewhat rude","No, not at all rude","Yes, somewhat rude",No,No,Female,66,"",Bachelor degree,Mountain
3432962590,Once a year or less,About half the time,68,Yes,Other (please specify),The arm rests should be shared,Everyone in the row should have some say,"No, not rude at all","Yes, somewhat rude",Twice,"No, the person on the flight has no obligation to the person behind them","Yes, somewhat rude",Yes,"No, not at all rude","No, not at all rude","Yes, somewhat rude","Yes, somewhat rude","No, not at all rude","No, not at all rude",No,No,Female,57,125000,Graduate degree,West North Central
3432963197,Once a month or less,Once in a while,65,No,The arm rests should be shared,The arm rests should be shared,Everyone in the row should have some say,"No, not rude at all","No, not at all rude",Three times,"Yes, they should not recline their chair if the person behind them asks them not to","Yes, somewhat rude",Yes,"Yes, somewhat rude","Yes, somewhat rude","No, not at all rude","Yes, somewhat rude","Yes, somewhat rude","Yes, very rude",No,No,Female,66,98000,Graduate degree,South Atlantic
3432965050,Once a month or less,About half the time,63,No,The person in the middle seat gets both arm rests,The person in aisle,The person in the window seat should have exclusive control,"No, not rude at all","No, not at all rude",Once,"Yes, they should not recline their chair if the person behind them asks them not to","Yes, somewhat rude",No,"Yes, somewhat rude","Yes, somewhat rude","Yes, somewhat rude","Yes, very rude","Yes, somewhat rude","Yes, very rude",No,No,Female,41,"",Graduate degree,Pacific
3432968822,Once a year or less,Always,71,No,Whoever puts their arm on the arm rest first,Whoever puts their arm on the arm rest first,Everyone in the row should have some say,"No, not rude at all","No, not at all rude",Twice,"No, the person on the flight has no obligation to the person behind them","No, not rude at all",No,"No, not at all rude","No, not at all rude","No, not at all rude","No, not at all rude","No, not at all rude","Yes, very rude",No,No,Male,75,97000,Some college or Associate degree,South Atlantic
3432970038,Once a month or less,Usually,69,No,The arm rests should be shared,The arm rests should be shared,The person in the window seat should have exclusive control,"No, not rude at all","No, not at all rude",Three times,"No, the person on the flight has no obligation to the person behind them","Yes, somewhat rude",Yes,"No, not at all rude","No, not at all rude","Yes, somewhat rude","Yes, somewhat rude","No, not at all rude","Yes, somewhat rude",No,No,Female,56,53000,Bachelor degree,Pacific
3432972333,Once a year or less,Usually,65,No,Whoever puts their arm on the arm rest first,Whoever puts their arm on the arm rest first,The person in the window seat should have exclusive control,"No, not rude at all","No, not at all rude",More than five times times,"No, the person on the flight has no obligation to the person behind them","No, not rude at all",No,"Yes, somewhat rude","Yes, somewhat rude","No, not at all rude","No, not at all rude","Yes, somewhat rude","Yes, very rude",No,No,Female,61,61000,Graduate degree,South Atlantic
3432973828,A few times per month,Always,70,No,The arm rests should be shared,The arm rests should be shared,The person in the window seat should have exclusive control,"No, not rude at all","No, not at all rude",Twice,"Yes, they should not recline their chair if the person behind them asks them not to","No, not rude at all",No,"No, not at all rude","No, not at all rude","No, not at all rude","Yes, somewhat rude","No, not at all rude","Yes, somewhat rude",Yes,No,Male,56,"",Graduate degree,West South Central
3432974561,Once a year or less,Once in a while,70,No,The arm rests should be shared,The arm rests should be shared,Everyone in the row should have some say,"No, not rude at all","Yes, somewhat rude",Once,"Yes, they should not recline their chair if the person behind them asks them not to","No, not rude at all",No,"No, not at all rude","No, not at all rude","No, not at all rude","Yes, somewhat rude","No, not at all rude","Yes, somewhat rude",No,No,Female,76,49000,Some college or Associate degree,New England
3432975899,Once a year or less,Never,68,No,The arm rests should be shared,The arm rests should be shared,The person in the window seat should have exclusive control,"No, not rude at all","No, not at all rude",Twice,"Yes, they should not recline their chair if the person behind them asks them not to","Yes, somewhat rude",Yes,"No, not at all rude","No, not at all rude","Yes, somewhat rude","Yes, somewhat rude","No, not at all rude","Yes, somewhat rude",No,No,Female,44,99000,Some college or Associate degree,Pacific
3432979719,Once a year or less,Once in a while,64,No,The arm rests should be shared,The arm rests should be shared,The person in the window seat should have exclusive control,"No, not rude at all","No, not at all rude",Twice,"No, the person on the flight has no obligation to the person behind them","No, not rude at all",No,"No, not at all rude","No, not at all rude","Yes, somewhat rude","Yes, very rude","No, not at all rude","Yes, very rude",No,No,Female,69,74000,Some college or Associate degree,Pacific
3432981204,Once a year or less,Once in a while,74,No,Whoever puts their arm on the arm rest first,Whoever puts their arm on the arm rest first,Everyone in the row should have some say,"No, not rude at all","No, not at all rude",Three times,"Yes, they should not recline their chair if the person behind them asks them not to","Yes, somewhat rude",No,"No, not at all rude","No, not at all rude","No, not at all rude","No, not at all rude","No, not at all rude","No, not at all rude",No,No,Male,22,18000,Some college or Associate degree,South Atlantic
3432981710,Once a year or less,Always,66,No,The person in the middle seat gets both arm rests,The arm rests should be shared,Everyone in the row should have some say,"No, not rude at all","No, not at all rude",Twice,"Yes, they should not recline their chair if the person behind them asks them not to","No, not rude at all",No,"Yes, somewhat rude","No, not at all rude","No, not at all rude","Yes, somewhat rude","Yes, somewhat rude","Yes, somewhat rude",Yes,No,Female,46,100000,Graduate degree,New England
3432982461,A few times per month,About half the time,66,Yes,Other (please specify),Other (please specify),Everyone in the row should have some say,"No, not rude at all","No, not at all rude",More than five times times,"Yes, they should not recline their chair if the person behind them asks them not to","No, not rude at all",No,"No, not at all rude","No, not at all rude","No, not at all rude","No, not at all rude","No, not at all rude","No, not at all rude",No,No,Female,49,150000,Bachelor degree,West South Central
3432983878,Never,"","","","","","","","","","","","","","","","","","","","",Male,63,50000,Some college or Associate degree,East North Central
3432984086,Once a year or less,Usually,71,No,Whoever puts their arm on the arm rest first,The person by the window,The person in the window seat should have exclusive control,"No, not rude at all","No, not at all rude",Four times,"No, the person on the flight has no obligation to the person behind them","No, not rude at all",No,"No, not at all rude","No, not at all rude","No, not at all rude","No, not at all rude","No, not at all rude","Yes, very rude",No,No,Male,63,"",Some college or Associate degree,West South Central
3432984528,Once a year or less,About half the time,71,No,The arm rests should be shared,The arm rests should be shared,Everyone in the row should have some say,"No, not rude at all","No, not at all rude",Three times,"Yes, they should not recline their chair if the person behind them asks them not to","Yes, somewhat rude",No,"No, not at all rude","No, not at all rude","Yes, somewhat rude","Yes, somewhat rude","No, not at all rude","Yes, very rude",No,No,Male,55,108000,Graduate degree,East North Central
3432985270,Once a year or less,Always,64,No,The arm rests should be shared,The arm rests should be shared,The person in the window seat should have exclusive control,"No, not rude at all","No, not at all rude",Twice,"Yes, they should not recline their chair if the person behind them asks them not to","No, not rude at all",No,"No, not at all rude","No, not at all rude","Yes, somewhat rude","Yes, somewhat rude","No, not at all rude","Yes, somewhat rude",No,No,Female,38,99000,Bachelor degree,East South Central
3432985328,Once a month or less,Once in a while,64,No,The arm rests should be shared,The arm rests should be shared,The person in the window seat should have exclusive control,"No, not rude at all","No, not at all rude",Twice,"No, the person on the flight has no obligation to the person behind them","No, not rude at all",No,"No, not at all rude","No, not at all rude","Yes, somewhat rude","Yes, very rude","No, not at all rude","Yes, very rude",No,No,"","","","",""
3432993607,Once a year or less,Once in a while,65,No,The arm rests should be shared,The arm rests should be shared,Everyone in the row should have some say,"Yes, somewhat rude","No, not at all rude",Three times,"Yes, they should not recline their chair if the person behind them asks them not to","Yes, somewhat rude",No,"No, not at all rude","No, not at all rude","Yes, very rude","Yes, very rude","No, not at all rude","Yes, somewhat rude",No,No,Female,46,42000,Some college or Associate degree,East North Central
3432997737,Once a year or less,Once in a while,71,Yes,The person in the middle seat gets both arm rests,Whoever puts their arm on the arm rest first,Everyone in the row should have some say,"No, not rude at all","No, not at all rude",Three times,"Yes, they should not recline their chair if the person behind them asks them not to","Yes, somewhat rude",Yes,"No, not at all rude","No, not at all rude","No, not at all rude","Yes, somewhat rude","Yes, somewhat rude","Yes, somewhat rude",No,No,Male,50,71000,High school degree,East North Central
3433000796,Once a year or less,About half the time,65,Yes,The arm rests should be shared,The arm rests should be shared,Everyone in the row should have some say,"No, not rude at all","No, not at all rude",Once,"Yes, they should not recline their chair if the person behind them asks them not to","Yes, somewhat rude",Yes,"Yes, somewhat rude","Yes, somewhat rude","Yes, somewhat rude","Yes, somewhat rude","No, not at all rude","Yes, somewhat rude",No,No,Female,58,124000,Graduate degree,West North Central
3433003301,Once a year or less,About half the time,64,Yes,Whoever puts their arm on the arm rest first,Whoever puts their arm on the arm rest first,The person in the window seat should have exclusive control,"No, not rude at all","No, not at all rude",More than five times times,"No, the person on the flight has no obligation to the person behind them","No, not rude at all",No,"Yes, somewhat rude","Yes, somewhat rude","No, not at all rude","No, not at all rude","No, not at all rude","No, not at all rude",No,No,Female,30,"",Some college or Associate degree,Mountain
3433003776,Once a month or less,Usually,70,No,The arm rests should be shared,The arm rests should be shared,Everyone in the row should have some say,"No, not rude at all","No, not at all rude",Twice,"Yes, they should not recline their chair if the person behind them asks them not to","No, not rude at all",No,"No, not at all rude","No, not at all rude","No, not at all rude","Yes, somewhat rude","Yes, very rude","Yes, very rude",No,No,Male,44,35000,Graduate degree,West South Central
3433005536,Once a year or less,Once in a while,67,No,The arm rests should be shared,Whoever puts their arm on the arm rest first,Everyone in the row should have some say,"No, not rude at all","No, not at all rude",Four times,"Yes, they should not recline their chair if the person behind them asks them not to","No, not rude at all",Yes,"Yes, somewhat rude","Yes, somewhat rude","No, not at all rude","No, not at all rude","No, not at all rude","No, not at all rude",No,No,Female,69,96000,Graduate degree,New England
3433006165,Once a year or less,Usually,68,No,The arm rests should be shared,The arm rests should be shared,Everyone in the row should have some say,"No, not rude at all","No, not at all rude",Three times,"Yes, they should not recline their chair if the person behind them asks them not to","No, not rude at all",No,"No, not at all rude","No, not at all rude","No, not at all rude","Yes, somewhat rude","No, not at all rude","No, not at all rude",No,No,Male,58,123000,Some college or Associate degree,East South Central
3433010053,Never,"","","","","","","","","","","","","","","","","","","","",Female,31,84000,High school degree,East North Central
3433010954,Never,"","","","","","","","","","","","","","","","","","","","",Female,57,79000,High school degree,Pacific
3433011754,Once a year or less,Usually,67,No,Whoever puts their arm on the arm rest first,Whoever puts their arm on the arm rest first,Everyone in the row should have some say,"No, not rude at all","No, not at all rude",Three times,"No, the person on the flight has no obligation to the person behind them","No, not rude at all",No,"No, not at all rude","No, not at all rude","No, not at all rude","No, not at all rude","No, not at all rude","No, not at all rude",No,No,Female,73,116000,Graduate degree,Pacific
3433016483,Once a year or less,Always,66,No,The arm rests should be shared,The arm rests should be shared,The person in the window seat should have exclusive control,"Yes, somewhat rude","No, not at all rude",Twice,"No, the person on the flight has no obligation to the person behind them","No, not rude at all",No,"No, not at all rude","No, not at all rude","No, not at all rude","No, not at all rude","No, not at all rude","Yes, somewhat rude",No,No,Female,57,150000,Bachelor degree,Pacific
3433018911,Once a year or less,Never,60,No,The arm rests should be shared,The arm rests should be shared,Everyone in the row should have some say,"No, not rude at all","No, not at all rude",Twice,"Yes, they should not recline their chair if the person behind them asks them not to","Yes, somewhat rude",Yes,"No, not at all rude","No, not at all rude","No, not at all rude","Yes, somewhat rude","No, not at all rude","Yes, very rude",No,No,Female,52,111000,Some college or Associate degree,West North Central
3433020399,Once a year or less,Always,60,No,The arm rests should be shared,The arm rests should be shared,Everyone in the row should have some say,"No, not rude at all","No, not at all rude",Twice,"Yes, they should not recline their chair if the person behind them asks them not to","No, not rude at all",No,"No, not at all rude","No, not at all rude","Yes, somewhat rude","Yes, somewhat rude","Yes, very rude","Yes, very rude",No,No,Female,60,"",Some college or Associate degree,West North Central
3433024187,Once a month or less,Once in a while,72,No,Other (please specify),Other (please specify),Everyone in the row should have some say,"No, not rude at all","Yes, somewhat rude",Four times,"Yes, they should not recline their chair if the person behind them asks them not to","Yes, somewhat rude",Yes,"No, not at all rude","No, not at all rude","No, not at all rude","No, not at all rude","No, not at all rude","Yes, somewhat rude",No,No,Male,59,150000,Graduate degree,East South Central
3433024395,Never,"","","","","","","","","","","","","","","","","","","","",Female,78,82000,Graduate degree,Middle Atlantic
3433026928,Once a month or less,Once in a while,71,Yes,The person in the middle seat gets both arm rests,The arm rests should be shared,The person in the window seat should have exclusive control,"No, not rude at all","No, not at all rude",Four times,"No, the person on the flight has no obligation to the person behind them","No, not rude at all",No,"No, not at all rude","No, not at all rude","No, not at all rude","Yes, very rude","No, not at all rude","Yes, somewhat rude",No,No,Male,54,150000,Graduate degree,Middle Atlantic
3433032917,Once a year or less,Usually,68,No,The arm rests should be shared,The arm rests should be shared,Everyone in the row should have some say,"No, not rude at all","No, not at all rude",Three times,"Yes, they should not recline their chair if the person behind them asks them not to","No, not rude at all",No,"No, not at all rude","No, not at all rude","No, not at all rude","No, not at all rude","No, not at all rude","Yes, somewhat rude",No,No,Male,61,28000,Graduate degree,Pacific
3433036205,Never,"","","","","","","","","","","","","","","","","","","","",Male,66,68000,Graduate degree,West South Central
3433036321,Once a year or less,Never,62,No,The arm rests should be shared,The arm rests should be shared,The person in the window seat should have exclusive control,"No, not rude at all","No, not at all rude",Twice,"Yes, they should not recline their chair if the person behind them asks them not to","Yes, somewhat rude",No,"No, not at all rude","No, not at all rude","Yes, somewhat rude","Yes, very rude","Yes, somewhat rude","Yes, somewhat rude",No,No,Female,34,38000,Some college or Associate degree,West North Central
3433038245,Once a year or less,About half the time,72,No,Whoever puts their arm on the arm rest first,Whoever puts their arm on the arm rest first,The person in the window seat should have exclusive control,"No, not rude at all","No, not at all rude",More than five times times,"No, the person on the flight has no obligation to the person behind them","No, not rude at all",No,"No, not at all rude","No, not at all rude","No, not at all rude","Yes, somewhat rude","Yes, very rude","Yes, very rude",No,No,Male,53,150000,Some college or Associate degree,New England
3433038337,Once a year or less,Never,64,No,The arm rests should be shared,The arm rests should be shared,The person in the window seat should have exclusive control,"No, not rude at all","No, not at all rude",Twice,"Yes, they should not recline their chair if the person behind them asks them not to","Yes, very rude",Yes,"No, not at all rude","No, not at all rude","Yes, somewhat rude","Yes, somewhat rude","No, not at all rude","Yes, very rude",No,No,Female,67,"",High school degree,Pacific
3433038916,Once a year or less,Usually,62,No,The person in the middle seat gets both arm rests,The arm rests should be shared,Everyone in the row should have some say,"Yes, somewhat rude","No, not at all rude",Three times,"No, the person on the flight has no obligation to the person behind them","Yes, somewhat rude",No,"Yes, somewhat rude","Yes, somewhat rude","Yes, somewhat rude","Yes, very rude","Yes, somewhat rude","Yes, very rude",Yes,No,Male,29,12000,Graduate degree,West South Central
3433040208,Once a year or less,Never,71,"",The arm rests should be shared,The arm rests should be shared,The person in the window seat should have exclusive control,"Yes, somewhat rude","Yes, somewhat rude",Three times,"Yes, they should not recline their chair if the person behind them asks them not to","Yes, very rude",Yes,"","","","","","","","","","","","",""
3433040502,Once a year or less,Usually,72,Yes,The arm rests should be shared,The arm rests should be shared,Everyone in the row should have some say,"Yes, very rude","No, not at all rude",Four times,"Yes, they should not recline their chair if the person behind them asks them not to","No, not rude at all",No,"Yes, somewhat rude","No, not at all rude","No, not at all rude","No, not at all rude","No, not at all rude","Yes, somewhat rude",No,No,Male,42,"",Bachelor degree,Mountain
3433040639,Once a year or less,About half the time,64,No,The arm rests should be shared,The arm rests should be shared,The person in the window seat should have exclusive control,"Yes, somewhat rude","No, not at all rude",More than five times times,"No, the person on the flight has no obligation to the person behind them","No, not rude at all",No,"No, not at all rude","No, not at all rude","No, not at all rude","No, not at all rude","No, not at all rude","Yes, somewhat rude",No,No,Female,36,"",Some college or Associate degree,Pacific
3433040828,Once a year or less,Once in a while,68,No,"","","","","","","","","","","","","","","","","","","","","",""
3433040924,Once a year or less,Once in a while,69,No,The arm rests should be shared,Whoever puts their arm on the arm rest first,The person in the window seat should have exclusive control,"No, not rude at all","Yes, somewhat rude",Twice,"Yes, they should not recline their chair if the person behind them asks them not to","Yes, somewhat rude",No,"Yes, somewhat rude","No, not at all rude","No, not at all rude","No, not at all rude","No, not at all rude","Yes, very rude",No,No,Female,47,70000,Some college or Associate degree,South Atlantic
3433041420,Once a year or less,Always,65,No,The arm rests should be shared,The arm rests should be shared,Everyone in the row should have some say,"Yes, very rude","No, not at all rude",Twice,"Yes, they should not recline their chair if the person behind them asks them not to","No, not rude at all",No,"Yes, very rude","No, not at all rude","No, not at all rude","No, not at all rude","No, not at all rude","Yes, very rude",No,No,Female,49,46000,High school degree,South Atlantic
3433042186,Once a year or less,Once in a while,67,No,The arm rests should be shared,The arm rests should be shared,The person in the window seat should have exclusive control,"Yes, very rude","Yes, very rude",It is not okay to get up during flight,"Yes, they should not recline their chair if the person behind them asks them not to","Yes, very rude",Yes,"Yes, very rude","Yes, very rude","Yes, very rude","Yes, very rude","Yes, very rude","Yes, very rude",No,No,Male,25,1000,Some college or Associate degree,Pacific
3433044521,Once a year or less,Always,66,No,The arm rests should be shared,The arm rests should be shared,Everyone in the row should have some say,"No, not rude at all","Yes, somewhat rude",Three times,"No, the person on the flight has no obligation to the person behind them","No, not rude at all",No,"No, not at all rude","No, not at all rude","No, not at all rude","No, not at all rude","Yes, very rude","Yes, very rude",Yes,No,Female,59,51000,Some college or Associate degree,Pacific
3433045463,A few times per month,Always,65,No,The arm rests should be shared,Whoever puts their arm on the arm rest first,The person in the window seat should have exclusive control,"No, not rude at all","Yes, somewhat rude",Three times,"No, the person on the flight has no obligation to the person behind them","No, not rude at all",No,"No, not at all rude","No, not at all rude","No, not at all rude","Yes, somewhat rude","No, not at all rude","Yes, very rude",No,No,Female,58,83000,Bachelor degree,Middle Atlantic
3433046022,Once a year or less,Always,67,No,The arm rests should be shared,The arm rests should be shared,Everyone in the row should have some say,"No, not rude at all","No, not at all rude",Twice,"No, the person on the flight has no obligation to the person behind them","No, not rude at all",No,"No, not at all rude","No, not at all rude","No, not at all rude","Yes, somewhat rude","Yes, very rude","Yes, very rude",No,No,Male,59,29000,Some college or Associate degree,East North Central
3433046738,Once a year or less,About half the time,67,No,The arm rests should be shared,The arm rests should be shared,The person in the window seat should have exclusive control,"No, not rude at all","No, not at all rude",More than five times times,"Yes, they should not recline their chair if the person behind them asks them not to","No, not rude at all",No,"No, not at all rude","No, not at all rude","No, not at all rude","Yes, somewhat rude","No, not at all rude","No, not at all rude",No,No,Female,35,88000,Graduate degree,East North Central
3433047308,Once a month or less,About half the time,72,Yes,The arm rests should be shared,The arm rests should be shared,Everyone in the row should have some say,"No, not rude at all","No, not at all rude",More than five times times,"No, the person on the flight has no obligation to the person behind them","No, not rude at all",No,"No, not at all rude","No, not at all rude","Yes, somewhat rude","Yes, very rude","No, not at all rude","No, not at all rude",Yes,No,Male,42,86000,Graduate degree,East North Central
3433047339,Once a year or less,Once in a while,68,No,The arm rests should be shared,The arm rests should be shared,Everyone in the row should have some say,"Yes, somewhat rude","No, not at all rude",Three times,"Yes, they should not recline their chair if the person behind them asks them not to","Yes, very rude",Yes,"Yes, somewhat rude","Yes, somewhat rude","No, not at all rude","No, not at all rude","Yes, somewhat rude","Yes, very rude",No,No,Male,77,93000,Graduate degree,South Atlantic
3433048675,Once a month or less,Once in a while,70,No,The arm rests should be shared,The arm rests should be shared,Everyone in the row should have some say,"No, not rude at all","No, not at all rude",Twice,"Yes, they should not recline their chair if the person behind them asks them not to","No, not rude at all",No,"No, not at all rude","No, not at all rude","Yes, somewhat rude","Yes, somewhat rude","No, not at all rude","No, not at all rude",No,No,Female,73,122000,Bachelor degree,East North Central
3433055279,Never,"","","","","","","","","","","","","","","","","","","","",Female,48,23000,Bachelor degree,Middle Atlantic
3433056614,Never,"","","","","","","","","","","","","","","","","","","","",Female,42,14000,Some college or Associate degree,Pacific
3433056786,Once a year or less,Never,64,No,The arm rests should be shared,The arm rests should be shared,The person in the window seat should have exclusive control,"No, not rude at all","No, not at all rude",More than five times times,"No, the person on the flight has no obligation to the person behind them","No, not rude at all",No,"No, not at all rude","No, not at all rude","No, not at all rude","No, not at all rude","Yes, somewhat rude","Yes, very rude",No,No,Female,52,150000,Bachelor degree,South Atlantic
3433058367,Never,"","","","","","","","","","","","","","","","","","","","",Male,26,67000,Some college or Associate degree,West North Central
3433058854,Never,"","","","","","","","","","","","","","","","","","","","","","","","",""
3433059796,Once a year or less,About half the time,65,No,The arm rests should be shared,Whoever puts their arm on the arm rest first,The person in the window seat should have exclusive control,"No, not rude at all","No, not at all rude",Four times,"No, the person on the flight has no obligation to the person behind them","No, not rude at all",No,"No, not at all rude","No, not at all rude","Yes, somewhat rude","Yes, somewhat rude","No, not at all rude","Yes, very rude",No,No,Female,59,66000,Graduate degree,South Atlantic
3433060186,Once a year or less,Usually,68,No,Other (please specify),Other (please specify),The person in the window seat should have exclusive control,"No, not rude at all","No, not at all rude",Twice,"Yes, they should not recline their chair if the person behind them asks them not to","No, not rude at all",No,"Yes, somewhat rude","Yes, somewhat rude","Yes, somewhat rude","Yes, somewhat rude","No, not at all rude","Yes, very rude",No,No,Female,70,1000,Bachelor degree,Mountain
3433060473,Once a month or less,About half the time,75,No,The person in the middle seat gets both arm rests,The arm rests should be shared,Everyone in the row should have some say,"No, not rude at all","No, not at all rude",Twice,"Yes, they should not recline their chair if the person behind them asks them not to","Yes, somewhat rude",Yes,"Yes, somewhat rude","No, not at all rude","Yes, somewhat rude","Yes, somewhat rude","","","","","","","","",""
3433061705,Once a year or less,About half the time,69,No,The arm rests should be shared,The arm rests should be shared,The person in the window seat should have exclusive control,"No, not rude at all","No, not at all rude",Twice,"Yes, they should not recline their chair if the person behind them asks them not to","No, not rude at all",No,"Yes, somewhat rude","No, not at all rude","No, not at all rude","Yes, somewhat rude","No, not at all rude","Yes, very rude",No,No,Male,64,97000,Graduate degree,South Atlantic
3433065628,Never,"","","","","","","","","","","","","","","","","","","","",Male,20,6000,Some college or Associate degree,West South Central
3433065951,Once a year or less,About half the time,64,Yes,The arm rests should be shared,The person in aisle,The person in the window seat should have exclusive control,"No, not rude at all","No, not at all rude",Twice,"No, the person on the flight has no obligation to the person behind them","No, not rude at all",Yes,"Yes, somewhat rude","No, not at all rude","Yes, somewhat rude","Yes, very rude","No, not at all rude","Yes, somewhat rude",Yes,No,Female,34,149000,Bachelor degree,Mountain
3433066014,Once a month or less,Usually,63,Yes,The arm rests should be shared,The arm rests should be shared,The person in the window seat should have exclusive control,"No, not rude at all","No, not at all rude",Three times,"Yes, they should not recline their chair if the person behind them asks them not to","No, not rude at all",No,"No, not at all rude","No, not at all rude","No, not at all rude","No, not at all rude","No, not at all rude","No, not at all rude",Yes,No,Female,32,96000,Bachelor degree,Middle Atlantic
3433068348,Once a year or less,Never,71,No,The arm rests should be shared,The arm rests should be shared,The person in the window seat should have exclusive control,"Yes, somewhat rude","Yes, somewhat rude",Three times,"Yes, they should not recline their chair if the person behind them asks them not to","Yes, very rude",Yes,"Yes, somewhat rude","Yes, somewhat rude","Yes, somewhat rude","Yes, very rude","Yes, somewhat rude","Yes, very rude",No,No,Male,39,54000,Bachelor degree,East North Central
3433070481,Once a year or less,Never,63,No,The arm rests should be shared,The arm rests should be shared,Everyone in the row should have some say,"Yes, very rude","Yes, somewhat rude",Twice,"Yes, they should not recline their chair if the person behind them asks them not to","Yes, somewhat rude",No,"Yes, somewhat rude","No, not at all rude","No, not at all rude","Yes, very rude","No, not at all rude","Yes, somewhat rude",No,No,Female,50,150000,Bachelor degree,West South Central
3433070885,Once a year or less,Usually,68,No,The arm rests should be shared,The arm rests should be shared,Everyone in the row should have some say,"No, not rude at all","No, not at all rude",Four times,"Yes, they should not recline their chair if the person behind them asks them not to","No, not rude at all",No,"No, not at all rude","No, not at all rude","No, not at all rude","Yes, somewhat rude","No, not at all rude","No, not at all rude",No,No,Female,33,118000,Bachelor degree,New England
3433075339,Never,"","","","","","","","","","","","","","","","","","","","",Female,49,150000,Bachelor degree,South Atlantic
3433081158,Once a year or less,Never,68,Yes,The arm rests should be shared,The arm rests should be shared,Everyone in the row should have some say,"No, not rude at all","No, not at all rude",Four times,"Yes, they should not recline their chair if the person behind them asks them not to","No, not rude at all",No,"No, not at all rude","No, not at all rude","No, not at all rude","Yes, somewhat rude","No, not at all rude","Yes, somewhat rude",No,No,Female,33,66000,Bachelor degree,South Atlantic
3433081885,Once a year or less,Usually,67,Yes,The arm rests should be shared,The arm rests should be shared,The person in the window seat should have exclusive control,"No, not rude at all","No, not at all rude",Four times,"Yes, they should not recline their chair if the person behind them asks them not to","No, not rude at all",No,"No, not at all rude","No, not at all rude","No, not at all rude","Yes, somewhat rude","No, not at all rude","No, not at all rude",Yes,No,Male,71,150000,Some college or Associate degree,Pacific
3433085566,Once a year or less,Usually,66,No,The arm rests should be shared,The arm rests should be shared,The person in the window seat should have exclusive control,"No, not rude at all","Yes, somewhat rude",Three times,"No, the person on the flight has no obligation to the person behind them","No, not rude at all",No,"Yes, somewhat rude","Yes, somewhat rude","No, not at all rude","No, not at all rude","No, not at all rude","Yes, somewhat rude",No,No,Female,31,150000,Graduate degree,Middle Atlantic
3433089108,Never,"","","","","","","","","","","","","","","","","","","","",Female,74,37000,High school degree,Pacific
3433089571,Never,"","","","","","","","","","","","","","","","","","","","",Female,38,2000,Bachelor degree,West South Central
3433091359,Once a year or less,Once in a while,67,Yes,The arm rests should be shared,The arm rests should be shared,Everyone in the row should have some say,"No, not rude at all","No, not at all rude",Three times,"Yes, they should not recline their chair if the person behind them asks them not to","No, not rude at all",No,"No, not at all rude","No, not at all rude","No, not at all rude","Yes, somewhat rude","No, not at all rude","Yes, somewhat rude",No,No,Female,39,34000,Graduate degree,Mountain
3433091714,Once a year or less,Never,61,No,The person in the middle seat gets both arm rests,The person in aisle,Everyone in the row should have some say,"Yes, somewhat rude","No, not at all rude",Twice,"Yes, they should not recline their chair if the person behind them asks them not to","Yes, very rude",Yes,"No, not at all rude","No, not at all rude","No, not at all rude","No, not at all rude","No, not at all rude","Yes, very rude",Yes,No,Female,68,"",Graduate degree,South Atlantic
3433092034,Once a year or less,Once in a while,68,No,The arm rests should be shared,The arm rests should be shared,Everyone in the row should have some say,"No, not rude at all","No, not at all rude",Three times,"Yes, they should not recline their chair if the person behind them asks them not to","No, not rude at all",No,"No, not at all rude","No, not at all rude","No, not at all rude","No, not at all rude","Yes, somewhat rude","Yes, very rude",No,No,Male,62,47000,Graduate degree,South Atlantic
3433092542,Once a year or less,Usually,64,No,The arm rests should be shared,The arm rests should be shared,Everyone in the row should have some say,"No, not rude at all","No, not at all rude",Twice,"No, the person on the flight has no obligation to the person behind them","No, not rude at all",No,"No, not at all rude","No, not at all rude","No, not at all rude","No, not at all rude","No, not at all rude","No, not at all rude",No,No,Female,51,149000,Some college or Associate degree,Middle Atlantic
3433092925,Once a month or less,About half the time,75,No,The people in the aisle and window seats get both arm rests,The arm rests should be shared,Everyone in the row should have some say,"No, not rude at all","No, not at all rude",Twice,"Yes, they should not recline their chair if the person behind them asks them not to","Yes, somewhat rude",Yes,"Yes, somewhat rude","No, not at all rude","Yes, somewhat rude","Yes, somewhat rude","Yes, somewhat rude","Yes, somewhat rude",Yes,No,Male,55,80000,Bachelor degree,Pacific
3433099083,Once a month or less,Once in a while,67,No,The people in the aisle and window seats get both arm rests,The person by the window,Everyone in the row should have some say,"No, not rude at all","No, not at all rude",Twice,"No, the person on the flight has no obligation to the person behind them","Yes, somewhat rude",Yes,"No, not at all rude","No, not at all rude","Yes, somewhat rude","Yes, very rude","No, not at all rude","Yes, very rude",No,No,Female,49,150000,Graduate degree,South Atlantic
3433100189,Never,"","","","","","","","","","","","","","","","","","","","",Female,73,40000,High school degree,Pacific
3433100648,Once a year or less,Usually,70,Yes,The arm rests should be shared,Whoever puts their arm on the arm rest first,The person in the window seat should have exclusive control,"Yes, somewhat rude","Yes, very rude",Twice,"Yes, they should not recline their chair if the person behind them asks them not to","No, not rude at all",Yes,"No, not at all rude","No, not at all rude","No, not at all rude","Yes, very rude","Yes, somewhat rude","Yes, very rude",No,No,Male,66,32000,Some college or Associate degree,Pacific
3433100773,Once a year or less,Once in a while,67,No,The person in the middle seat gets both arm rests,Whoever puts their arm on the arm rest first,Everyone in the row should have some say,"No, not rude at all","Yes, very rude",Once,"Yes, they should not recline their chair if the person behind them asks them not to","Yes, somewhat rude",Yes,"No, not at all rude","No, not at all rude","Yes, somewhat rude","Yes, very rude","Yes, somewhat rude","Yes, very rude",No,No,Female,52,150000,Graduate degree,New England
3433101109,Never,"","","","","","","","","","","","","","","","","","","","",Female,53,"",High school degree,Middle Atlantic
3433104895,Once a year or less,Never,65,No,The person in the middle seat gets both arm rests,Whoever puts their arm on the arm rest first,Everyone in the row should have some say,"No, not rude at all","No, not at all rude",Four times,"Yes, they should not recline their chair if the person behind them asks them not to","Yes, somewhat rude",No,"No, not at all rude","No, not at all rude","No, not at all rude","Yes, somewhat rude","Yes, very rude","Yes, very rude",No,No,Female,59,109000,Graduate degree,""
3433106170,Once a year or less,Once in a while,58,No,The people in the aisle and window seats get both arm rests,The arm rests should be shared,The person in the window seat should have exclusive control,"No, not rude at all","No, not at all rude",Three times,"No, the person on the flight has no obligation to the person behind them","No, not rude at all",No,"No, not at all rude","No, not at all rude","Yes, somewhat rude","Yes, somewhat rude","No, not at all rude","Yes, somewhat rude",No,No,Female,46,68000,Bachelor degree,Middle Atlantic
3433106334,Never,"","","","","","","","","","","","","","","","","","","","",Male,28,23000,Some college or Associate degree,Pacific
3433107608,Once a year or less,Never,62,No,The arm rests should be shared,The arm rests should be shared,The person in the window seat should have exclusive control,"Yes, somewhat rude","No, not at all rude",More than five times times,"Yes, they should not recline their chair if the person behind them asks them not to","Yes, somewhat rude",Yes,"No, not at all rude","No, not at all rude","No, not at all rude","Yes, somewhat rude","No, not at all rude","Yes, somewhat rude",No,No,Female,37,36000,Bachelor degree,Mountain
3433107832,Once a month or less,Always,70,No,The arm rests should be shared,The arm rests should be shared,The person in the window seat should have exclusive control,"No, not rude at all","No, not at all rude",Twice,"Yes, they should not recline their chair if the person behind them asks them not to","No, not rude at all",No,"No, not at all rude","No, not at all rude","No, not at all rude","Yes, very rude","No, not at all rude","Yes, very rude",No,No,Male,77,150000,Graduate degree,South Atlantic
3433111959,Once a year or less,Never,75,No,The arm rests should be shared,The person in aisle,The person in the window seat should have exclusive control,"No, not rude at all","Yes, somewhat rude",Four times,"Yes, they should not recline their chair if the person behind them asks them not to","Yes, somewhat rude",No,"No, not at all rude","No, not at all rude","No, not at all rude","Yes, somewhat rude","No, not at all rude","Yes, somewhat rude",No,No,Male,44,150000,Graduate degree,Pacific
3433111977,Once a year or less,Always,65,No,The person in the middle seat gets both arm rests,The arm rests should be shared,Everyone in the row should have some say,"No, not rude at all","No, not at all rude",Twice,"Yes, they should not recline their chair if the person behind them asks them not to","No, not rude at all",No,"No, not at all rude","No, not at all rude","Yes, somewhat rude","Yes, very rude","Yes, somewhat rude","Yes, very rude",No,No,Female,34,83000,Some college or Associate degree,East North Central
3433112973,Once a year or less,Once in a while,68,No,The arm rests should be shared,The arm rests should be shared,Everyone in the row should have some say,"No, not rude at all","No, not at all rude",More than five times times,"Yes, they should not recline their chair if the person behind them asks them not to","Yes, somewhat rude",Yes,"Yes, somewhat rude","Yes, somewhat rude","No, not at all rude","Yes, somewhat rude","No, not at all rude","No, not at all rude",No,No,Female,67,92000,Graduate degree,New England
3433113130,Once a month or less,Once in a while,64,No,The arm rests should be shared,The arm rests should be shared,Everyone in the row should have some say,"No, not rude at all","No, not at all rude",More than five times times,"Yes, they should not recline their chair if the person behind them asks them not to","No, not rude at all",Yes,"Yes, somewhat rude","No, not at all rude","No, not at all rude","Yes, somewhat rude","Yes, somewhat rude","Yes, very rude",Yes,No,Female,35,150000,Some college or Associate degree,East North Central
3433116022,Once a year or less,Always,63,No,The arm rests should be shared,The arm rests should be shared,Everyone in the row should have some say,"No, not rude at all","No, not at all rude",Four times,"Yes, they should not recline their chair if the person behind them asks them not to","No, not rude at all",No,"No, not at all rude","No, not at all rude","Yes, somewhat rude","Yes, somewhat rude","Yes, very rude","Yes, very rude",No,No,Female,72,150000,Graduate degree,Middle Atlantic
3433117854,Once a year or less,Never,63,No,The arm rests should be shared,The arm rests should be shared,Everyone in the row should have some say,"Yes, very rude","No, not at all rude",Twice,"No, the person on the flight has no obligation to the person behind them","No, not rude at all",No,"No, not at all rude","No, not at all rude","No, not at all rude","Yes, somewhat rude","No, not at all rude","Yes, somewhat rude",No,No,Female,55,51000,High school degree,Middle Atlantic
3433118369,Never,"","","","","","","","","","","","","","","","","","","","",Female,52,83000,Bachelor degree,New England
3433118974,Once a year or less,Usually,68,No,The arm rests should be shared,The arm rests should be shared,Everyone in the row should have some say,"Yes, somewhat rude","No, not at all rude",Twice,"Yes, they should not recline their chair if the person behind them asks them not to","Yes, somewhat rude",No,"No, not at all rude","No, not at all rude","Yes, somewhat rude","Yes, somewhat rude","Yes, somewhat rude","Yes, somewhat rude",Yes,No,Female,37,44000,Graduate degree,East South Central
3433119106,A few times per month,Usually,66,No,The arm rests should be shared,Whoever puts their arm on the arm rest first,The person in the window seat should have exclusive control,"No, not rude at all","Yes, somewhat rude",Three times,"No, the person on the flight has no obligation to the person behind them","No, not rude at all",No,"No, not at all rude","No, not at all rude","Yes, somewhat rude","Yes, somewhat rude","No, not at all rude","Yes, very rude",No,No,Female,58,100000,Bachelor degree,East South Central
3433120295,Once a year or less,Never,67,No,The arm rests should be shared,The arm rests should be shared,Everyone in the row should have some say,"No, not rude at all","No, not at all rude",Three times,"Yes, they should not recline their chair if the person behind them asks them not to","Yes, somewhat rude",Yes,"No, not at all rude","No, not at all rude","No, not at all rude","No, not at all rude","No, not at all rude","Yes, somewhat rude",No,No,Female,66,141000,Graduate degree,New England
3433122572,Once a year or less,Never,65,No,The arm rests should be shared,The arm rests should be shared,Everyone in the row should have some say,"No, not rude at all","No, not at all rude",Once,"Yes, they should not recline their chair if the person behind them asks them not to","Yes, very rude",Yes,"No, not at all rude","No, not at all rude","No, not at all rude","No, not at all rude","Yes, somewhat rude","Yes, very rude",No,No,Female,32,40000,High school degree,West South Central
3433122984,Never,"","","","","","","","","","","","","","","","","","","","",Female,37,"",Some college or Associate degree,Middle Atlantic
3433123624,Never,"","","","","","","","","","","","","","","","","","","","",Female,80,50000,Some college or Associate degree,Pacific
3433124803,Once a month or less,Never,76,No,The arm rests should be shared,The arm rests should be shared,The person in the window seat should have exclusive control,"Yes, somewhat rude","No, not at all rude",Three times,"Yes, they should not recline their chair if the person behind them asks them not to","Yes, very rude",Yes,"No, not at all rude","No, not at all rude","No, not at all rude","No, not at all rude","Yes, somewhat rude","Yes, very rude",No,No,Male,19,44000,Bachelor degree,Pacific
3433125109,A few times per month,Always,63,No,The arm rests should be shared,The arm rests should be shared,Everyone in the row should have some say,"No, not rude at all","Yes, somewhat rude",Three times,"No, the person on the flight has no obligation to the person behind them","No, not rude at all",No,"No, not at all rude","No, not at all rude","No, not at all rude","Yes, very rude","Yes, very rude","Yes, very rude",No,No,Female,30,150000,Graduate degree,Middle Atlantic
3433125333,Once a year or less,Once in a while,58,No,The arm rests should be shared,The arm rests should be shared,The person in the window seat should have exclusive control,"No, not rude at all","No, not at all rude",Twice,"Yes, they should not recline their chair if the person behind them asks them not to","No, not rude at all",No,"No, not at all rude","No, not at all rude","No, not at all rude","Yes, somewhat rude","No, not at all rude","Yes, very rude",No,No,Female,54,90000,Some college or Associate degree,East North Central
3433126810,Never,"","","","","","","","","","","","","","","","","","","","",Male,67,49000,Bachelor degree,East North Central
3433127341,Once a year or less,Once in a while,75,No,The arm rests should be shared,The arm rests should be shared,Everyone in the row should have some say,"Yes, very rude","Yes, somewhat rude",Three times,"Yes, they should not recline their chair if the person behind them asks them not to","Yes, somewhat rude",Yes,"Yes, somewhat rude","Yes, somewhat rude","No, not at all rude","Yes, somewhat rude","No, not at all rude","No, not at all rude",No,No,Male,49,74000,Some college or Associate degree,Middle Atlantic
3433127355,Once a year or less,Always,64,No,The person in the middle seat gets both arm rests,The arm rests should be shared,The person in the window seat should have exclusive control,"Yes, very rude","Yes, somewhat rude",Once,"No, the person on the flight has no obligation to the person behind them","No, not rude at all",No,"Yes, somewhat rude","Yes, somewhat rude","No, not at all rude","Yes, somewhat rude","No, not at all rude","Yes, very rude",No,No,Female,44,30000,Some college or Associate degree,Pacific
3433127456,Once a year or less,Once in a while,65,No,The arm rests should be shared,The arm rests should be shared,The person in the window seat should have exclusive control,"No, not rude at all","No, not at all rude",Three times,"No, the person on the flight has no obligation to the person behind them","No, not rude at all",Yes,"No, not at all rude","No, not at all rude","No, not at all rude","Yes, somewhat rude","No, not at all rude","Yes, very rude",No,No,Female,57,19000,Some college or Associate degree,Mountain
3433128680,Once a month or less,Never,71,No,The arm rests should be shared,The arm rests should be shared,Everyone in the row should have some say,"No, not rude at all","No, not at all rude",Twice,"No, the person on the flight has no obligation to the person behind them","No, not rude at all",Yes,"Yes, very rude","Yes, very rude","No, not at all rude","Yes, somewhat rude","Yes, somewhat rude","Yes, very rude",No,No,Male,62,"",Bachelor degree,Mountain
3433130085,Once a year or less,Never,68,No,The arm rests should be shared,The arm rests should be shared,Everyone in the row should have some say,"No, not rude at all","Yes, somewhat rude",More than five times times,"No, the person on the flight has no obligation to the person behind them","No, not rude at all",Yes,"Yes, somewhat rude","No, not at all rude","No, not at all rude","Yes, somewhat rude","No, not at all rude","No, not at all rude",No,No,Male,57,85000,Some college or Associate degree,West North Central
3433131247,Once a month or less,Never,72,No,The person in the middle seat gets both arm rests,Whoever puts their arm on the arm rest first,The person in the window seat should have exclusive control,"No, not rude at all","Yes, somewhat rude",Twice,"Yes, they should not recline their chair if the person behind them asks them not to","Yes, very rude",Yes,"No, not at all rude","No, not at all rude","No, not at all rude","Yes, somewhat rude","No, not at all rude","Yes, very rude",Yes,No,Male,62,147000,Graduate degree,Pacific
3433132169,Once a year or less,Usually,67,No,Whoever puts their arm on the arm rest first,The arm rests should be shared,The person in the window seat should have exclusive control,"No, not rude at all","No, not at all rude",Three times,"Yes, they should not recline their chair if the person behind them asks them not to","Yes, somewhat rude",No,"No, not at all rude","No, not at all rude","Yes, somewhat rude","Yes, somewhat rude","No, not at all rude","Yes, very rude",No,No,Male,78,50000,Graduate degree,Middle Atlantic
3433133066,Once a year or less,Once in a while,69,No,The arm rests should be shared,The arm rests should be shared,Everyone in the row should have some say,"No, not rude at all","Yes, somewhat rude",Three times,"Yes, they should not recline their chair if the person behind them asks them not to","No, not rude at all",No,"No, not at all rude","No, not at all rude","No, not at all rude","Yes, somewhat rude","Yes, somewhat rude","Yes, very rude",No,No,Male,63,150000,Some college or Associate degree,South Atlantic
3433134128,Once a year or less,Never,60,No,The arm rests should be shared,The arm rests should be shared,Everyone in the row should have some say,"No, not rude at all","No, not at all rude",Three times,"Yes, they should not recline their chair if the person behind them asks them not to","Yes, very rude",Yes,"No, not at all rude","No, not at all rude","No, not at all rude","Yes, somewhat rude","Yes, somewhat rude","Yes, very rude",No,No,Female,72,110000,Graduate degree,South Atlantic
3433134491,Once a year or less,Once in a while,66,Yes,The person in the middle seat gets both arm rests,The person in aisle,The person in the window seat should have exclusive control,"No, not rude at all","No, not at all rude",Twice,"Yes, they should not recline their chair if the person behind them asks them not to","No, not rude at all",No,"Yes, somewhat rude","Yes, somewhat rude","No, not at all rude","Yes, somewhat rude","No, not at all rude","Yes, very rude",Yes,No,Female,43,51000,High school degree,Mountain
3433136902,Once a year or less,Once in a while,64,Yes,The arm rests should be shared,The arm rests should be shared,Everyone in the row should have some say,"No, not rude at all","Yes, somewhat rude",Once,"Yes, they should not recline their chair if the person behind them asks them not to","Yes, somewhat rude",No,"No, not at all rude","No, not at all rude","No, not at all rude","Yes, somewhat rude","Yes, somewhat rude","Yes, somewhat rude",No,No,Female,34,86000,High school degree,East South Central
3433138607,Once a year or less,Always,70,No,The person in the middle seat gets both arm rests,The arm rests should be shared,Everyone in the row should have some say,"No, not rude at all","Yes, somewhat rude",More than five times times,"Yes, they should not recline their chair if the person behind them asks them not to","No, not rude at all",No,"No, not at all rude","No, not at all rude","No, not at all rude","No, not at all rude","No, not at all rude","Yes, somewhat rude",No,No,Female,32,"",Bachelor degree,East North Central
3433142536,Once a year or less,About half the time,66,No,The person in the middle seat gets both arm rests,The arm rests should be shared,The person in the window seat should have exclusive control,"No, not rude at all","No, not at all rude",Twice,"Yes, they should not recline their chair if the person behind them asks them not to","Yes, somewhat rude",No,"Yes, somewhat rude","Yes, somewhat rude","Yes, somewhat rude","Yes, somewhat rude","Yes, very rude","Yes, very rude",No,No,Female,38,"",Graduate degree,Middle Atlantic
3433147945,Once a year or less,Never,66,No,The arm rests should be shared,Whoever puts their arm on the arm rest first,Everyone in the row should have some say,"No, not rude at all","No, not at all rude",Once,"Yes, they should not recline their chair if the person behind them asks them not to","No, not rude at all",Yes,"No, not at all rude","No, not at all rude","No, not at all rude","No, not at all rude","No, not at all rude","No, not at all rude",No,No,Female,74,102000,Some college or Associate degree,South Atlantic
3433151150,Once a year or less,Once in a while,70,No,The arm rests should be shared,The arm rests should be shared,Everyone in the row should have some say,"No, not rude at all","No, not at all rude",Three times,"Yes, they should not recline their chair if the person behind them asks them not to","No, not rude at all",No,"No, not at all rude","No, not at all rude","Yes, somewhat rude","Yes, somewhat rude","No, not at all rude","Yes, somewhat rude",No,No,Female,76,77000,Bachelor degree,West North Central
3433152270,Once a year or less,Always,67,Yes,The person in the middle seat gets both arm rests,The arm rests should be shared,The person in the window seat should have exclusive control,"No, not rude at all","No, not at all rude",Twice,"No, the person on the flight has no obligation to the person behind them","No, not rude at all",No,"No, not at all rude","No, not at all rude","No, not at all rude","No, not at all rude","No, not at all rude","Yes, somewhat rude",No,No,Male,54,150000,Bachelor degree,Pacific
3433152440,Once a year or less,Always,65,No,The arm rests should be shared,The arm rests should be shared,Everyone in the row should have some say,"No, not rude at all","No, not at all rude",Twice,"Yes, they should not recline their chair if the person behind them asks them not to","No, not rude at all",No,"No, not at all rude","No, not at all rude","No, not at all rude","Yes, very rude","No, not at all rude","No, not at all rude",No,No,Female,62,35000,Graduate degree,Middle Atlantic
3433154561,Once a year or less,Usually,68,No,The arm rests should be shared,The arm rests should be shared,Everyone in the row should have some say,"Yes, somewhat rude","Yes, somewhat rude",Three times,"No, the person on the flight has no obligation to the person behind them","No, not rude at all",No,"No, not at all rude","No, not at all rude","Yes, somewhat rude","Yes, somewhat rude","Yes, very rude","Yes, very rude",No,No,Male,67,88000,Bachelor degree,South Atlantic
3433154896,Once a year or less,About half the time,52,No,The arm rests should be shared,The arm rests should be shared,The person in the window seat should have exclusive control,"No, not rude at all","No, not at all rude",Twice,"No, the person on the flight has no obligation to the person behind them","No, not rude at all",No,"No, not at all rude","No, not at all rude","Yes, somewhat rude","Yes, very rude","Yes, somewhat rude","Yes, somewhat rude",Yes,No,Female,37,10000,Some college or Associate degree,East North Central
3433166173,Never,"","","","","","","","","","","","","","","","","","","","",Female,73,"",High school degree,South Atlantic
3433166875,Once a year or less,Once in a while,71,Yes,The arm rests should be shared,The arm rests should be shared,Everyone in the row should have some say,"No, not rude at all","No, not at all rude",Three times,"No, the person on the flight has no obligation to the person behind them","No, not rude at all",No,"No, not at all rude","No, not at all rude","Yes, somewhat rude","Yes, somewhat rude","No, not at all rude","No, not at all rude",Yes,No,Male,36,70000,Graduate degree,Pacific
3433167815,Once a year or less,Usually,72,No,The arm rests should be shared,The arm rests should be shared,The person in the window seat should have exclusive control,"No, not rude at all","No, not at all rude",Three times,"Yes, they should not recline their chair if the person behind them asks them not to","No, not rude at all",No,"No, not at all rude","No, not at all rude","No, not at all rude","No, not at all rude","No, not at all rude","Yes, somewhat rude",No,No,Male,78,71000,Bachelor degree,West South Central
3433169369,Once a year or less,Usually,67,No,The arm rests should be shared,The arm rests should be shared,Everyone in the row should have some say,"No, not rude at all","No, not at all rude",Twice,"Yes, they should not recline their chair if the person behind them asks them not to","No, not rude at all",No,"Yes, somewhat rude","Yes, somewhat rude","Yes, somewhat rude","Yes, very rude","No, not at all rude","Yes, very rude",No,No,Male,60,54000,Graduate degree,Pacific
3433169661,Once a month or less,About half the time,68,No,The person in the middle seat gets both arm rests,The arm rests should be shared,The person in the window seat should have exclusive control,"No, not rude at all","No, not at all rude",Three times,"No, the person on the flight has no obligation to the person behind them","No, not rude at all",No,"No, not at all rude","No, not at all rude","Yes, somewhat rude","Yes, somewhat rude","No, not at all rude","Yes, very rude",Yes,No,Male,29,"",Some college or Associate degree,South Atlantic
3433173622,Never,"","","","","","","","","","","","","","","","","","","","",Female,70,43000,Some college or Associate degree,Middle Atlantic
3433173989,Never,"","","","","","","","","","","","","","","","","","","","","","","","",""
3433174882,Once a year or less,Once in a while,70,No,The arm rests should be shared,The arm rests should be shared,Everyone in the row should have some say,"No, not rude at all","No, not at all rude",Three times,"Yes, they should not recline their chair if the person behind them asks them not to","No, not rude at all",No,"No, not at all rude","No, not at all rude","No, not at all rude","Yes, very rude","No, not at all rude","Yes, somewhat rude",No,No,Male,75,54000,Bachelor degree,East North Central
3433175909,Once a year or less,Usually,66,Yes,The arm rests should be shared,The arm rests should be shared,Everyone in the row should have some say,"No, not rude at all","Yes, somewhat rude",Three times,"Yes, they should not recline their chair if the person behind them asks them not to","No, not rude at all",No,"No, not at all rude","No, not at all rude","Yes, somewhat rude","Yes, somewhat rude","No, not at all rude","Yes, somewhat rude",No,No,Female,42,79000,Graduate degree,Pacific
3433178932,Once a year or less,Once in a while,63,Yes,The arm rests should be shared,The arm rests should be shared,Everyone in the row should have some say,"No, not rude at all","No, not at all rude",Twice,"Yes, they should not recline their chair if the person behind them asks them not to","Yes, somewhat rude",Yes,"No, not at all rude","No, not at all rude","No, not at all rude","No, not at all rude","No, not at all rude","No, not at all rude",No,No,Female,72,86000,Graduate degree,Mountain
3433180795,Once a month or less,Once in a while,66,Yes,The arm rests should be shared,The person in aisle,The person in the window seat should have exclusive control,"No, not rude at all","No, not at all rude",Three times,"Yes, they should not recline their chair if the person behind them asks them not to","Yes, somewhat rude",No,"Yes, somewhat rude","No, not at all rude","No, not at all rude","Yes, somewhat rude","No, not at all rude","Yes, somewhat rude",Yes,No,Male,35,78000,"",New England
3433181353,Once a year or less,"","","","","","","","","","","","","","","","","","","","","","","","",""
3433182349,Once a month or less,Usually,68,No,The arm rests should be shared,The arm rests should be shared,Everyone in the row should have some say,"No, not rude at all","No, not at all rude",Twice,"Yes, they should not recline their chair if the person behind them asks them not to","Yes, somewhat rude",No,"No, not at all rude","No, not at all rude","Yes, somewhat rude","Yes, very rude","No, not at all rude","Yes, somewhat rude",No,No,Female,78,110000,Graduate degree,Middle Atlantic
3433183371,Never,"","","","","","","","","","","","","","","","","","","","",Male,64,150000,Graduate degree,South Atlantic
3433183494,Once a year or less,Usually,76,No,The arm rests should be shared,The arm rests should be shared,Everyone in the row should have some say,"No, not rude at all","No, not at all rude",Three times,"Yes, they should not recline their chair if the person behind them asks them not to","No, not rude at all",Yes,"No, not at all rude","No, not at all rude","No, not at all rude","No, not at all rude","No, not at all rude","Yes, somewhat rude",No,No,Male,79,89000,Some college or Associate degree,East North Central
3433184499,Once a year or less,Always,64,No,The arm rests should be shared,The arm rests should be shared,Everyone in the row should have some say,"No, not rude at all","No, not at all rude",Four times,"No, the person on the flight has no obligation to the person behind them","No, not rude at all",No,"No, not at all rude","No, not at all rude","Yes, very rude","Yes, very rude","No, not at all rude","Yes, very rude",No,No,Female,30,97000,Bachelor degree,South Atlantic
3433184541,Once a month or less,Never,74,"",The arm rests should be shared,The person by the window,Everyone in the row should have some say,"No, not rude at all","No, not at all rude",More than five times times,"No, the person on the flight has no obligation to the person behind them","Yes, very rude",No,"No, not at all rude","No, not at all rude","No, not at all rude","Yes, very rude","Yes, very rude","Yes, somewhat rude",No,No,Male,67,79000,Bachelor degree,East North Central
3433185242,Once a year or less,Once in a while,70,No,The arm rests should be shared,The arm rests should be shared,The person in the window seat should have exclusive control,"Yes, very rude","No, not at all rude",Twice,"Yes, they should not recline their chair if the person behind them asks them not to","No, not rude at all",No,"No, not at all rude","No, not at all rude","No, not at all rude","No, not at all rude","No, not at all rude","Yes, very rude",No,No,Female,65,59000,Some college or Associate degree,Pacific
3433186047,Once a year or less,Usually,70,No,The arm rests should be shared,The arm rests should be shared,Everyone in the row should have some say,"No, not rude at all","Yes, somewhat rude",More than five times times,"Yes, they should not recline their chair if the person behind them asks them not to","No, not rude at all",No,"No, not at all rude","No, not at all rude","No, not at all rude","No, not at all rude","No, not at all rude","Yes, very rude",No,No,Male,79,81000,Bachelor degree,Mountain
3433189481,Never,"","","","","","","","","","","","","","","","","","","","",Female,74,10000,High school degree,Middle Atlantic
3433191468,Once a year or less,Usually,66,No,The arm rests should be shared,The arm rests should be shared,Everyone in the row should have some say,"No, not rude at all","No, not at all rude",Three times,"No, the person on the flight has no obligation to the person behind them","No, not rude at all",No,"No, not at all rude","No, not at all rude","No, not at all rude","No, not at all rude","No, not at all rude","Yes, very rude",No,No,Female,77,16000,Some college or Associate degree,Middle Atlantic
3433194100,Once a year or less,"","","","","","","","","","","","","","","","","","","","","","","","",""
3433195418,Once a month or less,About half the time,72,Yes,The arm rests should be shared,The arm rests should be shared,The person in the window seat should have exclusive control,"Yes, somewhat rude","Yes, somewhat rude",Three times,"Yes, they should not recline their chair if the person behind them asks them not to","No, not rude at all",No,"Yes, somewhat rude","No, not at all rude","No, not at all rude","No, not at all rude","No, not at all rude","Yes, somewhat rude",No,No,Male,57,150000,Bachelor degree,Middle Atlantic
3433197818,Never,"","","","","","","","","","","","","","","","","","","","",Female,77,107000,High school degree,""
3433202043,Once a year or less,Always,73,No,The arm rests should be shared,The arm rests should be shared,Everyone in the row should have some say,"No, not rude at all","No, not at all rude",Three times,"No, the person on the flight has no obligation to the person behind them","No, not rude at all",No,"No, not at all rude","No, not at all rude","No, not at all rude","Yes, somewhat rude","Yes, somewhat rude","Yes, very rude",No,No,Male,73,60000,Some college or Associate degree,Middle Atlantic
3433202893,Once a month or less,About half the time,66,No,The person in the middle seat gets both arm rests,The arm rests should be shared,Everyone in the row should have some say,"No, not rude at all","No, not at all rude",Three times,"Yes, they should not recline their chair if the person behind them asks them not to","No, not rude at all",No,"No, not at all rude","No, not at all rude","No, not at all rude","No, not at all rude","No, not at all rude","No, not at all rude",No,No,Female,71,86000,Graduate degree,West South Central
3433203355,Never,"","","","","","","","","","","","","","","","","","","","",Male,62,81000,Bachelor degree,Mountain
3433203775,Once a year or less,About half the time,67,Yes,Whoever puts their arm on the arm rest first,Whoever puts their arm on the arm rest first,The person in the window seat should have exclusive control,"No, not rude at all","No, not at all rude",Three times,"No, the person on the flight has no obligation to the person behind them","No, not rude at all",No,"No, not at all rude","No, not at all rude","No, not at all rude","No, not at all rude","No, not at all rude","Yes, somewhat rude",No,No,Female,40,17000,Some college or Associate degree,South Atlantic
3433203817,Once a year or less,Always,64,No,The arm rests should be shared,The arm rests should be shared,The person in the window seat should have exclusive control,"No, not rude at all","Yes, somewhat rude",Three times,"Yes, they should not recline their chair if the person behind them asks them not to","No, not rude at all",No,"No, not at all rude","No, not at all rude","Yes, somewhat rude","Yes, somewhat rude","No, not at all rude","Yes, very rude",No,No,Female,66,150000,Bachelor degree,East South Central
3433204206,Once a year or less,About half the time,67,No,The arm rests should be shared,The arm rests should be shared,The person in the window seat should have exclusive control,"No, not rude at all","No, not at all rude",More than five times times,"No, the person on the flight has no obligation to the person behind them","No, not rude at all",No,"Yes, somewhat rude","No, not at all rude","No, not at all rude","No, not at all rude","Yes, somewhat rude","Yes, very rude",No,No,Male,77,"",Graduate degree,West South Central
3433206921,Once a year or less,Always,56,No,The arm rests should be shared,Whoever puts their arm on the arm rest first,The person in the window seat should have exclusive control,"Yes, very rude","No, not at all rude",Twice,"No, the person on the flight has no obligation to the person behind them","No, not rude at all",No,"Yes, somewhat rude","Yes, very rude","Yes, somewhat rude","Yes, very rude","Yes, somewhat rude","Yes, somewhat rude",No,No,Female,31,88000,Bachelor degree,Middle Atlantic
3433207203,Once a year or less,Always,73,No,The arm rests should be shared,The arm rests should be shared,Everyone in the row should have some say,"No, not rude at all","No, not at all rude",Three times,"No, the person on the flight has no obligation to the person behind them","No, not rude at all",No,"No, not at all rude","No, not at all rude","No, not at all rude","Yes, somewhat rude","Yes, somewhat rude","Yes, very rude",No,No,"","","","",""
3433209371,Once a year or less,Always,68,Yes,Whoever puts their arm on the arm rest first,Whoever puts their arm on the arm rest first,The person in the window seat should have exclusive control,"No, not rude at all","Yes, somewhat rude",Three times,"No, the person on the flight has no obligation to the person behind them","No, not rude at all",No,"No, not at all rude","No, not at all rude","No, not at all rude","Yes, somewhat rude","Yes, very rude","Yes, very rude",No,No,Male,39,66000,Some college or Associate degree,Mountain
3433210555,Once a year or less,Always,63,No,The person in the middle seat gets both arm rests,The arm rests should be shared,Everyone in the row should have some say,"No, not rude at all","No, not at all rude",Twice,"No, the person on the flight has no obligation to the person behind them","No, not rude at all",No,"No, not at all rude","No, not at all rude","Yes, somewhat rude","Yes, very rude","No, not at all rude","Yes, somewhat rude",No,No,Female,33,65000,Some college or Associate degree,Pacific
3433212324,Once a year or less,Usually,73,No,The arm rests should be shared,The arm rests should be shared,Everyone in the row should have some say,"No, not rude at all","No, not at all rude",More than five times times,"Yes, they should not recline their chair if the person behind them asks them not to","No, not rude at all",No,"No, not at all rude","No, not at all rude","Yes, somewhat rude","Yes, somewhat rude","No, not at all rude","No, not at all rude",No,No,Male,51,65000,Bachelor degree,South Atlantic
3433212352,Once a year or less,Once in a while,63,No,The arm rests should be shared,The arm rests should be shared,Everyone in the row should have some say,"No, not rude at all","Yes, somewhat rude",Once,"Yes, they should not recline their chair if the person behind them asks them not to","Yes, somewhat rude",No,"Yes, somewhat rude","Yes, somewhat rude","Yes, somewhat rude","Yes, very rude","Yes, very rude","Yes, very rude",No,No,Female,68,150000,Bachelor degree,Pacific
3433212442,Once a year or less,Never,74,No,The people in the aisle and window seats get both arm rests,The person in aisle,Everyone in the row should have some say,"No, not rude at all","No, not at all rude",Three times,"Yes, they should not recline their chair if the person behind them asks them not to","Yes, somewhat rude",No,"Yes, somewhat rude","Yes, somewhat rude","Yes, very rude","Yes, very rude","Yes, somewhat rude","Yes, somewhat rude",No,No,Male,28,"",High school degree,South Atlantic
3433213189,Once a year or less,Never,62,No,The arm rests should be shared,The arm rests should be shared,Everyone in the row should have some say,"No, not rude at all","No, not at all rude",Three times,"Yes, they should not recline their chair if the person behind them asks them not to","Yes, somewhat rude",Yes,"Yes, somewhat rude","Yes, somewhat rude","Yes, somewhat rude","Yes, very rude","Yes, very rude","Yes, very rude",No,No,Female,30,57000,Some college or Associate degree,Pacific
3433218213,Never,"","","","","","","","","","","","","","","","","","","","",Male,63,31000,Bachelor degree,South Atlantic
3433219186,Once a year or less,Once in a while,76,Yes,The arm rests should be shared,Whoever puts their arm on the arm rest first,The person in the window seat should have exclusive control,"Yes, very rude","No, not at all rude",Twice,"Yes, they should not recline their chair if the person behind them asks them not to","No, not rude at all",No,"No, not at all rude","No, not at all rude","No, not at all rude","Yes, somewhat rude","No, not at all rude","Yes, somewhat rude",No,No,Male,53,82000,Bachelor degree,Pacific
3433219199,Once a year or less,About half the time,71,Yes,Other (please specify),Other (please specify),The person in the window seat should have exclusive control,"No, not rude at all","No, not at all rude",Three times,"No, the person on the flight has no obligation to the person behind them","Yes, somewhat rude",No,"No, not at all rude","No, not at all rude","Yes, somewhat rude","Yes, very rude","No, not at all rude","No, not at all rude",No,No,Male,37,135000,Bachelor degree,Pacific
3433219337,Once a month or less,Never,67,No,The arm rests should be shared,The person in aisle,Everyone in the row should have some say,"Yes, somewhat rude","Yes, somewhat rude",Once,"Yes, they should not recline their chair if the person behind them asks them not to","Yes, very rude",Yes,"No, not at all rude","No, not at all rude","No, not at all rude","No, not at all rude","No, not at all rude","Yes, somewhat rude",Yes,No,Female,34,68000,Some college or Associate degree,East North Central
3433219750,Once a year or less,Usually,61,No,The arm rests should be shared,The arm rests should be shared,Everyone in the row should have some say,"No, not rude at all","No, not at all rude",Four times,"No, the person on the flight has no obligation to the person behind them","No, not rude at all",No,"No, not at all rude","No, not at all rude","No, not at all rude","Yes, somewhat rude","No, not at all rude","Yes, somewhat rude",No,No,Female,40,"",Graduate degree,New England
3433219834,Once a year or less,Once in a while,64,Yes,The arm rests should be shared,The person by the window,The person in the window seat should have exclusive control,"No, not rude at all","No, not at all rude",Four times,"No, the person on the flight has no obligation to the person behind them","No, not rude at all",No,"Yes, somewhat rude","Yes, somewhat rude","Yes, somewhat rude","Yes, somewhat rude","No, not at all rude","Yes, somewhat rude",No,No,Female,34,68000,Bachelor degree,West North Central
3433221584,Once a month or less,Usually,67,Yes,The arm rests should be shared,The arm rests should be shared,Everyone in the row should have some say,"No, not rude at all","No, not at all rude",Three times,"Yes, they should not recline their chair if the person behind them asks them not to","Yes, somewhat rude",No,"Yes, somewhat rude","Yes, somewhat rude","Yes, somewhat rude","Yes, somewhat rude","No, not at all rude","Yes, somewhat rude",No,No,Female,64,"",Graduate degree,Pacific
3433225120,Once a year or less,About half the time,63,No,The arm rests should be shared,The arm rests should be shared,Everyone in the row should have some say,"No, not rude at all","No, not at all rude",Three times,"No, the person on the flight has no obligation to the person behind them","No, not rude at all",No,"No, not at all rude","No, not at all rude","No, not at all rude","Yes, somewhat rude","No, not at all rude","Yes, somewhat rude",No,No,Female,32,"",Graduate degree,""
3433225123,Once a month or less,Usually,72,No,The arm rests should be shared,The arm rests should be shared,The person in the window seat should have exclusive control,"Yes, somewhat rude","No, not at all rude",More than five times times,"No, the person on the flight has no obligation to the person behind them","No, not rude at all",No,"No, not at all rude","No, not at all rude","No, not at all rude","Yes, somewhat rude","No, not at all rude","Yes, somewhat rude",Yes,No,Male,24,23000,Some college or Associate degree,West South Central
3433227239,Once a year or less,Never,68,No,The arm rests should be shared,The arm rests should be shared,Everyone in the row should have some say,"No, not rude at all","No, not at all rude",Twice,"Yes, they should not recline their chair if the person behind them asks them not to","Yes, somewhat rude",Yes,"Yes, somewhat rude","No, not at all rude","No, not at all rude","Yes, somewhat rude","No, not at all rude","Yes, somewhat rude",No,No,Female,74,87000,High school degree,South Atlantic
3433227282,Once a year or less,Once in a while,69,No,Whoever puts their arm on the arm rest first,Whoever puts their arm on the arm rest first,Everyone in the row should have some say,"No, not rude at all","No, not at all rude",Twice,"Yes, they should not recline their chair if the person behind them asks them not to","Yes, somewhat rude",No,"Yes, somewhat rude","Yes, somewhat rude","Yes, somewhat rude","Yes, somewhat rude","No, not at all rude","Yes, somewhat rude",Yes,No,Male,54,150000,Graduate degree,Mountain
3433234161,Once a year or less,Once in a while,65,No,The arm rests should be shared,Other (please specify),The person in the window seat should have exclusive control,"No, not rude at all","Yes, somewhat rude",Once,"No, the person on the flight has no obligation to the person behind them","No, not rude at all",No,"Yes, very rude","Yes, very rude","Yes, very rude","Yes, very rude","Yes, somewhat rude","Yes, very rude",No,No,Male,33,7000,Bachelor degree,Pacific
3433234647,Never,"","","","","","","","","","","","","","","","","","","","",Male,53,0,Some college or Associate degree,East North Central
3433235280,Once a year or less,Once in a while,71,No,The arm rests should be shared,The arm rests should be shared,Everyone in the row should have some say,"No, not rude at all","No, not at all rude",Twice,"No, the person on the flight has no obligation to the person behind them","No, not rude at all",No,"No, not at all rude","No, not at all rude","No, not at all rude","Yes, somewhat rude","No, not at all rude","Yes, somewhat rude",No,No,Male,33,54000,Some college or Associate degree,West South Central
3433237336,Once a year or less,About half the time,63,No,The arm rests should be shared,The arm rests should be shared,Everyone in the row should have some say,"No, not rude at all","No, not at all rude",Three times,"Yes, they should not recline their chair if the person behind them asks them not to","No, not rude at all",No,"No, not at all rude","No, not at all rude","No, not at all rude","No, not at all rude","No, not at all rude","No, not at all rude",No,No,Female,40,33000,Graduate degree,Pacific
3433238383,Once a year or less,Once in a while,71,No,The arm rests should be shared,The arm rests should be shared,The person in the window seat should have exclusive control,"Yes, somewhat rude","No, not at all rude",Twice,"Yes, they should not recline their chair if the person behind them asks them not to","Yes, somewhat rude",Yes,"No, not at all rude","No, not at all rude","Yes, somewhat rude","Yes, somewhat rude","No, not at all rude","Yes, somewhat rude",No,No,Male,71,150000,Graduate degree,""
3433238615,Once a month or less,Usually,69,No,The person in the middle seat gets both arm rests,The arm rests should be shared,The person in the window seat should have exclusive control,"No, not rude at all","No, not at all rude",Once,"No, the person on the flight has no obligation to the person behind them","No, not rude at all",No,"Yes, somewhat rude","Yes, somewhat rude","No, not at all rude","Yes, somewhat rude","No, not at all rude","Yes, very rude",No,No,Male,71,68000,Some college or Associate degree,South Atlantic
3433240354,A few times per month,Never,71,Yes,The person in the middle seat gets both arm rests,The person by the window,Everyone in the row should have some say,"No, not rude at all","No, not at all rude",Three times,"Yes, they should not recline their chair if the person behind them asks them not to","Yes, very rude",Yes,"Yes, somewhat rude","No, not at all rude","No, not at all rude","Yes, somewhat rude","No, not at all rude","Yes, somewhat rude",No,No,Male,45,116000,Graduate degree,West South Central
3433241823,Once a year or less,Never,63,No,The people in the aisle and window seats get both arm rests,Whoever puts their arm on the arm rest first,Everyone in the row should have some say,"Yes, very rude","Yes, very rude",Once,"No, the person on the flight has no obligation to the person behind them","Yes, very rude",No,"Yes, very rude","No, not at all rude","Yes, very rude","Yes, very rude","No, not at all rude","No, not at all rude",Yes,No,Female,43,"",High school degree,East North Central
3433244090,Never,"","","","","","","","","","","","","","","","","","","","",Female,36,39000,Graduate degree,South Atlantic
3433246146,Once a year or less,Usually,66,No,The arm rests should be shared,The arm rests should be shared,Everyone in the row should have some say,"No, not rude at all","No, not at all rude",Twice,"No, the person on the flight has no obligation to the person behind them","Yes, somewhat rude",Yes,"No, not at all rude","No, not at all rude","No, not at all rude","Yes, somewhat rude","No, not at all rude","Yes, somewhat rude",No,No,Female,65,115000,Some college or Associate degree,South Atlantic
3433249096,Once a year or less,Usually,64,No,The arm rests should be shared,The arm rests should be shared,The person in the window seat should have exclusive control,"No, not rude at all","Yes, very rude",Four times,"No, the person on the flight has no obligation to the person behind them","No, not rude at all",No,"No, not at all rude","No, not at all rude","No, not at all rude","Yes, somewhat rude","Yes, very rude","Yes, very rude",No,No,Female,33,6000,Bachelor degree,Mountain
3433250869,Once a month or less,About half the time,63,No,The arm rests should be shared,The person by the window,Everyone in the row should have some say,"No, not rude at all","No, not at all rude",Three times,"Yes, they should not recline their chair if the person behind them asks them not to","Yes, somewhat rude",No,"No, not at all rude","No, not at all rude","No, not at all rude","Yes, somewhat rude","Yes, somewhat rude","Yes, very rude",Yes,No,Male,41,30000,Less than high school degree,Middle Atlantic
3433251770,Once a year or less,Once in a while,65,Yes,The arm rests should be shared,The arm rests should be shared,Everyone in the row should have some say,"No, not rude at all","No, not at all rude",More than five times times,"Yes, they should not recline their chair if the person behind them asks them not to","Yes, somewhat rude",Yes,"No, not at all rude","No, not at all rude","Yes, somewhat rude","Yes, somewhat rude","No, not at all rude","No, not at all rude",No,No,Female,44,18000,Graduate degree,Middle Atlantic
3433252843,Once a year or less,Never,73,No,The arm rests should be shared,The arm rests should be shared,Everyone in the row should have some say,"No, not rude at all","No, not at all rude",Four times,"Yes, they should not recline their chair if the person behind them asks them not to","Yes, somewhat rude",Yes,"No, not at all rude","No, not at all rude","No, not at all rude","Yes, somewhat rude","No, not at all rude","Yes, somewhat rude",No,No,Male,66,"",Graduate degree,West North Central
3433253031,Once a month or less,Always,56,Yes,The arm rests should be shared,The arm rests should be shared,The person in the window seat should have exclusive control,"No, not rude at all","No, not at all rude",More than five times times,"Yes, they should not recline their chair if the person behind them asks them not to","No, not rude at all",No,"Yes, very rude","No, not at all rude","No, not at all rude","No, not at all rude","No, not at all rude","No, not at all rude",No,No,Female,43,63000,Some college or Associate degree,West North Central
3433254063,Once a year or less,Once in a while,65,No,The arm rests should be shared,The arm rests should be shared,The person in the window seat should have exclusive control,"No, not rude at all","Yes, somewhat rude",Three times,"Yes, they should not recline their chair if the person behind them asks them not to","Yes, somewhat rude",No,"No, not at all rude","No, not at all rude","No, not at all rude","Yes, somewhat rude","No, not at all rude","No, not at all rude",No,No,Female,43,38000,Graduate degree,Middle Atlantic
3433254127,Every day,Always,78,Yes,Other (please specify),Other (please specify),The person in the window seat should have exclusive control,"Yes, very rude","Yes, very rude",It is not okay to get up during flight,"Yes, they should not recline their chair if the person behind them asks them not to","Yes, very rude",Yes,"Yes, very rude","Yes, very rude","Yes, very rude","Yes, very rude","Yes, very rude","Yes, very rude",Yes,Yes,Female,37,"","",Pacific
3433256432,Once a year or less,Never,65,No,The arm rests should be shared,The arm rests should be shared,The person in the window seat should have exclusive control,"Yes, somewhat rude","Yes, somewhat rude",Four times,"Yes, they should not recline their chair if the person behind them asks them not to","Yes, somewhat rude",No,"Yes, somewhat rude","Yes, somewhat rude","No, not at all rude","Yes, very rude","Yes, somewhat rude","Yes, very rude",No,No,Female,39,79000,Bachelor degree,South Atlantic
3433256501,Once a month or less,Once in a while,62,No,The person in the middle seat gets both arm rests,Whoever puts their arm on the arm rest first,Everyone in the row should have some say,"No, not rude at all","No, not at all rude",More than five times times,"Yes, they should not recline their chair if the person behind them asks them not to","No, not rude at all",No,"No, not at all rude","No, not at all rude","No, not at all rude","No, not at all rude","No, not at all rude","Yes, somewhat rude",No,No,Female,62,"",Graduate degree,East North Central
3433257810,Once a year or less,"","","","","","","","","","","","","","","","","","","","","","","","",""
3433258429,Never,"","","","","","","","","","","","","","","","","","","","",Female,41,50000,Some college or Associate degree,New England
3433258577,A few times per month,Always,68,Yes,Whoever puts their arm on the arm rest first,Whoever puts their arm on the arm rest first,The person in the window seat should have exclusive control,"No, not rude at all","No, not at all rude",Once,"Yes, they should not recline their chair if the person behind them asks them not to","No, not rude at all",No,"No, not at all rude","No, not at all rude","No, not at all rude","Yes, somewhat rude","No, not at all rude","Yes, somewhat rude",No,No,Female,31,101000,Bachelor degree,South Atlantic
3433259146,Once a year or less,Once in a while,61,No,The arm rests should be shared,The arm rests should be shared,The person in the window seat should have exclusive control,"Yes, somewhat rude","No, not at all rude",Three times,"Yes, they should not recline their chair if the person behind them asks them not to","Yes, somewhat rude",Yes,"Yes, somewhat rude","No, not at all rude","No, not at all rude","Yes, somewhat rude","No, not at all rude","Yes, somewhat rude",No,No,Female,60,25000,Bachelor degree,West North Central
3433259149,Once a year or less,About half the time,58,Yes,The arm rests should be shared,The arm rests should be shared,The person in the window seat should have exclusive control,"Yes, somewhat rude","Yes, somewhat rude",Once,"Yes, they should not recline their chair if the person behind them asks them not to","No, not rude at all",No,"No, not at all rude","No, not at all rude","No, not at all rude","Yes, somewhat rude","No, not at all rude","No, not at all rude",No,No,Female,39,6000,Graduate degree,South Atlantic
3433260241,Once a year or less,Never,64,No,The arm rests should be shared,The arm rests should be shared,Everyone in the row should have some say,"No, not rude at all","No, not at all rude",Three times,"Yes, they should not recline their chair if the person behind them asks them not to","No, not rude at all",Yes,"Yes, somewhat rude","No, not at all rude","No, not at all rude","No, not at all rude","No, not at all rude","Yes, very rude",No,No,Female,31,"",Bachelor degree,West South Central
3433260449,Once a year or less,Once in a while,76,No,The arm rests should be shared,The arm rests should be shared,Everyone in the row should have some say,"No, not rude at all","Yes, somewhat rude",Three times,"Yes, they should not recline their chair if the person behind them asks them not to","Yes, somewhat rude",Yes,"No, not at all rude","No, not at all rude","No, not at all rude","Yes, somewhat rude","No, not at all rude","Yes, somewhat rude",No,No,Male,48,"",Bachelor degree,Pacific
3433260889,Once a month or less,About half the time,66,No,The arm rests should be shared,The arm rests should be shared,Everyone in the row should have some say,"No, not rude at all","No, not at all rude",Three times,"Yes, they should not recline their chair if the person behind them asks them not to","No, not rude at all",No,"Yes, somewhat rude","Yes, somewhat rude","No, not at all rude","No, not at all rude","No, not at all rude","Yes, somewhat rude",No,No,Female,77,150000,Bachelor degree,East North Central
3433260894,Once a year or less,Usually,71,No,The arm rests should be shared,The arm rests should be shared,Everyone in the row should have some say,"Yes, somewhat rude","Yes, somewhat rude",Twice,"Yes, they should not recline their chair if the person behind them asks them not to","No, not rude at all",Yes,"Yes, somewhat rude","No, not at all rude","No, not at all rude","Yes, somewhat rude","No, not at all rude","Yes, somewhat rude",No,No,Male,62,"",Graduate degree,West North Central
3433261318,Once a year or less,Always,75,No,The arm rests should be shared,The arm rests should be shared,Everyone in the row should have some say,"No, not rude at all","No, not at all rude",Three times,"Yes, they should not recline their chair if the person behind them asks them not to","No, not rude at all",No,"Yes, somewhat rude","No, not at all rude","No, not at all rude","Yes, somewhat rude","Yes, somewhat rude","Yes, very rude",No,No,Male,72,40000,Bachelor degree,East North Central
3433262269,Once a month or less,Always,69,No,The person in the middle seat gets both arm rests,The person in aisle,The person in the window seat should have exclusive control,"Yes, somewhat rude","Yes, somewhat rude",Three times,"No, the person on the flight has no obligation to the person behind them","No, not rude at all",No,"Yes, somewhat rude","Yes, somewhat rude","No, not at all rude","Yes, somewhat rude","No, not at all rude","Yes, somewhat rude",No,No,Male,49,48000,Some college or Associate degree,Middle Atlantic
3433262682,Once a year or less,About half the time,66,No,The arm rests should be shared,The arm rests should be shared,The person in the window seat should have exclusive control,"Yes, somewhat rude","No, not at all rude",Three times,"No, the person on the flight has no obligation to the person behind them","No, not rude at all",No,"Yes, somewhat rude","Yes, somewhat rude","No, not at all rude","Yes, somewhat rude","No, not at all rude","Yes, very rude",No,No,Female,67,"",Some college or Associate degree,South Atlantic
3433263574,Once a year or less,Once in a while,72,No,The arm rests should be shared,The arm rests should be shared,Everyone in the row should have some say,"No, not rude at all","No, not at all rude",More than five times times,"Yes, they should not recline their chair if the person behind them asks them not to","No, not rude at all",No,"No, not at all rude","No, not at all rude","No, not at all rude","Yes, somewhat rude","No, not at all rude","Yes, somewhat rude",No,No,Male,65,70000,Some college or Associate degree,South Atlantic
3433263834,Never,"","","","","","","","","","","","","","","","","","","","",Female,67,8000,Some college or Associate degree,Pacific
3433265138,Once a year or less,Once in a while,63,No,The arm rests should be shared,The arm rests should be shared,Everyone in the row should have some say,"No, not rude at all","No, not at all rude",Twice,"No, the person on the flight has no obligation to the person behind them","No, not rude at all",No,"No, not at all rude","No, not at all rude","Yes, somewhat rude","Yes, somewhat rude","No, not at all rude","Yes, somewhat rude",No,No,Female,78,37000,Bachelor degree,Pacific
3433265290,Once a year or less,Once in a while,70,Yes,Whoever puts their arm on the arm rest first,Whoever puts their arm on the arm rest first,The person in the window seat should have exclusive control,"No, not rude at all","No, not at all rude",Three times,"No, the person on the flight has no obligation to the person behind them","No, not rude at all",No,"No, not at all rude","No, not at all rude","Yes, somewhat rude","Yes, very rude","No, not at all rude","No, not at all rude",No,No,Male,40,131000,Graduate degree,Pacific
3433268138,Once a year or less,Always,72,No,The person in the middle seat gets both arm rests,The arm rests should be shared,Everyone in the row should have some say,"No, not rude at all","Yes, somewhat rude",Four times,"No, the person on the flight has no obligation to the person behind them","No, not rude at all",No,"No, not at all rude","No, not at all rude","No, not at all rude","Yes, somewhat rude","Yes, very rude","Yes, very rude",Yes,No,Male,49,134000,Graduate degree,West South Central
3433268645,Once a month or less,Always,69,No,The person in the middle seat gets both arm rests,The person in aisle,The person in the window seat should have exclusive control,"Yes, very rude","Yes, somewhat rude",Three times,"No, the person on the flight has no obligation to the person behind them","No, not rude at all",No,"Yes, somewhat rude","Yes, somewhat rude","Yes, somewhat rude","Yes, somewhat rude","No, not at all rude","Yes, somewhat rude",No,No,"","","","",""
3433269181,Never,"","","","","","","","","","","","","","","","","","","","",Female,79,35000,Bachelor degree,South Atlantic
3433270331,A few times per week,Always,76,Yes,Other (please specify),Other (please specify),Everyone in the row should have some say,"No, not rude at all","No, not at all rude",More than five times times,"No, the person on the flight has no obligation to the person behind them","No, not rude at all",No,"No, not at all rude","No, not at all rude","No, not at all rude","No, not at all rude","No, not at all rude","No, not at all rude",Yes,Yes,Male,46,88000,Bachelor degree,South Atlantic
3433273305,Once a year or less,Once in a while,69,No,The arm rests should be shared,The arm rests should be shared,The person in the window seat should have exclusive control,"Yes, somewhat rude","No, not at all rude",Twice,"No, the person on the flight has no obligation to the person behind them","No, not rude at all",No,"No, not at all rude","No, not at all rude","No, not at all rude","Yes, somewhat rude","No, not at all rude","Yes, somewhat rude",No,No,Male,36,108000,Bachelor degree,West North Central
3433273447,Never,"","","","","","","","","","","","","","","","","","","","",Male,67,"",Graduate degree,East North Central
3433273649,Once a year or less,Usually,65,No,The arm rests should be shared,The arm rests should be shared,Everyone in the row should have some say,"No, not rude at all","No, not at all rude",Twice,"Yes, they should not recline their chair if the person behind them asks them not to","No, not rude at all",No,"No, not at all rude","No, not at all rude","Yes, somewhat rude","Yes, very rude","No, not at all rude","Yes, somewhat rude",Yes,No,Female,65,83000,Graduate degree,Pacific
3433274937,Once a year or less,Never,64,No,The arm rests should be shared,The arm rests should be shared,Everyone in the row should have some say,"No, not rude at all","No, not at all rude",More than five times times,"Yes, they should not recline their chair if the person behind them asks them not to","No, not rude at all",No,"No, not at all rude","No, not at all rude","Yes, somewhat rude","Yes, somewhat rude","No, not at all rude","Yes, somewhat rude",No,No,Female,61,17000,Some college or Associate degree,Middle Atlantic
3433275891,Once a month or less,Once in a while,66,No,The arm rests should be shared,The person in aisle,The person in the window seat should have exclusive control,"No, not rude at all","Yes, somewhat rude",Twice,"Yes, they should not recline their chair if the person behind them asks them not to","Yes, somewhat rude",Yes,"No, not at all rude","No, not at all rude","Yes, very rude","Yes, somewhat rude","No, not at all rude","Yes, somewhat rude",No,No,Female,62,76000,High school degree,West South Central
3433277841,Once a year or less,Once in a while,74,No,The arm rests should be shared,The arm rests should be shared,The person in the window seat should have exclusive control,"No, not rude at all","No, not at all rude",It is not okay to get up during flight,"Yes, they should not recline their chair if the person behind them asks them not to","Yes, somewhat rude",No,"No, not at all rude","No, not at all rude","Yes, somewhat rude","Yes, very rude","Yes, somewhat rude","Yes, very rude",No,No,Male,50,83000,Some college or Associate degree,South Atlantic
3433278304,Once a year or less,Once in a while,65,No,The arm rests should be shared,The arm rests should be shared,The person in the window seat should have exclusive control,"No, not rude at all","No, not at all rude",Four times,"Yes, they should not recline their chair if the person behind them asks them not to","Yes, somewhat rude",No,"Yes, somewhat rude","No, not at all rude","No, not at all rude","Yes, somewhat rude","No, not at all rude","No, not at all rude",No,No,Female,65,26000,Bachelor degree,Pacific
3433278680,A few times per month,Usually,64,No,The arm rests should be shared,The arm rests should be shared,Everyone in the row should have some say,"No, not rude at all","Yes, somewhat rude",More than five times times,"No, the person on the flight has no obligation to the person behind them","No, not rude at all",No,"Yes, very rude","Yes, somewhat rude","No, not at all rude","No, not at all rude","No, not at all rude","No, not at all rude",No,No,Female,62,101000,Graduate degree,South Atlantic
3433279798,A few times per month,Once in a while,76,No,The person in the middle seat gets both arm rests,The person in aisle,The person in the window seat should have exclusive control,"No, not rude at all","No, not at all rude",Twice,"Yes, they should not recline their chair if the person behind them asks them not to","Yes, somewhat rude",Yes,"No, not at all rude","No, not at all rude","No, not at all rude","Yes, somewhat rude","No, not at all rude","No, not at all rude",No,No,Male,36,150000,Graduate degree,Pacific
3433279839,Once a year or less,Once in a while,65,No,The arm rests should be shared,The arm rests should be shared,The person in the window seat should have exclusive control,"No, not rude at all","No, not at all rude",Three times,"Yes, they should not recline their chair if the person behind them asks them not to","Yes, somewhat rude",Yes,"No, not at all rude","No, not at all rude","No, not at all rude","Yes, somewhat rude","Yes, somewhat rude","Yes, very rude",No,No,Male,60,50000,Some college or Associate degree,Pacific
3433280373,Never,"","","","","","","","","","","","","","","","","","","","",Male,56,25000,Some college or Associate degree,Middle Atlantic
3433280971,Never,"","","","","","","","","","","","","","","","","","","","",Female,69,3000,Bachelor degree,South Atlantic
3433281784,Once a year or less,Always,72,No,The arm rests should be shared,The person in aisle,The person in the window seat should have exclusive control,"No, not rude at all","No, not at all rude",Twice,"Yes, they should not recline their chair if the person behind them asks them not to","No, not rude at all",No,"Yes, somewhat rude","No, not at all rude","No, not at all rude","Yes, very rude","No, not at all rude","Yes, somewhat rude",No,No,Male,66,122000,Bachelor degree,Pacific
3433282169,Never,"","","","","","","","","","","","","","","","","","","","",Male,62,21000,Bachelor degree,West North Central
3433282292,Once a year or less,Never,71,No,The arm rests should be shared,The arm rests should be shared,The person in the window seat should have exclusive control,"No, not rude at all","No, not at all rude",Three times,"No, the person on the flight has no obligation to the person behind them","No, not rude at all",No,"No, not at all rude","No, not at all rude","No, not at all rude","No, not at all rude","No, not at all rude","Yes, somewhat rude",No,No,Male,72,79000,Some college or Associate degree,Pacific
3433284218,Once a year or less,Usually,64,No,The arm rests should be shared,The arm rests should be shared,The person in the window seat should have exclusive control,"No, not rude at all","No, not at all rude",Twice,"Yes, they should not recline their chair if the person behind them asks them not to","No, not rude at all",No,"Yes, somewhat rude","Yes, somewhat rude","Yes, somewhat rude","Yes, very rude","No, not at all rude","Yes, somewhat rude",No,No,Female,67,30000,Some college or Associate degree,Pacific
3433284694,Once a year or less,Usually,69,No,The arm rests should be shared,The person by the window,Everyone in the row should have some say,"Yes, somewhat rude","No, not at all rude",More than five times times,"No, the person on the flight has no obligation to the person behind them","Yes, somewhat rude",No,"Yes, very rude","Yes, somewhat rude","No, not at all rude","Yes, somewhat rude","No, not at all rude","No, not at all rude",No,No,Male,80,53000,Some college or Associate degree,West North Central
3433285767,Once a year or less,Usually,66,No,The arm rests should be shared,The arm rests should be shared,The person in the window seat should have exclusive control,"No, not rude at all","No, not at all rude",Twice,"No, the person on the flight has no obligation to the person behind them","No, not rude at all",Yes,"No, not at all rude","No, not at all rude","Yes, somewhat rude","Yes, very rude","Yes, somewhat rude","Yes, very rude",No,No,Male,75,6000,High school degree,South Atlantic
3433285772,Once a year or less,Never,65,No,The person in the middle seat gets both arm rests,Whoever puts their arm on the arm rest first,The person in the window seat should have exclusive control,"No, not rude at all","No, not at all rude",Twice,"Yes, they should not recline their chair if the person behind them asks them not to","Yes, very rude",Yes,"No, not at all rude","No, not at all rude","No, not at all rude","Yes, somewhat rude","No, not at all rude","Yes, very rude",No,No,Female,70,32000,Graduate degree,New England
3433285778,Once a month or less,Once in a while,69,No,The arm rests should be shared,The arm rests should be shared,Everyone in the row should have some say,"No, not rude at all","Yes, somewhat rude",Twice,"Yes, they should not recline their chair if the person behind them asks them not to","Yes, somewhat rude",Yes,"No, not at all rude","No, not at all rude","Yes, somewhat rude","Yes, somewhat rude","No, not at all rude","Yes, somewhat rude",No,No,Female,63,"",Graduate degree,East North Central
3433289256,Once a year or less,Usually,65,No,The arm rests should be shared,The arm rests should be shared,Everyone in the row should have some say,"No, not rude at all","No, not at all rude",More than five times times,"Yes, they should not recline their chair if the person behind them asks them not to","No, not rude at all",No,"No, not at all rude","No, not at all rude","Yes, somewhat rude","Yes, somewhat rude","No, not at all rude","Yes, somewhat rude",No,No,Female,73,85000,Graduate degree,Pacific
3433292151,Once a month or less,Usually,64,No,The arm rests should be shared,The arm rests should be shared,Everyone in the row should have some say,"No, not rude at all","No, not at all rude",Twice,"No, the person on the flight has no obligation to the person behind them","No, not rude at all",No,"No, not at all rude","No, not at all rude","No, not at all rude","No, not at all rude","No, not at all rude","Yes, very rude",No,No,Female,79,87000,Graduate degree,East South Central
3433292155,Once a year or less,Usually,63,No,The arm rests should be shared,The arm rests should be shared,Everyone in the row should have some say,"No, not rude at all","No, not at all rude",Once,"No, the person on the flight has no obligation to the person behind them","No, not rude at all",Yes,"No, not at all rude","No, not at all rude","No, not at all rude","Yes, somewhat rude","No, not at all rude","Yes, very rude",No,No,Female,77,"",Bachelor degree,Middle Atlantic
3433292263,Once a year or less,Usually,66,No,The person in the middle seat gets both arm rests,The arm rests should be shared,Everyone in the row should have some say,"No, not rude at all","Yes, somewhat rude",More than five times times,"No, the person on the flight has no obligation to the person behind them","No, not rude at all",No,"No, not at all rude","No, not at all rude","No, not at all rude","Yes, somewhat rude","No, not at all rude","Yes, very rude",No,No,Female,72,71000,Bachelor degree,Pacific
3433292275,Never,"","","","","","","","","","","","","","","","","","","","",Female,67,"",Bachelor degree,Pacific
3433294983,Once a year or less,Never,63,No,The arm rests should be shared,The arm rests should be shared,The person in the window seat should have exclusive control,"No, not rude at all","No, not at all rude",Once,"Yes, they should not recline their chair if the person behind them asks them not to","Yes, very rude",Yes,"Yes, very rude","Yes, very rude","No, not at all rude","Yes, very rude","Yes, very rude","Yes, very rude",No,No,Female,73,58000,Bachelor degree,South Atlantic
3433297138,Never,"","","","","","","","","","","","","","","","","","","","",Female,74,14000,Graduate degree,Mountain
3433299462,Once a year or less,Once in a while,71,No,The arm rests should be shared,The arm rests should be shared,Everyone in the row should have some say,"Yes, very rude","No, not at all rude",Four times,"Yes, they should not recline their chair if the person behind them asks them not to","No, not rude at all",No,"Yes, somewhat rude","Yes, somewhat rude","Yes, somewhat rude","Yes, very rude","No, not at all rude","Yes, somewhat rude",No,No,Male,78,60000,Bachelor degree,West North Central
3433300075,Once a year or less,Usually,73,No,The arm rests should be shared,The arm rests should be shared,The person in the window seat should have exclusive control,"No, not rude at all","No, not at all rude",Twice,"Yes, they should not recline their chair if the person behind them asks them not to","No, not rude at all",No,"No, not at all rude","No, not at all rude","No, not at all rude","Yes, somewhat rude","No, not at all rude","Yes, somewhat rude",No,No,Male,68,111000,Bachelor degree,Middle Atlantic
3433300838,Once a year or less,About half the time,66,No,The arm rests should be shared,The arm rests should be shared,The person in the window seat should have exclusive control,"Yes, somewhat rude","No, not at all rude",Three times,"Yes, they should not recline their chair if the person behind them asks them not to","Yes, somewhat rude",No,"No, not at all rude","No, not at all rude","Yes, somewhat rude","Yes, somewhat rude","No, not at all rude","No, not at all rude",No,No,Female,69,44000,High school degree,New England
3433303387,Once a month or less,About half the time,71,No,The person in the middle seat gets both arm rests,Other (please specify),The person in the window seat should have exclusive control,"No, not rude at all","No, not at all rude",Twice,"Yes, they should not recline their chair if the person behind them asks them not to","Yes, somewhat rude",Yes,"No, not at all rude","No, not at all rude","No, not at all rude","Yes, somewhat rude","No, not at all rude","Yes, very rude",Yes,No,Male,71,150000,Bachelor degree,Mountain
3433304455,Once a year or less,Always,60,No,The arm rests should be shared,The person by the window,The person in the window seat should have exclusive control,"No, not rude at all","No, not at all rude",Three times,"Yes, they should not recline their chair if the person behind them asks them not to","No, not rude at all",No,"No, not at all rude","No, not at all rude","Yes, somewhat rude","Yes, somewhat rude","No, not at all rude","Yes, somewhat rude",No,No,Female,78,150000,Graduate degree,Middle Atlantic
3433304709,Once a year or less,Usually,66,No,The arm rests should be shared,The arm rests should be shared,Everyone in the row should have some say,"No, not rude at all","No, not at all rude",Four times,"Yes, they should not recline their chair if the person behind them asks them not to","No, not rude at all",No,"No, not at all rude","No, not at all rude","No, not at all rude","No, not at all rude","Yes, somewhat rude","Yes, very rude",No,No,Female,61,81000,Graduate degree,East North Central
3433305065,Once a year or less,Usually,59,No,Other (please specify),Other (please specify),Everyone in the row should have some say,"No, not rude at all","No, not at all rude",More than five times times,"Yes, they should not recline their chair if the person behind them asks them not to","No, not rude at all",No,"No, not at all rude","No, not at all rude","No, not at all rude","No, not at all rude","No, not at all rude","Yes, somewhat rude",No,No,Female,65,"",Graduate degree,Pacific
3433307051,Never,"","","","","","","","","","","","","","","","","","","","",Male,57,81000,High school degree,East North Central
3433307757,Once a year or less,Once in a while,65,No,The arm rests should be shared,The arm rests should be shared,The person in the window seat should have exclusive control,"No, not rude at all","No, not at all rude",Three times,"Yes, they should not recline their chair if the person behind them asks them not to","No, not rude at all",No,"No, not at all rude","No, not at all rude","No, not at all rude","No, not at all rude","No, not at all rude","Yes, somewhat rude",No,No,Female,73,"",Graduate degree,Middle Atlantic
3433307964,Never,"","","","","","","","","","","","","","","","","","","","",Male,20,22000,Some college or Associate degree,West North Central
3433308627,Once a year or less,Never,64,No,The arm rests should be shared,The person in aisle,The person in the window seat should have exclusive control,"No, not rude at all","Yes, somewhat rude",Once,"Yes, they should not recline their chair if the person behind them asks them not to","No, not rude at all",No,"No, not at all rude","No, not at all rude","No, not at all rude","Yes, very rude","No, not at all rude","Yes, very rude",No,No,Female,78,68000,Graduate degree,East North Central
3433309493,Never,"","","","","","","","","","","","","","","","","","","","",Female,76,3000,High school degree,Pacific
3433309728,Once a year or less,"","","","","","","","","","","","","","","","","","","","","","","","",""
3433312937,Never,"","","","","","","","","","","","","","","","","","","","",Male,38,33000,High school degree,East North Central
3433313301,Once a year or less,Once in a while,69,No,The person in the middle seat gets both arm rests,The person in aisle,Everyone in the row should have some say,"Yes, very rude","No, not at all rude",Three times,"Yes, they should not recline their chair if the person behind them asks them not to","Yes, somewhat rude",Yes,"No, not at all rude","No, not at all rude","No, not at all rude","Yes, very rude","No, not at all rude","Yes, very rude",No,No,Male,52,57000,Graduate degree,West North Central
3433314320,Once a year or less,Always,73,No,The arm rests should be shared,The arm rests should be shared,Everyone in the row should have some say,"No, not rude at all","No, not at all rude",Once,"No, the person on the flight has no obligation to the person behind them","No, not rude at all",No,"No, not at all rude","No, not at all rude","Yes, somewhat rude","Yes, somewhat rude","No, not at all rude","Yes, very rude",Yes,No,Male,61,128000,Some college or Associate degree,Pacific
3433321137,Once a year or less,Always,76,Yes,The arm rests should be shared,The arm rests should be shared,The person in the window seat should have exclusive control,"No, not rude at all","No, not at all rude",Four times,"Yes, they should not recline their chair if the person behind them asks them not to","No, not rude at all",Yes,"No, not at all rude","No, not at all rude","No, not at all rude","Yes, somewhat rude","No, not at all rude","Yes, somewhat rude",No,No,Male,57,30000,Bachelor degree,Pacific
3433322189,Once a year or less,About half the time,69,No,The arm rests should be shared,Whoever puts their arm on the arm rest first,Everyone in the row should have some say,"No, not rude at all","No, not at all rude",Three times,"Yes, they should not recline their chair if the person behind them asks them not to","No, not rude at all",No,"No, not at all rude","No, not at all rude","No, not at all rude","No, not at all rude","No, not at all rude","Yes, somewhat rude",No,No,Male,71,138000,Some college or Associate degree,South Atlantic
3433323600,Once a year or less,Usually,70,No,Other (please specify),The arm rests should be shared,Everyone in the row should have some say,"No, not rude at all","Yes, somewhat rude",More than five times times,"Yes, they should not recline their chair if the person behind them asks them not to","No, not rude at all",No,"No, not at all rude","No, not at all rude","No, not at all rude","Yes, somewhat rude","No, not at all rude","Yes, somewhat rude",Yes,No,Male,77,38000,Bachelor degree,East North Central
3433327095,Once a year or less,Usually,68,No,The arm rests should be shared,The arm rests should be shared,Everyone in the row should have some say,"Yes, somewhat rude","No, not at all rude",Four times,"Yes, they should not recline their chair if the person behind them asks them not to","Yes, somewhat rude",Yes,"Yes, very rude","Yes, somewhat rude","No, not at all rude","No, not at all rude","Yes, somewhat rude","Yes, very rude",No,No,Male,64,127000,Graduate degree,West North Central
3433329602,Once a year or less,About half the time,71,Yes,The people in the aisle and window seats get both arm rests,The arm rests should be shared,The person in the window seat should have exclusive control,"No, not rude at all","No, not at all rude",Once,"Yes, they should not recline their chair if the person behind them asks them not to","No, not rude at all",No,"No, not at all rude","No, not at all rude","Yes, somewhat rude","Yes, somewhat rude","No, not at all rude","No, not at all rude",No,No,Male,38,108000,Graduate degree,East South Central
3433330676,Never,"","","","","","","","","","","","","","","","","","","","",Male,71,"",Graduate degree,Pacific
3433332557,Once a year or less,Never,69,No,The arm rests should be shared,The arm rests should be shared,The person in the window seat should have exclusive control,"No, not rude at all","Yes, somewhat rude",Three times,"Yes, they should not recline their chair if the person behind them asks them not to","Yes, very rude",Yes,"Yes, somewhat rude","No, not at all rude","No, not at all rude","No, not at all rude","Yes, somewhat rude","Yes, very rude",No,No,Male,72,"",Graduate degree,Middle Atlantic
3433333817,Never,"","","","","","","","","","","","","","","","","","","","",Male,50,"",High school degree,Mountain
3433334272,Once a month or less,Once in a while,70,No,The arm rests should be shared,The arm rests should be shared,Everyone in the row should have some say,"No, not rude at all","No, not at all rude",Four times,"Yes, they should not recline their chair if the person behind them asks them not to","Yes, very rude",Yes,"No, not at all rude","No, not at all rude","No, not at all rude","Yes, somewhat rude","Yes, somewhat rude","Yes, very rude",No,No,Male,65,"",Bachelor degree,Pacific
3433335323,Once a month or less,Usually,76,No,The arm rests should be shared,The arm rests should be shared,Everyone in the row should have some say,"No, not rude at all","No, not at all rude",Once,"No, the person on the flight has no obligation to the person behind them","Yes, somewhat rude",No,"No, not at all rude","No, not at all rude","Yes, somewhat rude","Yes, somewhat rude","Yes, somewhat rude","Yes, very rude",No,No,Male,44,68000,Some college or Associate degree,Pacific
3433339394,Once a month or less,Never,70,Yes,The arm rests should be shared,The arm rests should be shared,Everyone in the row should have some say,"No, not rude at all","No, not at all rude",Twice,"Yes, they should not recline their chair if the person behind them asks them not to","No, not rude at all",No,"No, not at all rude","No, not at all rude","No, not at all rude","No, not at all rude","Yes, somewhat rude","Yes, somewhat rude",No,No,Male,52,82000,Bachelor degree,Pacific
3433339691,Once a year or less,Once in a while,71,No,The people in the aisle and window seats get both arm rests,The arm rests should be shared,Everyone in the row should have some say,"No, not rude at all","Yes, somewhat rude",Three times,"No, the person on the flight has no obligation to the person behind them","No, not rude at all",Yes,"Yes, somewhat rude","No, not at all rude","No, not at all rude","Yes, somewhat rude","No, not at all rude","Yes, very rude",No,No,Male,70,"",Graduate degree,Middle Atlantic
3433339828,Never,"","","","","","","","","","","","","","","","","","","","",Male,79,"",Some college or Associate degree,Middle Atlantic
3433342645,Once a month or less,Never,69,No,The arm rests should be shared,The arm rests should be shared,The person in the window seat should have exclusive control,"No, not rude at all","No, not at all rude",Once,"Yes, they should not recline their chair if the person behind them asks them not to","Yes, somewhat rude",No,"No, not at all rude","No, not at all rude","Yes, somewhat rude","Yes, somewhat rude","Yes, very rude","Yes, very rude",Yes,No,Male,21,93000,Some college or Associate degree,South Atlantic
3433343494,Once a year or less,Once in a while,67,No,The arm rests should be shared,The arm rests should be shared,The person in the window seat should have exclusive control,"No, not rude at all","No, not at all rude",Four times,"No, the person on the flight has no obligation to the person behind them","No, not rude at all",No,"Yes, somewhat rude","No, not at all rude","No, not at all rude","No, not at all rude","No, not at all rude","Yes, very rude",No,No,Male,67,119000,Bachelor degree,Mountain
3433347213,Never,"","","","","","","","","","","","","","","","","","","","",Male,27,93000,Some college or Associate degree,Pacific
3433351077,Once a year or less,About half the time,68,No,The arm rests should be shared,The arm rests should be shared,Everyone in the row should have some say,"No, not rude at all","No, not at all rude",Three times,"No, the person on the flight has no obligation to the person behind them","No, not rude at all",No,"Yes, somewhat rude","Yes, somewhat rude","No, not at all rude","Yes, somewhat rude","Yes, somewhat rude","Yes, very rude",No,No,Male,75,121000,Some college or Associate degree,West South Central
3433355321,Never,"","","","","","","","","","","","","","","","","","","","",Male,29,13000,Some college or Associate degree,East North Central
3433356966,Once a year or less,Once in a while,72,No,The arm rests should be shared,The arm rests should be shared,Everyone in the row should have some say,"No, not rude at all","No, not at all rude",Three times,"Yes, they should not recline their chair if the person behind them asks them not to","Yes, somewhat rude",No,"No, not at all rude","No, not at all rude","No, not at all rude","Yes, somewhat rude","Yes, somewhat rude","Yes, very rude",No,No,Male,58,150000,Graduate degree,Pacific
3433358233,Never,"","","","","","","","","","","","","","","","","","","","",Male,27,146000,Graduate degree,Pacific
3433361838,Once a year or less,Once in a while,73,No,The arm rests should be shared,The arm rests should be shared,The person in the window seat should have exclusive control,"No, not rude at all","No, not at all rude",Three times,"Yes, they should not recline their chair if the person behind them asks them not to","Yes, somewhat rude",No,"No, not at all rude","No, not at all rude","Yes, somewhat rude","Yes, somewhat rude","Yes, somewhat rude","Yes, very rude",No,No,Male,58,61000,Graduate degree,West South Central
3433363377,Never,"","","","","","","","","","","","","","","","","","","","",Male,24,115000,Graduate degree,""
3433365207,Once a year or less,"","","","","","","","","","","","","","","","","","","","","","","","",""
3433365410,Once a year or less,Never,68,No,The arm rests should be shared,The arm rests should be shared,The person in the window seat should have exclusive control,"Yes, somewhat rude","No, not at all rude",Four times,"No, the person on the flight has no obligation to the person behind them","No, not rude at all",Yes,"Yes, somewhat rude","No, not at all rude","No, not at all rude","Yes, somewhat rude","No, not at all rude","No, not at all rude",No,No,Male,68,"",Graduate degree,Mountain
3433365905,Never,"","","","","","","","","","","","","","","","","","","","",Male,46,72000,High school degree,Mountain
3433366122,Once a year or less,Always,75,Yes,The arm rests should be shared,The arm rests should be shared,Everyone in the row should have some say,"No, not rude at all","No, not at all rude",Three times,"Yes, they should not recline their chair if the person behind them asks them not to","Yes, very rude",No,"Yes, very rude","Yes, somewhat rude","Yes, somewhat rude","Yes, somewhat rude","Yes, somewhat rude","Yes, somewhat rude",No,No,Male,43,67000,Less than high school degree,Mountain
3433368365,Once a month or less,Usually,70,No,The arm rests should be shared,The arm rests should be shared,The person in the window seat should have exclusive control,"No, not rude at all","Yes, somewhat rude",Once,"No, the person on the flight has no obligation to the person behind them","No, not rude at all",No,"No, not at all rude","No, not at all rude","Yes, somewhat rude","Yes, very rude","No, not at all rude","Yes, very rude",No,No,Male,49,150000,Graduate degree,South Atlantic
3433368700,Once a year or less,Once in a while,74,No,The arm rests should be shared,The arm rests should be shared,Everyone in the row should have some say,"Yes, somewhat rude","No, not at all rude",More than five times times,"Yes, they should not recline their chair if the person behind them asks them not to","No, not rude at all",No,"No, not at all rude","No, not at all rude","No, not at all rude","No, not at all rude","No, not at all rude","Yes, somewhat rude",No,No,Male,59,31000,Some college or Associate degree,South Atlantic
3433370920,Once a year or less,Once in a while,74,Yes,The arm rests should be shared,The arm rests should be shared,Everyone in the row should have some say,"No, not rude at all","Yes, somewhat rude",Once,"No, the person on the flight has no obligation to the person behind them","Yes, somewhat rude",No,"No, not at all rude","No, not at all rude","No, not at all rude","Yes, very rude","No, not at all rude","Yes, somewhat rude",No,No,Male,42,118000,Graduate degree,East North Central
3433372314,Once a year or less,Always,71,No,The arm rests should be shared,The arm rests should be shared,Everyone in the row should have some say,"No, not rude at all","No, not at all rude",Three times,"No, the person on the flight has no obligation to the person behind them","No, not rude at all",No,"No, not at all rude","No, not at all rude","No, not at all rude","Yes, somewhat rude","No, not at all rude","No, not at all rude",No,No,Male,61,90000,Some college or Associate degree,West North Central
3433379314,Once a year or less,Never,76,No,The arm rests should be shared,The arm rests should be shared,The person in the window seat should have exclusive control,"No, not rude at all","Yes, somewhat rude",Three times,"Yes, they should not recline their chair if the person behind them asks them not to","Yes, very rude",Yes,"No, not at all rude","No, not at all rude","No, not at all rude","No, not at all rude","No, not at all rude","Yes, somewhat rude",No,No,Male,61,91000,Bachelor degree,West North Central
3433381681,Once a month or less,Once in a while,69,No,The arm rests should be shared,The arm rests should be shared,Everyone in the row should have some say,"No, not rude at all","No, not at all rude",Three times,"Yes, they should not recline their chair if the person behind them asks them not to","No, not rude at all",No,"No, not at all rude","No, not at all rude","No, not at all rude","Yes, somewhat rude","No, not at all rude","Yes, very rude",No,No,Male,67,61000,Bachelor degree,East South Central
3433383009,Once a year or less,Always,69,No,The arm rests should be shared,The arm rests should be shared,The person in the window seat should have exclusive control,"No, not rude at all","No, not at all rude",Three times,"Yes, they should not recline their chair if the person behind them asks them not to","No, not rude at all",No,"Yes, somewhat rude","No, not at all rude","Yes, somewhat rude","Yes, very rude","No, not at all rude","Yes, very rude",No,No,Male,57,36000,Bachelor degree,East North Central
3433387742,Once a month or less,Always,70,No,The arm rests should be shared,The arm rests should be shared,Everyone in the row should have some say,"No, not rude at all","No, not at all rude",Twice,"No, the person on the flight has no obligation to the person behind them","No, not rude at all",No,"Yes, somewhat rude","Yes, somewhat rude","No, not at all rude","Yes, somewhat rude","No, not at all rude","Yes, somewhat rude",No,No,Male,43,119000,Bachelor degree,Mountain
3433396155,Never,"","","","","","","","","","","","","","","","","","","","",Male,46,71000,Some college or Associate degree,South Atlantic
3433400150,Never,"","","","","","","","","","","","","","","","","","","","",Male,34,57000,Bachelor degree,West South Central
3433400808,Never,"","","","","","","","","","","","","","","","","","","","",Male,54,61000,Some college or Associate degree,Middle Atlantic
3433405051,Once a year or less,Once in a while,73,No,The arm rests should be shared,The arm rests should be shared,The person in the window seat should have exclusive control,"No, not rude at all","No, not at all rude",Twice,"Yes, they should not recline their chair if the person behind them asks them not to","Yes, somewhat rude",Yes,"No, not at all rude","No, not at all rude","No, not at all rude","Yes, somewhat rude","Yes, very rude","Yes, very rude",No,No,Male,49,68000,Graduate degree,West South Central
3433408077,Never,"","","","","","","","","","","","","","","","","","","","",Male,24,"",Some college or Associate degree,South Atlantic
3433413347,Never,"","","","","","","","","","","","","","","","","","","","",Male,53,"",Bachelor degree,South Atlantic
3433421347,Once a year or less,Usually,74,Yes,The arm rests should be shared,The arm rests should be shared,The person in the window seat should have exclusive control,"No, not rude at all","No, not at all rude",Three times,"Yes, they should not recline their chair if the person behind them asks them not to","No, not rude at all",No,"No, not at all rude","No, not at all rude","Yes, somewhat rude","Yes, somewhat rude","Yes, somewhat rude","Yes, very rude",No,No,Male,37,91000,Graduate degree,Pacific
3433443270,Once a month or less,Never,68,Yes,The arm rests should be shared,The arm rests should be shared,The person in the window seat should have exclusive control,"No, not rude at all","No, not at all rude",Three times,"Yes, they should not recline their chair if the person behind them asks them not to","Yes, somewhat rude",Yes,"No, not at all rude","No, not at all rude","No, not at all rude","No, not at all rude","No, not at all rude","Yes, somewhat rude",Yes,No,Male,30,"",Bachelor degree,Pacific
3433444761,Once a month or less,Once in a while,71,No,The arm rests should be shared,The arm rests should be shared,The person in the window seat should have exclusive control,"No, not rude at all","No, not at all rude",Three times,"Yes, they should not recline their chair if the person behind them asks them not to","No, not rude at all",No,"No, not at all rude","No, not at all rude","No, not at all rude","Yes, somewhat rude","Yes, somewhat rude","Yes, very rude",No,No,Male,42,"",Bachelor degree,Pacific
3433451973,Once a year or less,Never,72,No,Other (please specify),Other (please specify),The person in the window seat should have exclusive control,"Yes, somewhat rude","Yes, very rude",Once,"Yes, they should not recline their chair if the person behind them asks them not to","Yes, very rude",Yes,"Yes, somewhat rude","Yes, somewhat rude","No, not at all rude","Yes, very rude","Yes, somewhat rude","Yes, very rude",No,No,Male,35,111000,Some college or Associate degree,West South Central
3433455019,Once a year or less,Usually,74,No,Other (please specify),Other (please specify),The person in the window seat should have exclusive control,"No, not rude at all","No, not at all rude",Three times,"No, the person on the flight has no obligation to the person behind them","No, not rude at all",No,"No, not at all rude","No, not at all rude","No, not at all rude","Yes, somewhat rude","No, not at all rude","Yes, somewhat rude",Yes,No,Male,35,49000,Bachelor degree,East North Central
3433469104,Once a year or less,Always,69,No,The arm rests should be shared,The arm rests should be shared,The person in the window seat should have exclusive control,"No, not rude at all","No, not at all rude",Twice,"Yes, they should not recline their chair if the person behind them asks them not to","No, not rude at all",No,"Yes, somewhat rude","Yes, somewhat rude","Yes, somewhat rude","Yes, very rude","No, not at all rude","No, not at all rude",No,No,Male,19,15000,Bachelor degree,West South Central
3433481077,Once a year or less,Usually,69,No,The person in the middle seat gets both arm rests,Whoever puts their arm on the arm rest first,The person in the window seat should have exclusive control,"Yes, somewhat rude","Yes, somewhat rude",Twice,"Yes, they should not recline their chair if the person behind them asks them not to","Yes, somewhat rude",Yes,"No, not at all rude","No, not at all rude","Yes, very rude","Yes, very rude","Yes, somewhat rude","Yes, somewhat rude",Yes,No,Male,44,"",High school degree,Middle Atlantic
3433491130,Once a year or less,Never,66,No,Other (please specify),The arm rests should be shared,The person in the window seat should have exclusive control,"No, not rude at all","No, not at all rude",Three times,"Yes, they should not recline their chair if the person behind them asks them not to","No, not rude at all",No,"No, not at all rude","No, not at all rude","No, not at all rude","No, not at all rude","Yes, somewhat rude","Yes, very rude",Yes,No,Male,27,1000,High school degree,West South Central
3433498776,Once a year or less,Usually,71,No,The arm rests should be shared,The arm rests should be shared,Everyone in the row should have some say,"No, not rude at all","No, not at all rude",Three times,"No, the person on the flight has no obligation to the person behind them","No, not rude at all",No,"Yes, somewhat rude","Yes, somewhat rude","No, not at all rude","Yes, somewhat rude","Yes, somewhat rude","Yes, very rude",No,No,Male,42,115000,High school degree,South Atlantic
3433505616,Once a year or less,Never,67,No,The arm rests should be shared,The arm rests should be shared,Everyone in the row should have some say,"No, not rude at all","No, not at all rude",More than five times times,"Yes, they should not recline their chair if the person behind them asks them not to","Yes, somewhat rude",Yes,"No, not at all rude","No, not at all rude","No, not at all rude","No, not at all rude","No, not at all rude","Yes, somewhat rude",No,No,Male,31,146000,Bachelor degree,Middle Atlantic
3433508090,Once a year or less,Once in a while,68,No,Whoever puts their arm on the arm rest first,Whoever puts their arm on the arm rest first,The person in the window seat should have exclusive control,"No, not rude at all","No, not at all rude",Twice,"Yes, they should not recline their chair if the person behind them asks them not to","No, not rude at all",No,"No, not at all rude","No, not at all rude","No, not at all rude","Yes, somewhat rude","No, not at all rude","Yes, somewhat rude",No,No,Male,24,27000,Some college or Associate degree,Pacific
3433529889,Never,"","","","","","","","","","","","","","","","","","","","",Male,22,27000,Some college or Associate degree,Pacific
3433532135,Once a year or less,Always,76,No,Whoever puts their arm on the arm rest first,Whoever puts their arm on the arm rest first,The person in the window seat should have exclusive control,"No, not rude at all","No, not at all rude",Twice,"No, the person on the flight has no obligation to the person behind them","Yes, somewhat rude",Yes,"No, not at all rude","Yes, somewhat rude","Yes, somewhat rude","Yes, somewhat rude","Yes, somewhat rude","Yes, somewhat rude",No,No,Male,34,9000,Bachelor degree,East North Central
3433546426,Once a month or less,Once in a while,67,Yes,The arm rests should be shared,The arm rests should be shared,Everyone in the row should have some say,"No, not rude at all","No, not at all rude",Three times,"Yes, they should not recline their chair if the person behind them asks them not to","No, not rude at all",No,"No, not at all rude","No, not at all rude","Yes, somewhat rude","Yes, somewhat rude","No, not at all rude","Yes, somewhat rude",No,No,Male,39,129000,Graduate degree,West North Central
3433547088,Never,"","","","","","","","","","","","","","","","","","","","",Male,18,150000,Some college or Associate degree,Mountain
3433669889,Never,"","","","","","","","","","","","","","","","","","","","",Male,35,13000,Some college or Associate degree,East South Central
3433673902,Once a year or less,Once in a while,57,No,The arm rests should be shared,The arm rests should be shared,Everyone in the row should have some say,"No, not rude at all","Yes, somewhat rude",More than five times times,"Yes, they should not recline their chair if the person behind them asks them not to","Yes, somewhat rude",No,"Yes, somewhat rude","No, not at all rude","Yes, somewhat rude","Yes, very rude","Yes, very rude","Yes, very rude",No,No,Male,29,37000,Less than high school degree,South Atlantic
3433674116,Once a year or less,Never,70,No,The person in the middle seat gets both arm rests,The arm rests should be shared,Everyone in the row should have some say,"No, not rude at all","No, not at all rude",Once,"Yes, they should not recline their chair if the person behind them asks them not to","Yes, somewhat rude",Yes,"Yes, somewhat rude","Yes, somewhat rude","Yes, somewhat rude","Yes, very rude","No, not at all rude","No, not at all rude",No,No,Male,28,13000,Bachelor degree,East North Central
3433674615,Once a month or less,Once in a while,69,No,Whoever puts their arm on the arm rest first,Whoever puts their arm on the arm rest first,Everyone in the row should have some say,"No, not rude at all","No, not at all rude",Three times,"No, the person on the flight has no obligation to the person behind them","No, not rude at all",No,"No, not at all rude","No, not at all rude","No, not at all rude","Yes, somewhat rude","Yes, somewhat rude","Yes, very rude",No,No,Male,33,145000,Graduate degree,East North Central
3433675127,Once a year or less,Once in a while,76,No,The arm rests should be shared,The person in aisle,Everyone in the row should have some say,"No, not rude at all","No, not at all rude",Once,"Yes, they should not recline their chair if the person behind them asks them not to","No, not rude at all",No,"Yes, somewhat rude","No, not at all rude","Yes, somewhat rude","Yes, somewhat rude","Yes, somewhat rude","Yes, very rude",Yes,No,Male,38,84000,Some college or Associate degree,West South Central
3433682046,Once a year or less,Never,69,Yes,The arm rests should be shared,The arm rests should be shared,The person in the window seat should have exclusive control,"No, not rude at all","No, not at all rude",Twice,"Yes, they should not recline their chair if the person behind them asks them not to","No, not rude at all",No,"No, not at all rude","No, not at all rude","No, not at all rude","Yes, somewhat rude","No, not at all rude","Yes, somewhat rude",No,No,Male,32,103000,High school degree,Pacific
3433696677,Once a year or less,Usually,69,No,The arm rests should be shared,The arm rests should be shared,The person in the window seat should have exclusive control,"No, not rude at all","No, not at all rude",Twice,"Yes, they should not recline their chair if the person behind them asks them not to","No, not rude at all",No,"No, not at all rude","No, not at all rude","No, not at all rude","Yes, somewhat rude","No, not at all rude","Yes, somewhat rude",No,No,Male,33,99000,Bachelor degree,South Atlantic
3433702768,Once a year or less,Once in a while,67,No,The arm rests should be shared,The arm rests should be shared,Everyone in the row should have some say,"Yes, somewhat rude","Yes, somewhat rude",Twice,"Yes, they should not recline their chair if the person behind them asks them not to","Yes, somewhat rude",No,"No, not at all rude","No, not at all rude","No, not at all rude","Yes, somewhat rude","No, not at all rude","Yes, somewhat rude",No,No,Male,30,6000,Bachelor degree,Middle Atlantic
3433704267,Once a year or less,Always,69,No,Whoever puts their arm on the arm rest first,Whoever puts their arm on the arm rest first,The person in the window seat should have exclusive control,"Yes, somewhat rude","Yes, somewhat rude",Twice,"No, the person on the flight has no obligation to the person behind them","No, not rude at all",No,"","","","","","","","","","","","",""
3433766902,Once a month or less,Once in a while,68,No,The arm rests should be shared,The person in aisle,The person in the window seat should have exclusive control,"No, not rude at all","No, not at all rude",Twice,"Yes, they should not recline their chair if the person behind them asks them not to","Yes, somewhat rude",No,"No, not at all rude","Yes, somewhat rude","Yes, somewhat rude","Yes, very rude","No, not at all rude","Yes, somewhat rude",No,No,Male,23,127000,Some college or Associate degree,Pacific
3433791959,Once a month or less,Usually,74,No,The arm rests should be shared,The arm rests should be shared,Everyone in the row should have some say,"No, not rude at all","No, not at all rude",More than five times times,"No, the person on the flight has no obligation to the person behind them","No, not rude at all",No,"No, not at all rude","No, not at all rude","No, not at all rude","Yes, somewhat rude","No, not at all rude","No, not at all rude",Yes,No,Male,32,18000,Graduate degree,Pacific
3433809714,Once a year or less,Never,72,No,The arm rests should be shared,The arm rests should be shared,The person in the window seat should have exclusive control,"No, not rude at all","No, not at all rude",Twice,"Yes, they should not recline their chair if the person behind them asks them not to","Yes, somewhat rude",No,"No, not at all rude","No, not at all rude","No, not at all rude","Yes, somewhat rude","No, not at all rude","Yes, somewhat rude",No,No,Male,23,150000,Bachelor degree,East North Central
3433842253,Once a year or less,Never,70,No,Whoever puts their arm on the arm rest first,Whoever puts their arm on the arm rest first,The person in the window seat should have exclusive control,"No, not rude at all","Yes, somewhat rude",Twice,"Yes, they should not recline their chair if the person behind them asks them not to","Yes, very rude",Yes,"No, not at all rude","No, not at all rude","No, not at all rude","Yes, somewhat rude","Yes, somewhat rude","Yes, very rude",Yes,No,Male,43,150000,Graduate degree,South Atlantic
3433847365,Once a year or less,About half the time,73,Yes,The arm rests should be shared,The arm rests should be shared,Everyone in the row should have some say,"No, not rude at all","No, not at all rude",More than five times times,"Yes, they should not recline their chair if the person behind them asks them not to","No, not rude at all",No,"No, not at all rude","No, not at all rude","No, not at all rude","Yes, somewhat rude","No, not at all rude","Yes, somewhat rude",No,No,Male,36,50000,Bachelor degree,New England
3433853098,Once a year or less,Usually,70,No,The person in the middle seat gets both arm rests,The person in aisle,Everyone in the row should have some say,"Yes, somewhat rude","Yes, somewhat rude",Twice,"Yes, they should not recline their chair if the person behind them asks them not to","Yes, somewhat rude",Yes,"Yes, somewhat rude","Yes, somewhat rude","Yes, somewhat rude","Yes, somewhat rude","Yes, somewhat rude","Yes, somewhat rude",No,No,Male,42,85000,Graduate degree,West South Central
3433863512,Once a month or less,Usually,79,No,The arm rests should be shared,The arm rests should be shared,The person in the window seat should have exclusive control,"No, not rude at all","No, not at all rude",Three times,"No, the person on the flight has no obligation to the person behind them","No, not rude at all",No,"No, not at all rude","No, not at all rude","No, not at all rude","No, not at all rude","No, not at all rude","Yes, somewhat rude",Yes,No,Male,35,"",Graduate degree,Pacific
3433873724,Once a month or less,Once in a while,71,No,The arm rests should be shared,The arm rests should be shared,Everyone in the row should have some say,"Yes, somewhat rude","No, not at all rude",Twice,"No, the person on the flight has no obligation to the person behind them","No, not rude at all",No,"No, not at all rude","No, not at all rude","Yes, somewhat rude","Yes, somewhat rude","No, not at all rude","No, not at all rude",No,No,Male,19,49000,Bachelor degree,Pacific
3433877337,Once a month or less,Once in a while,74,No,The arm rests should be shared,The arm rests should be shared,The person in the window seat should have exclusive control,"No, not rude at all","No, not at all rude",Twice,"Yes, they should not recline their chair if the person behind them asks them not to","Yes, somewhat rude",Yes,"No, not at all rude","No, not at all rude","No, not at all rude","No, not at all rude","No, not at all rude","Yes, very rude",No,No,Male,32,91000,Bachelor degree,East North Central
3433877510,Once a year or less,Once in a while,73,No,The arm rests should be shared,The arm rests should be shared,The person in the window seat should have exclusive control,"No, not rude at all","No, not at all rude",Twice,"Yes, they should not recline their chair if the person behind them asks them not to","Yes, very rude",Yes,"No, not at all rude","No, not at all rude","No, not at all rude","Yes, somewhat rude","Yes, somewhat rude","Yes, very rude",Yes,No,Male,34,"",Graduate degree,East North Central
3433880747,Once a year or less,Once in a while,69,No,Whoever puts their arm on the arm rest first,Whoever puts their arm on the arm rest first,Everyone in the row should have some say,"No, not rude at all","No, not at all rude",More than five times times,"No, the person on the flight has no obligation to the person behind them","No, not rude at all",No,"No, not at all rude","No, not at all rude","No, not at all rude","No, not at all rude","No, not at all rude","No, not at all rude",No,No,Male,20,18000,Some college or Associate degree,Mountain
3433881615,A few times per month,Usually,67,No,The arm rests should be shared,The arm rests should be shared,Everyone in the row should have some say,"No, not rude at all","No, not at all rude",Three times,"Yes, they should not recline their chair if the person behind them asks them not to","No, not rude at all",No,"No, not at all rude","No, not at all rude","No, not at all rude","No, not at all rude","No, not at all rude","Yes, somewhat rude",No,No,Male,26,1000,Some college or Associate degree,West North Central
3433882884,Never,"","","","","","","","","","","","","","","","","","","","",Male,31,8000,Some college or Associate degree,East North Central
3433890093,Once a year or less,Always,72,No,Other (please specify),Other (please specify),The person in the window seat should have exclusive control,"No, not rude at all","No, not at all rude",More than five times times,"No, the person on the flight has no obligation to the person behind them","No, not rude at all",No,"No, not at all rude","No, not at all rude","No, not at all rude","No, not at all rude","No, not at all rude","Yes, somewhat rude",Yes,No,Male,18,2000,Bachelor degree,Pacific
3433895905,Once a year or less,Once in a while,70,Yes,Whoever puts their arm on the arm rest first,Whoever puts their arm on the arm rest first,The person in the window seat should have exclusive control,"No, not rude at all","Yes, somewhat rude",Twice,"Yes, they should not recline their chair if the person behind them asks them not to","No, not rude at all",No,"Yes, somewhat rude","Yes, somewhat rude","Yes, somewhat rude","Yes, somewhat rude","No, not at all rude","Yes, somewhat rude",No,No,Male,35,52000,Some college or Associate degree,South Atlantic
3433912503,Once a year or less,Never,72,No,The arm rests should be shared,The person in aisle,Everyone in the row should have some say,"No, not rude at all","Yes, somewhat rude",More than five times times,"Yes, they should not recline their chair if the person behind them asks them not to","No, not rude at all",No,"No, not at all rude","No, not at all rude","No, not at all rude","Yes, somewhat rude","Yes, somewhat rude","No, not at all rude",No,No,Male,25,16000,Some college or Associate degree,East North Central
3433914630,Once a year or less,Once in a while,76,No,Other (please specify),Other (please specify),The person in the window seat should have exclusive control,"No, not rude at all","Yes, somewhat rude",More than five times times,"Yes, they should not recline their chair if the person behind them asks them not to","Yes, somewhat rude",No,"Yes, somewhat rude","Yes, somewhat rude","Yes, somewhat rude","Yes, somewhat rude","Yes, somewhat rude","Yes, somewhat rude",No,No,Male,31,12000,Bachelor degree,Mountain
3433926438,A few times per month,About half the time,74,No,The arm rests should be shared,The arm rests should be shared,Everyone in the row should have some say,"No, not rude at all","No, not at all rude",More than five times times,"No, the person on the flight has no obligation to the person behind them","No, not rude at all",Yes,"No, not at all rude","No, not at all rude","No, not at all rude","No, not at all rude","No, not at all rude","No, not at all rude",No,No,Male,24,"",Graduate degree,South Atlantic
3433928804,Once a year or less,Once in a while,67,Yes,The arm rests should be shared,The arm rests should be shared,Everyone in the row should have some say,"No, not rude at all","Yes, somewhat rude",More than five times times,"Yes, they should not recline their chair if the person behind them asks them not to","Yes, very rude",No,"Yes, somewhat rude","Yes, somewhat rude","Yes, somewhat rude","Yes, very rude","No, not at all rude","Yes, very rude",No,No,Male,21,150000,Bachelor degree,South Atlantic
3433954490,Never,"","","","","","","","","","","","","","","","","","","","",Male,29,35000,Some college or Associate degree,East South Central
3433957540,Once a year or less,Never,67,No,The arm rests should be shared,The arm rests should be shared,Everyone in the row should have some say,"No, not rude at all","No, not at all rude",Three times,"Yes, they should not recline their chair if the person behind them asks them not to","Yes, somewhat rude",Yes,"No, not at all rude","No, not at all rude","No, not at all rude","No, not at all rude","No, not at all rude","No, not at all rude",Yes,No,Male,25,30000,Bachelor degree,Pacific
3433964124,Once a year or less,Once in a while,72,Yes,The arm rests should be shared,The arm rests should be shared,The person in the window seat should have exclusive control,"No, not rude at all","Yes, somewhat rude",Three times,"No, the person on the flight has no obligation to the person behind them","No, not rude at all",Yes,"No, not at all rude","No, not at all rude","No, not at all rude","No, not at all rude","No, not at all rude","No, not at all rude",No,No,Male,37,"",Bachelor degree,New England
3433964953,Once a year or less,Usually,65,No,The arm rests should be shared,The arm rests should be shared,The person in the window seat should have exclusive control,"Yes, somewhat rude","No, not at all rude",More than five times times,"No, the person on the flight has no obligation to the person behind them","Yes, somewhat rude",No,"Yes, somewhat rude","No, not at all rude","No, not at all rude","Yes, somewhat rude","Yes, somewhat rude","Yes, very rude",No,No,Male,23,21000,High school degree,Pacific
3433973110,Never,"","","","","","","","","","","","","","","","","","","","",Male,30,49000,Some college or Associate degree,West South Central
3433976285,Never,"","","","","","","","","","","","","","","","","","","","",Male,25,"",High school degree,South Atlantic
3434003093,Once a year or less,Once in a while,71,No,The arm rests should be shared,The arm rests should be shared,Everyone in the row should have some say,"Yes, somewhat rude","No, not at all rude",Twice,"Yes, they should not recline their chair if the person behind them asks them not to","Yes, somewhat rude",No,"Yes, somewhat rude","No, not at all rude","No, not at all rude","Yes, somewhat rude","No, not at all rude","Yes, somewhat rude",No,No,Male,20,50000,Some college or Associate degree,Pacific
3434003204,Once a year or less,About half the time,72,No,The arm rests should be shared,The arm rests should be shared,Everyone in the row should have some say,"No, not rude at all","No, not at all rude",Twice,"Yes, they should not recline their chair if the person behind them asks them not to","No, not rude at all",No,"Yes, somewhat rude","No, not at all rude","Yes, somewhat rude","Yes, somewhat rude","Yes, somewhat rude","Yes, somewhat rude",No,No,Male,21,9000,Bachelor degree,Pacific
3434009177,Once a year or less,Never,70,Yes,The arm rests should be shared,The arm rests should be shared,Everyone in the row should have some say,"No, not rude at all","No, not at all rude",Twice,"Yes, they should not recline their chair if the person behind them asks them not to","Yes, very rude",No,"No, not at all rude","No, not at all rude","Yes, somewhat rude","Yes, somewhat rude","No, not at all rude","Yes, very rude",No,No,Male,29,91000,Some college or Associate degree,Pacific
3434013636,Every day,Usually,67,Yes,Whoever puts their arm on the arm rest first,The person in aisle,The person in the window seat should have exclusive control,"Yes, somewhat rude","Yes, somewhat rude",Once,"No, the person on the flight has no obligation to the person behind them","Yes, very rude",Yes,"Yes, somewhat rude","Yes, somewhat rude","Yes, somewhat rude","Yes, somewhat rude","Yes, very rude","Yes, very rude",Yes,No,Male,21,5000,Some college or Associate degree,Pacific
3434016416,Once a year or less,Once in a while,74,Yes,The arm rests should be shared,The person by the window,Everyone in the row should have some say,"Yes, somewhat rude","No, not at all rude",Three times,"Yes, they should not recline their chair if the person behind them asks them not to","No, not rude at all",No,"Yes, somewhat rude","No, not at all rude","No, not at all rude","Yes, somewhat rude","No, not at all rude","Yes, somewhat rude",No,No,Male,30,62000,Bachelor degree,West South Central
3434018106,A few times per week,"","","","","","","","","","","","","","","","","","","","","","","","",""
3434024435,Once a year or less,Never,70,No,The arm rests should be shared,The person by the window,The person in the window seat should have exclusive control,"No, not rude at all","Yes, very rude",Four times,"Yes, they should not recline their chair if the person behind them asks them not to","Yes, somewhat rude",Yes,"No, not at all rude","No, not at all rude","No, not at all rude","No, not at all rude","Yes, very rude","Yes, very rude",No,No,Male,38,61000,Some college or Associate degree,South Atlantic
3434033301,Once a year or less,About half the time,71,No,The people in the aisle and window seats get both arm rests,The person in aisle,The person in the window seat should have exclusive control,"Yes, somewhat rude","No, not at all rude",Once,"Yes, they should not recline their chair if the person behind them asks them not to","Yes, somewhat rude",No,"Yes, very rude","Yes, somewhat rude","Yes, very rude","Yes, very rude","Yes, somewhat rude","Yes, very rude",No,No,Male,22,"",Bachelor degree,Middle Atlantic
3434041278,Once a year or less,Always,66,No,Other (please specify),Other (please specify),The person in the window seat should have exclusive control,"Yes, somewhat rude","No, not at all rude",Once,"No, the person on the flight has no obligation to the person behind them","No, not rude at all",No,"Yes, somewhat rude","Yes, somewhat rude","No, not at all rude","Yes, very rude","Yes, somewhat rude","Yes, very rude",No,No,Male,43,150000,Some college or Associate degree,Pacific
3434049700,Once a year or less,About half the time,74,No,The arm rests should be shared,The arm rests should be shared,Everyone in the row should have some say,"No, not rude at all","No, not at all rude",Four times,"Yes, they should not recline their chair if the person behind them asks them not to","No, not rude at all",No,"Yes, somewhat rude","Yes, somewhat rude","No, not at all rude","No, not at all rude","Yes, somewhat rude","Yes, very rude",Yes,No,Male,27,69000,Some college or Associate degree,West South Central
3434052290,Once a year or less,Once in a while,72,No,The arm rests should be shared,Whoever puts their arm on the arm rest first,Everyone in the row should have some say,"No, not rude at all","No, not at all rude",Twice,"Yes, they should not recline their chair if the person behind them asks them not to","No, not rude at all",No,"No, not at all rude","No, not at all rude","No, not at all rude","Yes, somewhat rude","No, not at all rude","Yes, very rude",No,No,Male,42,40000,Bachelor degree,East North Central
3434059758,Never,"","","","","","","","","","","","","","","","","","","","",Male,23,55000,Bachelor degree,Pacific
3434061256,Never,"","","","","","","","","","","","","","","","","","","","",Male,37,"",High school degree,Middle Atlantic
3434071488,Never,"","","","","","","","","","","","","","","","","","","","",Male,27,51000,Bachelor degree,Pacific
3434084098,Never,"","","","","","","","","","","","","","","","","","","","",Male,23,1000,Some college or Associate degree,East North Central
3434087928,Never,"","","","","","","","","","","","","","","","","","","","",Male,27,93000,Bachelor degree,East North Central
3434100967,Once a year or less,Once in a while,67,No,The arm rests should be shared,The arm rests should be shared,The person in the window seat should have exclusive control,"No, not rude at all","No, not at all rude",Twice,"No, the person on the flight has no obligation to the person behind them","No, not rude at all",No,"No, not at all rude","No, not at all rude","No, not at all rude","No, not at all rude","No, not at all rude","Yes, somewhat rude",No,No,Male,30,7000,Bachelor degree,East North Central
3434107997,Once a year or less,Never,70,No,The arm rests should be shared,The arm rests should be shared,Everyone in the row should have some say,"No, not rude at all","No, not at all rude",More than five times times,"Yes, they should not recline their chair if the person behind them asks them not to","Yes, very rude",Yes,"No, not at all rude","No, not at all rude","No, not at all rude","No, not at all rude","No, not at all rude","No, not at all rude",No,No,Male,19,45000,Bachelor degree,South Atlantic
3434109246,Once a year or less,"","","","","","","","","","","","","","","","","","","","","","","","",""
3434114105,Once a year or less,Once in a while,73,No,The arm rests should be shared,The arm rests should be shared,The person in the window seat should have exclusive control,"No, not rude at all","No, not at all rude",More than five times times,"Yes, they should not recline their chair if the person behind them asks them not to","Yes, somewhat rude",Yes,"No, not at all rude","No, not at all rude","No, not at all rude","No, not at all rude","No, not at all rude","No, not at all rude",Yes,No,Male,39,150000,Bachelor degree,West North Central
3434122066,Once a year or less,Always,68,Yes,The arm rests should be shared,The arm rests should be shared,Everyone in the row should have some say,"No, not rude at all","No, not at all rude",Once,"No, the person on the flight has no obligation to the person behind them","No, not rude at all",No,"No, not at all rude","No, not at all rude","Yes, somewhat rude","Yes, very rude","No, not at all rude","No, not at all rude",No,No,Male,38,142000,Some college or Associate degree,Middle Atlantic
3434125180,A few times per week,"","","","","","","","","","","","","","","","","","","","","","","","",""
3434131535,Once a year or less,Once in a while,72,No,The arm rests should be shared,The arm rests should be shared,Everyone in the row should have some say,"No, not rude at all","Yes, somewhat rude",Twice,"Yes, they should not recline their chair if the person behind them asks them not to","Yes, somewhat rude",No,"Yes, somewhat rude","No, not at all rude","No, not at all rude","Yes, somewhat rude","Yes, somewhat rude","Yes, very rude",No,No,Male,25,150000,Some college or Associate degree,East South Central
3434132453,Never,"","","","","","","","","","","","","","","","","","","","",Male,25,"",High school degree,South Atlantic
3434155493,Never,"","","","","","","","","","","","","","","","","","","","",Male,43,102000,Some college or Associate degree,Pacific
3434161941,Once a year or less,Never,67,"",The arm rests should be shared,The arm rests should be shared,The person in the window seat should have exclusive control,"Yes, somewhat rude","Yes, somewhat rude",Twice,"No, the person on the flight has no obligation to the person behind them","No, not rude at all",No,"","","","","","","","","","","","",""
3434164339,Once a year or less,"","","","","","","","","","","","","","","","","","","","","","","","",""
3434165659,Once a month or less,Usually,72,No,The arm rests should be shared,The arm rests should be shared,Everyone in the row should have some say,"Yes, very rude","No, not at all rude",Four times,"Yes, they should not recline their chair if the person behind them asks them not to","No, not rude at all",No,"No, not at all rude","No, not at all rude","Yes, somewhat rude","Yes, very rude","Yes, somewhat rude","Yes, very rude",No,No,Male,43,82000,High school degree,Mountain
3434172894,Once a year or less,Never,66,No,Other (please specify),Other (please specify),Everyone in the row should have some say,"Yes, very rude","Yes, very rude",It is not okay to get up during flight,"Yes, they should not recline their chair if the person behind them asks them not to","Yes, very rude",Yes,"Yes, very rude","Yes, very rude","Yes, very rude","Yes, very rude","Yes, very rude","Yes, very rude",No,No,Male,32,13000,Bachelor degree,Pacific
3434213681,Once a year or less,Once in a while,72,Yes,The arm rests should be shared,The arm rests should be shared,The person in the window seat should have exclusive control,"No, not rude at all","No, not at all rude",Four times,"Yes, they should not recline their chair if the person behind them asks them not to","No, not rude at all",Yes,"","","","","","","","","","","","",""
3434218031,Once a year or less,Once in a while,72,Yes,The arm rests should be shared,The arm rests should be shared,The person in the window seat should have exclusive control,"No, not rude at all","No, not at all rude",Four times,"Yes, they should not recline their chair if the person behind them asks them not to","No, not rude at all",Yes,"No, not at all rude","No, not at all rude","No, not at all rude","Yes, somewhat rude","Yes, somewhat rude","Yes, very rude",No,No,Male,35,18000,Bachelor degree,New England
3434235351,Once a month or less,Once in a while,74,Yes,The person in the middle seat gets both arm rests,Whoever puts their arm on the arm rest first,Everyone in the row should have some say,"No, not rude at all","Yes, somewhat rude",Twice,"No, the person on the flight has no obligation to the person behind them","Yes, somewhat rude",Yes,"Yes, somewhat rude","No, not at all rude","No, not at all rude","No, not at all rude","No, not at all rude","Yes, somewhat rude",No,No,Male,34,150000,Some college or Associate degree,Pacific
3434245875,Once a year or less,Usually,69,Yes,Whoever puts their arm on the arm rest first,Whoever puts their arm on the arm rest first,The person in the window seat should have exclusive control,"Yes, somewhat rude","No, not at all rude",Once,"Yes, they should not recline their chair if the person behind them asks them not to","No, not rude at all",No,"Yes, somewhat rude","No, not at all rude","Yes, somewhat rude","Yes, very rude","Yes, very rude","Yes, very rude",No,No,Male,30,47000,Graduate degree,East North Central
3434250245,Once a month or less,About half the time,67,No,The person in the middle seat gets both arm rests,The person in aisle,Everyone in the row should have some say,"No, not rude at all","No, not at all rude",Twice,"No, the person on the flight has no obligation to the person behind them","No, not rude at all",No,"No, not at all rude","No, not at all rude","Yes, somewhat rude","Yes, somewhat rude","Yes, somewhat rude","Yes, very rude",Yes,No,Male,35,58000,Bachelor degree,Pacific
3434268208,Once a year or less,Always,71,No,The arm rests should be shared,The arm rests should be shared,Everyone in the row should have some say,"No, not rude at all","No, not at all rude",Three times,"No, the person on the flight has no obligation to the person behind them","No, not rude at all",No,"Yes, somewhat rude","No, not at all rude","No, not at all rude","Yes, somewhat rude","Yes, somewhat rude","Yes, very rude",No,No,Male,44,19000,Bachelor degree,Pacific
3434275578,Once a year or less,Usually,68,No,Whoever puts their arm on the arm rest first,The arm rests should be shared,The person in the window seat should have exclusive control,"No, not rude at all","No, not at all rude",Three times,"Yes, they should not recline their chair if the person behind them asks them not to","No, not rude at all",No,"No, not at all rude","No, not at all rude","No, not at all rude","Yes, somewhat rude","Yes, somewhat rude","Yes, very rude",No,No,Male,37,105000,Bachelor degree,Pacific
3434278696,Once a year or less,About half the time,75,Yes,The arm rests should be shared,The arm rests should be shared,Everyone in the row should have some say,"No, not rude at all","No, not at all rude",Twice,"Yes, they should not recline their chair if the person behind them asks them not to","Yes, somewhat rude",No,"No, not at all rude","No, not at all rude","No, not at all rude","No, not at all rude","No, not at all rude","No, not at all rude",No,No,Male,43,"",Graduate degree,Pacific
3436139758,Once a year or less,"","","","","","","","","","","","","","","","","","","","","","","","",""
